{
"type": "FeatureCollection",
"name": "chainage_risk",
"crs": { "type": "name", "properties": { "name": "urn:ogc:def:crs:OGC:1.3:CRS84" } },
"features": [
{ "type": "Feature", "properties": { "chainage_m": 0, "segment_length_m": 100.0, "radius_m": 100000.0, "railway_crossing_score": 0, "railway_crossing_confidence": "high", "metro_interface_score": 0, "metro_interface_confidence": "high", "existing_elevated_structure_score": 3, "existing_elevated_structure_confidence": "high", "major_arterial_crossing_score": 0, "major_arterial_crossing_confidence": "high", "restricted_military_area_score": 0, "restricted_military_area_confidence": "low", "eht_line_crossing_score": 0, "eht_line_crossing_confidence": "low", "dam_check_structure_score": 0, "dam_check_structure_confidence": "medium", "curve_severity_score": 0, "curve_severity_confidence": "high", "irc86_min_radius_m": 150, "entry_exit_distance_to_arterial_m": 65.36636125274849, "entry_exit_feasibility_score": 0, "entry_exit_feasibility_confidence": "medium", "land_availability_frac_built": 0.0, "land_availability_score": 0, "land_availability_confidence": "high", "habitation_building_count": 0, "habitation_population_sum": 56953.34375, "habitation_proximity_score": 0, "habitation_proximity_confidence": "high", "hydraulic_sensitivity_index": 0.0, "hydraulic_sensitivity_confidence": "low", "composite_score": 0.25, "severity_band": "low", "robust_hotspot": false }, "geometry": { "type": "LineString", "coordinates": [ [ 75.790924376165719, 26.957440729634552 ], [ 75.790467407982362, 26.956636147358186 ] ] } },
{ "type": "Feature", "properties": { "chainage_m": 100, "segment_length_m": 100.0, "radius_m": 100000.0, "railway_crossing_score": 0, "railway_crossing_confidence": "high", "metro_interface_score": 0, "metro_interface_confidence": "high", "existing_elevated_structure_score": 3, "existing_elevated_structure_confidence": "high", "major_arterial_crossing_score": 0, "major_arterial_crossing_confidence": "high", "restricted_military_area_score": 0, "restricted_military_area_confidence": "low", "eht_line_crossing_score": 0, "eht_line_crossing_confidence": "low", "dam_check_structure_score": 0, "dam_check_structure_confidence": "medium", "curve_severity_score": 0, "curve_severity_confidence": "high", "irc86_min_radius_m": 150, "entry_exit_distance_to_arterial_m": 147.11991657423081, "entry_exit_feasibility_score": 0, "entry_exit_feasibility_confidence": "medium", "land_availability_frac_built": 0.0, "land_availability_score": 0, "land_availability_confidence": "high", "habitation_building_count": 0, "habitation_population_sum": 29067.38671875, "habitation_proximity_score": 0, "habitation_proximity_confidence": "high", "hydraulic_sensitivity_index": 3.5846148331361795e-06, "hydraulic_sensitivity_confidence": "low", "composite_score": 0.2500008961537083, "severity_band": "low", "robust_hotspot": false }, "geometry": { "type": "LineString", "coordinates": [ [ 75.790467407982362, 26.956636147358186 ], [ 75.790010446407123, 26.955831563368704 ] ] } },
{ "type": "Feature", "properties": { "chainage_m": 200, "segment_length_m": 100.0, "radius_m": 100000.0, "railway_crossing_score": 0, "railway_crossing_confidence": "high", "metro_interface_score": 0, "metro_interface_confidence": "high", "existing_elevated_structure_score": 0, "existing_elevated_structure_confidence": "high", "major_arterial_crossing_score": 0, "major_arterial_crossing_confidence": "high", "restricted_military_area_score": 0, "restricted_military_area_confidence": "low", "eht_line_crossing_score": 0, "eht_line_crossing_confidence": "low", "dam_check_structure_score": 0, "dam_check_structure_confidence": "medium", "curve_severity_score": 0, "curve_severity_confidence": "high", "irc86_min_radius_m": 150, "entry_exit_distance_to_arterial_m": 230.21078763152246, "entry_exit_feasibility_score": 0, "entry_exit_feasibility_confidence": "medium", "land_availability_frac_built": 0.0, "land_availability_score": 0, "land_availability_confidence": "high", "habitation_building_count": 0, "habitation_population_sum": 29067.38671875, "habitation_proximity_score": 0, "habitation_proximity_confidence": "high", "hydraulic_sensitivity_index": 3.5846148331361795e-06, "hydraulic_sensitivity_confidence": "low", "composite_score": 8.9615370828404476e-07, "severity_band": "low", "robust_hotspot": false }, "geometry": { "type": "LineString", "coordinates": [ [ 75.790010446407123, 26.955831563368704 ], [ 75.789553491439662, 26.955026977666286 ] ] } },
{ "type": "Feature", "properties": { "chainage_m": 300, "segment_length_m": 100.0, "radius_m": 100000.0, "railway_crossing_score": 0, "railway_crossing_confidence": "high", "metro_interface_score": 0, "metro_interface_confidence": "high", "existing_elevated_structure_score": 0, "existing_elevated_structure_confidence": "high", "major_arterial_crossing_score": 0, "major_arterial_crossing_confidence": "high", "restricted_military_area_score": 0, "restricted_military_area_confidence": "low", "eht_line_crossing_score": 0, "eht_line_crossing_confidence": "low", "dam_check_structure_score": 0, "dam_check_structure_confidence": "medium", "curve_severity_score": 0, "curve_severity_confidence": "high", "irc86_min_radius_m": 150, "entry_exit_distance_to_arterial_m": 313.30165868848303, "entry_exit_feasibility_score": 0, "entry_exit_feasibility_confidence": "medium", "land_availability_frac_built": 0.0, "land_availability_score": 0, "land_availability_confidence": "high", "habitation_building_count": 0, "habitation_population_sum": 29067.38671875, "habitation_proximity_score": 0, "habitation_proximity_confidence": "high", "hydraulic_sensitivity_index": 4.3015377997634157e-05, "hydraulic_sensitivity_confidence": "low", "composite_score": 1.0753844499408539e-05, "severity_band": "low", "robust_hotspot": false }, "geometry": { "type": "LineString", "coordinates": [ [ 75.789553491439662, 26.955026977666286 ], [ 75.789096543079566, 26.954222390251072 ] ] } },
{ "type": "Feature", "properties": { "chainage_m": 400, "segment_length_m": 100.0, "radius_m": 100000.0, "railway_crossing_score": 0, "railway_crossing_confidence": "high", "metro_interface_score": 0, "metro_interface_confidence": "high", "existing_elevated_structure_score": 0, "existing_elevated_structure_confidence": "high", "major_arterial_crossing_score": 0, "major_arterial_crossing_confidence": "high", "restricted_military_area_score": 0, "restricted_military_area_confidence": "low", "eht_line_crossing_score": 0, "eht_line_crossing_confidence": "low", "dam_check_structure_score": 0, "dam_check_structure_confidence": "medium", "curve_severity_score": 0, "curve_severity_confidence": "high", "irc86_min_radius_m": 150, "entry_exit_distance_to_arterial_m": 396.3925297457746, "entry_exit_feasibility_score": 0, "entry_exit_feasibility_confidence": "medium", "land_availability_frac_built": 0.0, "land_availability_score": 0, "land_availability_confidence": "high", "habitation_building_count": 0, "habitation_population_sum": 15143.4248046875, "habitation_proximity_score": 0, "habitation_proximity_confidence": "high", "hydraulic_sensitivity_index": 0.11083629064057067, "hydraulic_sensitivity_confidence": "low", "composite_score": 0.027709072660142667, "severity_band": "low", "robust_hotspot": false }, "geometry": { "type": "LineString", "coordinates": [ [ 75.789096543079566, 26.954222390251072 ], [ 75.78863960132648, 26.953417801123219 ] ] } },
{ "type": "Feature", "properties": { "chainage_m": 500, "segment_length_m": 100.0, "radius_m": 100000.0, "railway_crossing_score": 0, "railway_crossing_confidence": "high", "metro_interface_score": 0, "metro_interface_confidence": "high", "existing_elevated_structure_score": 0, "existing_elevated_structure_confidence": "high", "major_arterial_crossing_score": 0, "major_arterial_crossing_confidence": "high", "restricted_military_area_score": 0, "restricted_military_area_confidence": "low", "eht_line_crossing_score": 0, "eht_line_crossing_confidence": "low", "dam_check_structure_score": 0, "dam_check_structure_confidence": "medium", "curve_severity_score": 0, "curve_severity_confidence": "high", "irc86_min_radius_m": 150, "entry_exit_distance_to_arterial_m": 477.78949854691876, "entry_exit_feasibility_score": 0, "entry_exit_feasibility_confidence": "medium", "land_availability_frac_built": 0.0, "land_availability_score": 0, "land_availability_confidence": "high", "habitation_building_count": 0, "habitation_population_sum": 15143.4248046875, "habitation_proximity_score": 0, "habitation_proximity_confidence": "high", "hydraulic_sensitivity_index": 0.11083629064057067, "hydraulic_sensitivity_confidence": "low", "composite_score": 0.027709072660142667, "severity_band": "low", "robust_hotspot": false }, "geometry": { "type": "LineString", "coordinates": [ [ 75.78863960132648, 26.953417801123219 ], [ 75.78818266618002, 26.952613210282873 ] ] } },
{ "type": "Feature", "properties": { "chainage_m": 600, "segment_length_m": 100.0, "radius_m": 100000.0, "railway_crossing_score": 0, "railway_crossing_confidence": "high", "metro_interface_score": 0, "metro_interface_confidence": "high", "existing_elevated_structure_score": 0, "existing_elevated_structure_confidence": "high", "major_arterial_crossing_score": 0, "major_arterial_crossing_confidence": "high", "restricted_military_area_score": 0, "restricted_military_area_confidence": "low", "eht_line_crossing_score": 0, "eht_line_crossing_confidence": "low", "dam_check_structure_score": 0, "dam_check_structure_confidence": "medium", "curve_severity_score": 0, "curve_severity_confidence": "high", "irc86_min_radius_m": 150, "entry_exit_distance_to_arterial_m": 555.80865310712545, "entry_exit_feasibility_score": 0, "entry_exit_feasibility_confidence": "medium", "land_availability_frac_built": 0.0, "land_availability_score": 0, "land_availability_confidence": "high", "habitation_building_count": 0, "habitation_population_sum": 15143.4248046875, "habitation_proximity_score": 0, "habitation_proximity_confidence": "high", "hydraulic_sensitivity_index": 0.11083629064057067, "hydraulic_sensitivity_confidence": "low", "composite_score": 0.027709072660142667, "severity_band": "low", "robust_hotspot": false }, "geometry": { "type": "LineString", "coordinates": [ [ 75.78818266618002, 26.952613210282873 ], [ 75.787725737639832, 26.951808617730208 ] ] } },
{ "type": "Feature", "properties": { "chainage_m": 700, "segment_length_m": 100.0, "radius_m": 100000.0, "railway_crossing_score": 0, "railway_crossing_confidence": "high", "metro_interface_score": 0, "metro_interface_confidence": "high", "existing_elevated_structure_score": 3, "existing_elevated_structure_confidence": "high", "major_arterial_crossing_score": 0, "major_arterial_crossing_confidence": "high", "restricted_military_area_score": 0, "restricted_military_area_confidence": "low", "eht_line_crossing_score": 0, "eht_line_crossing_confidence": "low", "dam_check_structure_score": 0, "dam_check_structure_confidence": "medium", "curve_severity_score": 0, "curve_severity_confidence": "high", "irc86_min_radius_m": 150, "entry_exit_distance_to_arterial_m": 636.79705062834876, "entry_exit_feasibility_score": 0, "entry_exit_feasibility_confidence": "medium", "land_availability_frac_built": 0.0, "land_availability_score": 0, "land_availability_confidence": "high", "habitation_building_count": 0, "habitation_population_sum": 15143.4248046875, "habitation_proximity_score": 0, "habitation_proximity_confidence": "high", "hydraulic_sensitivity_index": 0.11083629064057067, "hydraulic_sensitivity_confidence": "low", "composite_score": 0.27770907266014266, "severity_band": "low", "robust_hotspot": false }, "geometry": { "type": "LineString", "coordinates": [ [ 75.787725737639832, 26.951808617730208 ], [ 75.787268815705545, 26.951004023465373 ] ] } },
{ "type": "Feature", "properties": { "chainage_m": 800, "segment_length_m": 100.0, "radius_m": 4130.9231100033003, "railway_crossing_score": 0, "railway_crossing_confidence": "high", "metro_interface_score": 0, "metro_interface_confidence": "high", "existing_elevated_structure_score": 3, "existing_elevated_structure_confidence": "high", "major_arterial_crossing_score": 0, "major_arterial_crossing_confidence": "high", "restricted_military_area_score": 0, "restricted_military_area_confidence": "low", "eht_line_crossing_score": 0, "eht_line_crossing_confidence": "low", "dam_check_structure_score": 0, "dam_check_structure_confidence": "medium", "curve_severity_score": 0, "curve_severity_confidence": "high", "irc86_min_radius_m": 150, "entry_exit_distance_to_arterial_m": 720.5715872282708, "entry_exit_feasibility_score": 0, "entry_exit_feasibility_confidence": "medium", "land_availability_frac_built": 0.0, "land_availability_score": 0, "land_availability_confidence": "high", "habitation_building_count": 0, "habitation_population_sum": 29421.2265625, "habitation_proximity_score": 0, "habitation_proximity_confidence": "high", "hydraulic_sensitivity_index": 0.11433129010287844, "hydraulic_sensitivity_confidence": "low", "composite_score": 0.27858282252571959, "severity_band": "low", "robust_hotspot": false }, "geometry": { "type": "LineString", "coordinates": [ [ 75.787268815705545, 26.951004023465373 ], [ 75.786962273494197, 26.950464225517308 ], [ 75.787027725949329, 26.950346361952789 ], [ 75.786870237237281, 26.950259998555001 ] ] } },
{ "type": "Feature", "properties": { "chainage_m": 900, "segment_length_m": 100.0, "radius_m": 169.04470647577699, "railway_crossing_score": 0, "railway_crossing_confidence": "high", "metro_interface_score": 0, "metro_interface_confidence": "high", "existing_elevated_structure_score": 3, "existing_elevated_structure_confidence": "high", "major_arterial_crossing_score": 0, "major_arterial_crossing_confidence": "high", "restricted_military_area_score": 0, "restricted_military_area_confidence": "low", "eht_line_crossing_score": 0, "eht_line_crossing_confidence": "low", "dam_check_structure_score": 0, "dam_check_structure_confidence": "medium", "curve_severity_score": 0, "curve_severity_confidence": "high", "irc86_min_radius_m": 150, "entry_exit_distance_to_arterial_m": 797.1944158460791, "entry_exit_feasibility_score": 0, "entry_exit_feasibility_confidence": "medium", "land_availability_frac_built": 0.0, "land_availability_score": 0, "land_availability_confidence": "high", "habitation_building_count": 0, "habitation_population_sum": 29421.2265625, "habitation_proximity_score": 0, "habitation_proximity_confidence": "high", "hydraulic_sensitivity_index": 0.11433129010287844, "hydraulic_sensitivity_confidence": "low", "composite_score": 0.27858282252571959, "severity_band": "low", "robust_hotspot": false }, "geometry": { "type": "LineString", "coordinates": [ [ 75.786870237237281, 26.950259998555001 ], [ 75.786010958220629, 26.949788783059979 ] ] } },
{ "type": "Feature", "properties": { "chainage_m": 1000, "segment_length_m": 100.0, "radius_m": 100000.0, "railway_crossing_score": 0, "railway_crossing_confidence": "high", "metro_interface_score": 0, "metro_interface_confidence": "high", "existing_elevated_structure_score": 3, "existing_elevated_structure_confidence": "high", "major_arterial_crossing_score": 0, "major_arterial_crossing_confidence": "high", "restricted_military_area_score": 0, "restricted_military_area_confidence": "low", "eht_line_crossing_score": 0, "eht_line_crossing_confidence": "low", "dam_check_structure_score": 0, "dam_check_structure_confidence": "medium", "curve_severity_score": 0, "curve_severity_confidence": "high", "irc86_min_radius_m": 150, "entry_exit_distance_to_arterial_m": 897.15896885907057, "entry_exit_feasibility_score": 0, "entry_exit_feasibility_confidence": "medium", "land_availability_frac_built": 0.0, "land_availability_score": 0, "land_availability_confidence": "high", "habitation_building_count": 0, "habitation_population_sum": 29421.2265625, "habitation_proximity_score": 0, "habitation_proximity_confidence": "high", "hydraulic_sensitivity_index": 0.11433129010287844, "hydraulic_sensitivity_confidence": "low", "composite_score": 0.27858282252571959, "severity_band": "low", "robust_hotspot": false }, "geometry": { "type": "LineString", "coordinates": [ [ 75.786010958220629, 26.949788783059979 ], [ 75.785151686264413, 26.949317562144056 ] ] } },
{ "type": "Feature", "properties": { "chainage_m": 1100, "segment_length_m": 100.0, "radius_m": 100000.0, "railway_crossing_score": 0, "railway_crossing_confidence": "high", "metro_interface_score": 0, "metro_interface_confidence": "high", "existing_elevated_structure_score": 3, "existing_elevated_structure_confidence": "high", "major_arterial_crossing_score": 0, "major_arterial_crossing_confidence": "high", "restricted_military_area_score": 0, "restricted_military_area_confidence": "low", "eht_line_crossing_score": 0, "eht_line_crossing_confidence": "low", "dam_check_structure_score": 0, "dam_check_structure_confidence": "medium", "curve_severity_score": 0, "curve_severity_confidence": "high", "irc86_min_radius_m": 150, "entry_exit_distance_to_arterial_m": 873.19980162476111, "entry_exit_feasibility_score": 0, "entry_exit_feasibility_confidence": "medium", "land_availability_frac_built": 0.0, "land_availability_score": 0, "land_availability_confidence": "high", "habitation_building_count": 0, "habitation_population_sum": 29421.2265625, "habitation_proximity_score": 0, "habitation_proximity_confidence": "high", "hydraulic_sensitivity_index": 0.11433129010287844, "hydraulic_sensitivity_confidence": "low", "composite_score": 0.27858282252571959, "severity_band": "low", "robust_hotspot": false }, "geometry": { "type": "LineString", "coordinates": [ [ 75.785151686264413, 26.949317562144056 ], [ 75.784292421368633, 26.948846335807552 ] ] } },
{ "type": "Feature", "properties": { "chainage_m": 1200, "segment_length_m": 100.0, "radius_m": 100000.0, "railway_crossing_score": 0, "railway_crossing_confidence": "high", "metro_interface_score": 0, "metro_interface_confidence": "high", "existing_elevated_structure_score": 3, "existing_elevated_structure_confidence": "high", "major_arterial_crossing_score": 0, "major_arterial_crossing_confidence": "high", "restricted_military_area_score": 0, "restricted_military_area_confidence": "low", "eht_line_crossing_score": 0, "eht_line_crossing_confidence": "low", "dam_check_structure_score": 0, "dam_check_structure_confidence": "medium", "curve_severity_score": 0, "curve_severity_confidence": "high", "irc86_min_radius_m": 150, "entry_exit_distance_to_arterial_m": 824.10992903004581, "entry_exit_feasibility_score": 0, "entry_exit_feasibility_confidence": "medium", "land_availability_frac_built": 0.0, "land_availability_score": 0, "land_availability_confidence": "high", "habitation_building_count": 0, "habitation_population_sum": 29421.2265625, "habitation_proximity_score": 0, "habitation_proximity_confidence": "high", "hydraulic_sensitivity_index": 0.11433129010287844, "hydraulic_sensitivity_confidence": "low", "composite_score": 0.27858282252571959, "severity_band": "low", "robust_hotspot": false }, "geometry": { "type": "LineString", "coordinates": [ [ 75.784292421368633, 26.948846335807552 ], [ 75.783433163533218, 26.948375104050779 ] ] } },
{ "type": "Feature", "properties": { "chainage_m": 1300, "segment_length_m": 100.0, "radius_m": 100000.0, "railway_crossing_score": 0, "railway_crossing_confidence": "high", "metro_interface_score": 0, "metro_interface_confidence": "high", "existing_elevated_structure_score": 0, "existing_elevated_structure_confidence": "high", "major_arterial_crossing_score": 0, "major_arterial_crossing_confidence": "high", "restricted_military_area_score": 0, "restricted_military_area_confidence": "low", "eht_line_crossing_score": 0, "eht_line_crossing_confidence": "low", "dam_check_structure_score": 0, "dam_check_structure_confidence": "medium", "curve_severity_score": 0, "curve_severity_confidence": "high", "irc86_min_radius_m": 150, "entry_exit_distance_to_arterial_m": 783.57498550545245, "entry_exit_feasibility_score": 0, "entry_exit_feasibility_confidence": "medium", "land_availability_frac_built": 0.0, "land_availability_score": 0, "land_availability_confidence": "high", "habitation_building_count": 0, "habitation_population_sum": 29547.21875, "habitation_proximity_score": 0, "habitation_proximity_confidence": "high", "hydraulic_sensitivity_index": 0.11433129010287844, "hydraulic_sensitivity_confidence": "low", "composite_score": 0.028582822525719611, "severity_band": "low", "robust_hotspot": false }, "geometry": { "type": "LineString", "coordinates": [ [ 75.783433163533218, 26.948375104050779 ], [ 75.78257391275821, 26.947903866874057 ] ] } },
{ "type": "Feature", "properties": { "chainage_m": 1400, "segment_length_m": 100.0, "radius_m": 100000.0, "railway_crossing_score": 0, "railway_crossing_confidence": "high", "metro_interface_score": 0, "metro_interface_confidence": "high", "existing_elevated_structure_score": 0, "existing_elevated_structure_confidence": "high", "major_arterial_crossing_score": 0, "major_arterial_crossing_confidence": "high", "restricted_military_area_score": 0, "restricted_military_area_confidence": "low", "eht_line_crossing_score": 0, "eht_line_crossing_confidence": "low", "dam_check_structure_score": 0, "dam_check_structure_confidence": "medium", "curve_severity_score": 0, "curve_severity_confidence": "high", "irc86_min_radius_m": 150, "entry_exit_distance_to_arterial_m": 754.20311633792164, "entry_exit_feasibility_score": 0, "entry_exit_feasibility_confidence": "medium", "land_availability_frac_built": 0.0, "land_availability_score": 0, "land_availability_confidence": "high", "habitation_building_count": 0, "habitation_population_sum": 29547.21875, "habitation_proximity_score": 0, "habitation_proximity_confidence": "high", "hydraulic_sensitivity_index": 0.11433129010287844, "hydraulic_sensitivity_confidence": "low", "composite_score": 0.028582822525719611, "severity_band": "low", "robust_hotspot": false }, "geometry": { "type": "LineString", "coordinates": [ [ 75.78257391275821, 26.947903866874057 ], [ 75.781714669043524, 26.947432624277692 ] ] } },
{ "type": "Feature", "properties": { "chainage_m": 1500, "segment_length_m": 100.0, "radius_m": 100000.0, "railway_crossing_score": 0, "railway_crossing_confidence": "high", "metro_interface_score": 0, "metro_interface_confidence": "high", "existing_elevated_structure_score": 0, "existing_elevated_structure_confidence": "high", "major_arterial_crossing_score": 0, "major_arterial_crossing_confidence": "high", "restricted_military_area_score": 0, "restricted_military_area_confidence": "low", "eht_line_crossing_score": 0, "eht_line_crossing_confidence": "low", "dam_check_structure_score": 0, "dam_check_structure_confidence": "medium", "curve_severity_score": 0, "curve_severity_confidence": "high", "irc86_min_radius_m": 150, "entry_exit_distance_to_arterial_m": 734.50338194052063, "entry_exit_feasibility_score": 0, "entry_exit_feasibility_confidence": "medium", "land_availability_frac_built": 0.0, "land_availability_score": 0, "land_availability_confidence": "high", "habitation_building_count": 0, "habitation_population_sum": 29547.21875, "habitation_proximity_score": 0, "habitation_proximity_confidence": "high", "hydraulic_sensitivity_index": 0.11433129010287844, "hydraulic_sensitivity_confidence": "low", "composite_score": 0.028582822525719611, "severity_band": "low", "robust_hotspot": false }, "geometry": { "type": "LineString", "coordinates": [ [ 75.781714669043524, 26.947432624277692 ], [ 75.780855432389146, 26.946961376262021 ] ] } },
{ "type": "Feature", "properties": { "chainage_m": 1600, "segment_length_m": 100.0, "radius_m": 588.57491973245101, "railway_crossing_score": 0, "railway_crossing_confidence": "high", "metro_interface_score": 0, "metro_interface_confidence": "high", "existing_elevated_structure_score": 0, "existing_elevated_structure_confidence": "high", "major_arterial_crossing_score": 0, "major_arterial_crossing_confidence": "high", "restricted_military_area_score": 0, "restricted_military_area_confidence": "low", "eht_line_crossing_score": 0, "eht_line_crossing_confidence": "low", "dam_check_structure_score": 0, "dam_check_structure_confidence": "medium", "curve_severity_score": 0, "curve_severity_confidence": "high", "irc86_min_radius_m": 150, "entry_exit_distance_to_arterial_m": 674.1602172457707, "entry_exit_feasibility_score": 0, "entry_exit_feasibility_confidence": "medium", "land_availability_frac_built": 0.0, "land_availability_score": 0, "land_availability_confidence": "high", "habitation_building_count": 0, "habitation_population_sum": 15269.4150390625, "habitation_proximity_score": 0, "habitation_proximity_confidence": "high", "hydraulic_sensitivity_index": 0.11433129010287844, "hydraulic_sensitivity_confidence": "low", "composite_score": 0.028582822525719611, "severity_band": "low", "robust_hotspot": false }, "geometry": { "type": "LineString", "coordinates": [ [ 75.780855432389146, 26.946961376262021 ], [ 75.780162672656857, 26.946581425685377 ], [ 75.780142064097205, 26.946407491723463 ] ] } },
{ "type": "Feature", "properties": { "chainage_m": 1700, "segment_length_m": 100.0, "radius_m": 132.03605030408065, "railway_crossing_score": 0, "railway_crossing_confidence": "high", "metro_interface_score": 0, "metro_interface_confidence": "high", "existing_elevated_structure_score": 0, "existing_elevated_structure_confidence": "high", "major_arterial_crossing_score": 0, "major_arterial_crossing_confidence": "high", "restricted_military_area_score": 0, "restricted_military_area_confidence": "low", "eht_line_crossing_score": 0, "eht_line_crossing_confidence": "low", "dam_check_structure_score": 0, "dam_check_structure_confidence": "medium", "curve_severity_score": 3, "curve_severity_confidence": "high", "irc86_min_radius_m": 150, "entry_exit_distance_to_arterial_m": 627.04765426854522, "entry_exit_feasibility_score": 0, "entry_exit_feasibility_confidence": "medium", "land_availability_frac_built": 0.0, "land_availability_score": 0, "land_availability_confidence": "high", "habitation_building_count": 0, "habitation_population_sum": 15269.4150390625, "habitation_proximity_score": 0, "habitation_proximity_confidence": "high", "hydraulic_sensitivity_index": 0.11433129010287844, "hydraulic_sensitivity_confidence": "low", "composite_score": 0.27858282252571959, "severity_band": "low", "robust_hotspot": false }, "geometry": { "type": "LineString", "coordinates": [ [ 75.780142064097205, 26.946407491723463 ], [ 75.78003569505664, 26.945509739219411 ] ] } },
{ "type": "Feature", "properties": { "chainage_m": 1800, "segment_length_m": 100.0, "radius_m": 100000.0, "railway_crossing_score": 0, "railway_crossing_confidence": "high", "metro_interface_score": 0, "metro_interface_confidence": "high", "existing_elevated_structure_score": 0, "existing_elevated_structure_confidence": "high", "major_arterial_crossing_score": 0, "major_arterial_crossing_confidence": "high", "restricted_military_area_score": 0, "restricted_military_area_confidence": "low", "eht_line_crossing_score": 0, "eht_line_crossing_confidence": "low", "dam_check_structure_score": 0, "dam_check_structure_confidence": "medium", "curve_severity_score": 0, "curve_severity_confidence": "high", "irc86_min_radius_m": 150, "entry_exit_distance_to_arterial_m": 531.4735244805106, "entry_exit_feasibility_score": 0, "entry_exit_feasibility_confidence": "medium", "land_availability_frac_built": 0.0, "land_availability_score": 0, "land_availability_confidence": "high", "habitation_building_count": 0, "habitation_population_sum": 15269.4150390625, "habitation_proximity_score": 0, "habitation_proximity_confidence": "high", "hydraulic_sensitivity_index": 0.11433129010287844, "hydraulic_sensitivity_confidence": "low", "composite_score": 0.028582822525719611, "severity_band": "low", "robust_hotspot": false }, "geometry": { "type": "LineString", "coordinates": [ [ 75.78003569505664, 26.945509739219411 ], [ 75.779929327890073, 26.944611986485686 ] ] } },
{ "type": "Feature", "properties": { "chainage_m": 1900, "segment_length_m": 100.0, "radius_m": 100000.0, "railway_crossing_score": 0, "railway_crossing_confidence": "high", "metro_interface_score": 0, "metro_interface_confidence": "high", "existing_elevated_structure_score": 0, "existing_elevated_structure_confidence": "high", "major_arterial_crossing_score": 0, "major_arterial_crossing_confidence": "high", "restricted_military_area_score": 0, "restricted_military_area_confidence": "low", "eht_line_crossing_score": 0, "eht_line_crossing_confidence": "low", "dam_check_structure_score": 0, "dam_check_structure_confidence": "medium", "curve_severity_score": 0, "curve_severity_confidence": "high", "irc86_min_radius_m": 150, "entry_exit_distance_to_arterial_m": 431.47682325508919, "entry_exit_feasibility_score": 0, "entry_exit_feasibility_confidence": "medium", "land_availability_frac_built": 0.0, "land_availability_score": 0, "land_availability_confidence": "high", "habitation_building_count": 0, "habitation_population_sum": 15269.4150390625, "habitation_proximity_score": 0, "habitation_proximity_confidence": "high", "hydraulic_sensitivity_index": 0.11433129010287844, "hydraulic_sensitivity_confidence": "low", "composite_score": 0.028582822525719611, "severity_band": "low", "robust_hotspot": false }, "geometry": { "type": "LineString", "coordinates": [ [ 75.779929327890073, 26.944611986485686 ], [ 75.779822962597365, 26.9437142335223 ] ] } },
{ "type": "Feature", "properties": { "chainage_m": 2000, "segment_length_m": 100.0, "radius_m": 100000.0, "railway_crossing_score": 0, "railway_crossing_confidence": "high", "metro_interface_score": 0, "metro_interface_confidence": "high", "existing_elevated_structure_score": 0, "existing_elevated_structure_confidence": "high", "major_arterial_crossing_score": 0, "major_arterial_crossing_confidence": "high", "restricted_military_area_score": 0, "restricted_military_area_confidence": "low", "eht_line_crossing_score": 0, "eht_line_crossing_confidence": "low", "dam_check_structure_score": 0, "dam_check_structure_confidence": "medium", "curve_severity_score": 0, "curve_severity_confidence": "high", "irc86_min_radius_m": 150, "entry_exit_distance_to_arterial_m": 331.48211232111959, "entry_exit_feasibility_score": 0, "entry_exit_feasibility_confidence": "medium", "land_availability_frac_built": 0.0, "land_availability_score": 0, "land_availability_confidence": "high", "habitation_building_count": 0, "habitation_population_sum": 15269.4150390625, "habitation_proximity_score": 0, "habitation_proximity_confidence": "high", "hydraulic_sensitivity_index": 0.11433129010287844, "hydraulic_sensitivity_confidence": "low", "composite_score": 0.028582822525719611, "severity_band": "low", "robust_hotspot": false }, "geometry": { "type": "LineString", "coordinates": [ [ 75.779822962597365, 26.9437142335223 ], [ 75.7797165991784, 26.94281648032927 ] ] } },
{ "type": "Feature", "properties": { "chainage_m": 2100, "segment_length_m": 100.0, "radius_m": 100000.0, "railway_crossing_score": 0, "railway_crossing_confidence": "high", "metro_interface_score": 0, "metro_interface_confidence": "high", "existing_elevated_structure_score": 0, "existing_elevated_structure_confidence": "high", "major_arterial_crossing_score": 0, "major_arterial_crossing_confidence": "high", "restricted_military_area_score": 0, "restricted_military_area_confidence": "low", "eht_line_crossing_score": 0, "eht_line_crossing_confidence": "low", "dam_check_structure_score": 0, "dam_check_structure_confidence": "medium", "curve_severity_score": 0, "curve_severity_confidence": "high", "irc86_min_radius_m": 150, "entry_exit_distance_to_arterial_m": 231.49197085739172, "entry_exit_feasibility_score": 0, "entry_exit_feasibility_confidence": "medium", "land_availability_frac_built": 0.0, "land_availability_score": 0, "land_availability_confidence": "high", "habitation_building_count": 0, "habitation_population_sum": 26671.1015625, "habitation_proximity_score": 0, "habitation_proximity_confidence": "high", "hydraulic_sensitivity_index": 0.11433129010287844, "hydraulic_sensitivity_confidence": "low", "composite_score": 0.028582822525719611, "severity_band": "low", "robust_hotspot": false }, "geometry": { "type": "LineString", "coordinates": [ [ 75.7797165991784, 26.94281648032927 ], [ 75.779610237633051, 26.9419187269066 ] ] } },
{ "type": "Feature", "properties": { "chainage_m": 2200, "segment_length_m": 100.0, "radius_m": 100000.0, "railway_crossing_score": 0, "railway_crossing_confidence": "high", "metro_interface_score": 0, "metro_interface_confidence": "high", "existing_elevated_structure_score": 0, "existing_elevated_structure_confidence": "high", "major_arterial_crossing_score": 0, "major_arterial_crossing_confidence": "high", "restricted_military_area_score": 0, "restricted_military_area_confidence": "low", "eht_line_crossing_score": 0, "eht_line_crossing_confidence": "low", "dam_check_structure_score": 0, "dam_check_structure_confidence": "medium", "curve_severity_score": 0, "curve_severity_confidence": "high", "irc86_min_radius_m": 150, "entry_exit_distance_to_arterial_m": 131.51682156291585, "entry_exit_feasibility_score": 0, "entry_exit_feasibility_confidence": "medium", "land_availability_frac_built": 0.0, "land_availability_score": 0, "land_availability_confidence": "high", "habitation_building_count": 1, "habitation_population_sum": 26671.1015625, "habitation_proximity_score": 1, "habitation_proximity_confidence": "high", "hydraulic_sensitivity_index": 0.11433129010287844, "hydraulic_sensitivity_confidence": "low", "composite_score": 0.11191615585905294, "severity_band": "low", "robust_hotspot": false }, "geometry": { "type": "LineString", "coordinates": [ [ 75.779610237633051, 26.9419187269066 ], [ 75.779503877961204, 26.941020973254304 ] ] } },
{ "type": "Feature", "properties": { "chainage_m": 2300, "segment_length_m": 100.0, "radius_m": 1221.5353806649998, "railway_crossing_score": 0, "railway_crossing_confidence": "high", "metro_interface_score": 0, "metro_interface_confidence": "high", "existing_elevated_structure_score": 3, "existing_elevated_structure_confidence": "high", "major_arterial_crossing_score": 3, "major_arterial_crossing_confidence": "high", "restricted_military_area_score": 0, "restricted_military_area_confidence": "low", "eht_line_crossing_score": 0, "eht_line_crossing_confidence": "low", "dam_check_structure_score": 0, "dam_check_structure_confidence": "medium", "curve_severity_score": 0, "curve_severity_confidence": "high", "irc86_min_radius_m": 150, "entry_exit_distance_to_arterial_m": 38.248136298020064, "entry_exit_feasibility_score": 0, "entry_exit_feasibility_confidence": "medium", "land_availability_frac_built": 0.100207220001686, "land_availability_score": 0, "land_availability_confidence": "high", "habitation_building_count": 1, "habitation_population_sum": 26671.1015625, "habitation_proximity_score": 1, "habitation_proximity_confidence": "high", "hydraulic_sensitivity_index": 0.11433129010287844, "hydraulic_sensitivity_confidence": "low", "composite_score": 0.61191615585905301, "severity_band": "medium", "robust_hotspot": false }, "geometry": { "type": "LineString", "coordinates": [ [ 75.779503877961204, 26.941020973254304 ], [ 75.779405633170654, 26.940191700899543 ], [ 75.779478947597397, 26.940171085469725 ] ] } },
{ "type": "Feature", "properties": { "chainage_m": 2400, "segment_length_m": 100.0, "radius_m": 80.600181727548659, "railway_crossing_score": 0, "railway_crossing_confidence": "high", "metro_interface_score": 0, "metro_interface_confidence": "high", "existing_elevated_structure_score": 3, "existing_elevated_structure_confidence": "high", "major_arterial_crossing_score": 3, "major_arterial_crossing_confidence": "high", "restricted_military_area_score": 0, "restricted_military_area_confidence": "low", "eht_line_crossing_score": 0, "eht_line_crossing_confidence": "low", "dam_check_structure_score": 0, "dam_check_structure_confidence": "medium", "curve_severity_score": 3, "curve_severity_confidence": "high", "irc86_min_radius_m": 150, "entry_exit_distance_to_arterial_m": 18.328158749019309, "entry_exit_feasibility_score": 0, "entry_exit_feasibility_confidence": "medium", "land_availability_frac_built": 0.15515367471212491, "land_availability_score": 0, "land_availability_confidence": "high", "habitation_building_count": 2, "habitation_population_sum": 11401.6865234375, "habitation_proximity_score": 1, "habitation_proximity_confidence": "high", "hydraulic_sensitivity_index": 0.11433129010287844, "hydraulic_sensitivity_confidence": "low", "composite_score": 0.86191615585905301, "severity_band": "high", "robust_hotspot": false }, "geometry": { "type": "LineString", "coordinates": [ [ 75.779478947597397, 26.940171085469725 ], [ 75.780440055606491, 26.939900825398993 ] ] } },
{ "type": "Feature", "properties": { "chainage_m": 2500, "segment_length_m": 100.0, "radius_m": 100000.0, "railway_crossing_score": 0, "railway_crossing_confidence": "high", "metro_interface_score": 0, "metro_interface_confidence": "high", "existing_elevated_structure_score": 3, "existing_elevated_structure_confidence": "high", "major_arterial_crossing_score": 3, "major_arterial_crossing_confidence": "high", "restricted_military_area_score": 0, "restricted_military_area_confidence": "low", "eht_line_crossing_score": 0, "eht_line_crossing_confidence": "low", "dam_check_structure_score": 3, "dam_check_structure_confidence": "medium", "curve_severity_score": 0, "curve_severity_confidence": "high", "irc86_min_radius_m": 150, "entry_exit_distance_to_arterial_m": 0.0, "entry_exit_feasibility_score": 0, "entry_exit_feasibility_confidence": "medium", "land_availability_frac_built": 0.081431211279177101, "land_availability_score": 0, "land_availability_confidence": "high", "habitation_building_count": 3, "habitation_population_sum": 28284.1484375, "habitation_proximity_score": 1, "habitation_proximity_confidence": "high", "hydraulic_sensitivity_index": 0.11433129010287844, "hydraulic_sensitivity_confidence": "low", "composite_score": 0.86191615585905301, "severity_band": "high", "robust_hotspot": false }, "geometry": { "type": "LineString", "coordinates": [ [ 75.780440055606491, 26.939900825398993 ], [ 75.781401158873365, 26.9396305588693 ] ] } },
{ "type": "Feature", "properties": { "chainage_m": 2600, "segment_length_m": 100.0, "radius_m": 100000.0, "railway_crossing_score": 0, "railway_crossing_confidence": "high", "metro_interface_score": 0, "metro_interface_confidence": "high", "existing_elevated_structure_score": 3, "existing_elevated_structure_confidence": "high", "major_arterial_crossing_score": 3, "major_arterial_crossing_confidence": "high", "restricted_military_area_score": 0, "restricted_military_area_confidence": "low", "eht_line_crossing_score": 0, "eht_line_crossing_confidence": "low", "dam_check_structure_score": 3, "dam_check_structure_confidence": "medium", "curve_severity_score": 0, "curve_severity_confidence": "high", "irc86_min_radius_m": 150, "entry_exit_distance_to_arterial_m": 6.6292351714568731, "entry_exit_feasibility_score": 0, "entry_exit_feasibility_confidence": "medium", "land_availability_frac_built": 0.0, "land_availability_score": 0, "land_availability_confidence": "high", "habitation_building_count": 2, "habitation_population_sum": 28284.1484375, "habitation_proximity_score": 1, "habitation_proximity_confidence": "high", "hydraulic_sensitivity_index": 0.11433129010287844, "hydraulic_sensitivity_confidence": "low", "composite_score": 0.86191615585905301, "severity_band": "high", "robust_hotspot": false }, "geometry": { "type": "LineString", "coordinates": [ [ 75.781401158873365, 26.9396305588693 ], [ 75.78236225739775, 26.939360285880859 ] ] } },
{ "type": "Feature", "properties": { "chainage_m": 2700, "segment_length_m": 100.0, "radius_m": 62.433223532414985, "railway_crossing_score": 0, "railway_crossing_confidence": "high", "metro_interface_score": 0, "metro_interface_confidence": "high", "existing_elevated_structure_score": 3, "existing_elevated_structure_confidence": "high", "major_arterial_crossing_score": 0, "major_arterial_crossing_confidence": "high", "restricted_military_area_score": 0, "restricted_military_area_confidence": "low", "eht_line_crossing_score": 0, "eht_line_crossing_confidence": "low", "dam_check_structure_score": 0, "dam_check_structure_confidence": "medium", "curve_severity_score": 3, "curve_severity_confidence": "high", "irc86_min_radius_m": 150, "entry_exit_distance_to_arterial_m": 73.147843472571992, "entry_exit_feasibility_score": 0, "entry_exit_feasibility_confidence": "medium", "land_availability_frac_built": 0.0, "land_availability_score": 0, "land_availability_confidence": "high", "habitation_building_count": 1, "habitation_population_sum": 28284.1484375, "habitation_proximity_score": 1, "habitation_proximity_confidence": "high", "hydraulic_sensitivity_index": 0.11433129010287844, "hydraulic_sensitivity_confidence": "low", "composite_score": 0.61191615585905301, "severity_band": "medium", "robust_hotspot": false }, "geometry": { "type": "LineString", "coordinates": [ [ 75.78236225739775, 26.939360285880859 ], [ 75.782471736805434, 26.939329498400625 ], [ 75.782001392920165, 26.938649622323087 ] ] } },
{ "type": "Feature", "properties": { "chainage_m": 2800, "segment_length_m": 100.0, "radius_m": 729.35907866430978, "railway_crossing_score": 0, "railway_crossing_confidence": "high", "metro_interface_score": 0, "metro_interface_confidence": "high", "existing_elevated_structure_score": 0, "existing_elevated_structure_confidence": "high", "major_arterial_crossing_score": 0, "major_arterial_crossing_confidence": "high", "restricted_military_area_score": 0, "restricted_military_area_confidence": "low", "eht_line_crossing_score": 0, "eht_line_crossing_confidence": "low", "dam_check_structure_score": 0, "dam_check_structure_confidence": "medium", "curve_severity_score": 0, "curve_severity_confidence": "high", "irc86_min_radius_m": 150, "entry_exit_distance_to_arterial_m": 129.73077714103005, "entry_exit_feasibility_score": 0, "entry_exit_feasibility_confidence": "medium", "land_availability_frac_built": 0.0, "land_availability_score": 0, "land_availability_confidence": "high", "habitation_building_count": 2, "habitation_population_sum": 28284.1484375, "habitation_proximity_score": 1, "habitation_proximity_confidence": "high", "hydraulic_sensitivity_index": 0.11433129010287844, "hydraulic_sensitivity_confidence": "low", "composite_score": 0.11191615585905294, "severity_band": "low", "robust_hotspot": false }, "geometry": { "type": "LineString", "coordinates": [ [ 75.782001392920165, 26.938649622323087 ], [ 75.78147059091738, 26.93788234278734 ] ] } },
{ "type": "Feature", "properties": { "chainage_m": 2900, "segment_length_m": 100.0, "radius_m": 100000.0, "railway_crossing_score": 0, "railway_crossing_confidence": "high", "metro_interface_score": 0, "metro_interface_confidence": "high", "existing_elevated_structure_score": 0, "existing_elevated_structure_confidence": "high", "major_arterial_crossing_score": 0, "major_arterial_crossing_confidence": "high", "restricted_military_area_score": 0, "restricted_military_area_confidence": "low", "eht_line_crossing_score": 0, "eht_line_crossing_confidence": "low", "dam_check_structure_score": 0, "dam_check_structure_confidence": "medium", "curve_severity_score": 0, "curve_severity_confidence": "high", "irc86_min_radius_m": 150, "entry_exit_distance_to_arterial_m": 193.15824168392066, "entry_exit_feasibility_score": 0, "entry_exit_feasibility_confidence": "medium", "land_availability_frac_built": 0.0, "land_availability_score": 0, "land_availability_confidence": "high", "habitation_building_count": 0, "habitation_population_sum": 28284.1484375, "habitation_proximity_score": 0, "habitation_proximity_confidence": "high", "hydraulic_sensitivity_index": 0.11433129010287844, "hydraulic_sensitivity_confidence": "low", "composite_score": 0.028582822525719611, "severity_band": "low", "robust_hotspot": false }, "geometry": { "type": "LineString", "coordinates": [ [ 75.78147059091738, 26.93788234278734 ], [ 75.780939796187255, 26.937115061017046 ] ] } },
{ "type": "Feature", "properties": { "chainage_m": 3000, "segment_length_m": 100.0, "radius_m": 100000.0, "railway_crossing_score": 0, "railway_crossing_confidence": "high", "metro_interface_score": 0, "metro_interface_confidence": "high", "existing_elevated_structure_score": 0, "existing_elevated_structure_confidence": "high", "major_arterial_crossing_score": 0, "major_arterial_crossing_confidence": "high", "restricted_military_area_score": 0, "restricted_military_area_confidence": "low", "eht_line_crossing_score": 0, "eht_line_crossing_confidence": "low", "dam_check_structure_score": 0, "dam_check_structure_confidence": "medium", "curve_severity_score": 0, "curve_severity_confidence": "high", "irc86_min_radius_m": 150, "entry_exit_distance_to_arterial_m": 269.62803135882785, "entry_exit_feasibility_score": 0, "entry_exit_feasibility_confidence": "medium", "land_availability_frac_built": 0.0, "land_availability_score": 0, "land_availability_confidence": "high", "habitation_building_count": 0, "habitation_population_sum": 11401.6865234375, "habitation_proximity_score": 0, "habitation_proximity_confidence": "high", "hydraulic_sensitivity_index": 0.11433129010287844, "hydraulic_sensitivity_confidence": "low", "composite_score": 0.028582822525719611, "severity_band": "low", "robust_hotspot": false }, "geometry": { "type": "LineString", "coordinates": [ [ 75.780939796187255, 26.937115061017046 ], [ 75.780409008729364, 26.936347777012401 ] ] } },
{ "type": "Feature", "properties": { "chainage_m": 3100, "segment_length_m": 100.0, "radius_m": 100000.0, "railway_crossing_score": 0, "railway_crossing_confidence": "high", "metro_interface_score": 0, "metro_interface_confidence": "high", "existing_elevated_structure_score": 0, "existing_elevated_structure_confidence": "high", "major_arterial_crossing_score": 0, "major_arterial_crossing_confidence": "high", "restricted_military_area_score": 0, "restricted_military_area_confidence": "low", "eht_line_crossing_score": 0, "eht_line_crossing_confidence": "low", "dam_check_structure_score": 0, "dam_check_structure_confidence": "medium", "curve_severity_score": 0, "curve_severity_confidence": "high", "irc86_min_radius_m": 150, "entry_exit_distance_to_arterial_m": 354.72801708436776, "entry_exit_feasibility_score": 0, "entry_exit_feasibility_confidence": "medium", "land_availability_frac_built": 0.0, "land_availability_score": 0, "land_availability_confidence": "high", "habitation_building_count": 0, "habitation_population_sum": 11401.6865234375, "habitation_proximity_score": 0, "habitation_proximity_confidence": "high", "hydraulic_sensitivity_index": 0.11433129010287844, "hydraulic_sensitivity_confidence": "low", "composite_score": 0.028582822525719611, "severity_band": "low", "robust_hotspot": false }, "geometry": { "type": "LineString", "coordinates": [ [ 75.780409008729364, 26.936347777012401 ], [ 75.779878228543396, 26.935580490773614 ] ] } },
{ "type": "Feature", "properties": { "chainage_m": 3200, "segment_length_m": 100.0, "radius_m": 100000.0, "railway_crossing_score": 0, "railway_crossing_confidence": "high", "metro_interface_score": 0, "metro_interface_confidence": "high", "existing_elevated_structure_score": 0, "existing_elevated_structure_confidence": "high", "major_arterial_crossing_score": 0, "major_arterial_crossing_confidence": "high", "restricted_military_area_score": 0, "restricted_military_area_confidence": "low", "eht_line_crossing_score": 0, "eht_line_crossing_confidence": "low", "dam_check_structure_score": 0, "dam_check_structure_confidence": "medium", "curve_severity_score": 0, "curve_severity_confidence": "high", "irc86_min_radius_m": 150, "entry_exit_distance_to_arterial_m": 443.1592023753816, "entry_exit_feasibility_score": 0, "entry_exit_feasibility_confidence": "medium", "land_availability_frac_built": 0.0, "land_availability_score": 0, "land_availability_confidence": "high", "habitation_building_count": 0, "habitation_population_sum": 11401.6865234375, "habitation_proximity_score": 0, "habitation_proximity_confidence": "high", "hydraulic_sensitivity_index": 0.11433129010287844, "hydraulic_sensitivity_confidence": "low", "composite_score": 0.028582822525719611, "severity_band": "low", "robust_hotspot": false }, "geometry": { "type": "LineString", "coordinates": [ [ 75.779878228543396, 26.935580490773614 ], [ 75.779347455628937, 26.934813202300877 ] ] } },
{ "type": "Feature", "properties": { "chainage_m": 3300, "segment_length_m": 100.0, "radius_m": 100000.0, "railway_crossing_score": 0, "railway_crossing_confidence": "high", "metro_interface_score": 0, "metro_interface_confidence": "high", "existing_elevated_structure_score": 0, "existing_elevated_structure_confidence": "high", "major_arterial_crossing_score": 0, "major_arterial_crossing_confidence": "high", "restricted_military_area_score": 0, "restricted_military_area_confidence": "low", "eht_line_crossing_score": 0, "eht_line_crossing_confidence": "low", "dam_check_structure_score": 0, "dam_check_structure_confidence": "medium", "curve_severity_score": 0, "curve_severity_confidence": "high", "irc86_min_radius_m": 150, "entry_exit_distance_to_arterial_m": 533.26061165293572, "entry_exit_feasibility_score": 0, "entry_exit_feasibility_confidence": "medium", "land_availability_frac_built": 0.0, "land_availability_score": 0, "land_availability_confidence": "high", "habitation_building_count": 0, "habitation_population_sum": 11401.6865234375, "habitation_proximity_score": 0, "habitation_proximity_confidence": "high", "hydraulic_sensitivity_index": 0.11433129010287844, "hydraulic_sensitivity_confidence": "low", "composite_score": 0.028582822525719611, "severity_band": "low", "robust_hotspot": false }, "geometry": { "type": "LineString", "coordinates": [ [ 75.779347455628937, 26.934813202300877 ], [ 75.778816689985604, 26.934045911594392 ] ] } },
{ "type": "Feature", "properties": { "chainage_m": 3400, "segment_length_m": 100.0, "radius_m": 100000.0, "railway_crossing_score": 0, "railway_crossing_confidence": "high", "metro_interface_score": 0, "metro_interface_confidence": "high", "existing_elevated_structure_score": 0, "existing_elevated_structure_confidence": "high", "major_arterial_crossing_score": 0, "major_arterial_crossing_confidence": "high", "restricted_military_area_score": 0, "restricted_military_area_confidence": "low", "eht_line_crossing_score": 0, "eht_line_crossing_confidence": "low", "dam_check_structure_score": 0, "dam_check_structure_confidence": "medium", "curve_severity_score": 0, "curve_severity_confidence": "high", "irc86_min_radius_m": 150, "entry_exit_distance_to_arterial_m": 622.20129994651393, "entry_exit_feasibility_score": 0, "entry_exit_feasibility_confidence": "medium", "land_availability_frac_built": 0.0, "land_availability_score": 0, "land_availability_confidence": "high", "habitation_building_count": 0, "habitation_population_sum": 26909.974609375, "habitation_proximity_score": 0, "habitation_proximity_confidence": "high", "hydraulic_sensitivity_index": 0.11433129010287844, "hydraulic_sensitivity_confidence": "low", "composite_score": 0.028582822525719611, "severity_band": "low", "robust_hotspot": false }, "geometry": { "type": "LineString", "coordinates": [ [ 75.778816689985604, 26.934045911594392 ], [ 75.778285931613041, 26.933278618654349 ] ] } },
{ "type": "Feature", "properties": { "chainage_m": 3500, "segment_length_m": 100.0, "radius_m": 100000.0, "railway_crossing_score": 0, "railway_crossing_confidence": "high", "metro_interface_score": 0, "metro_interface_confidence": "high", "existing_elevated_structure_score": 0, "existing_elevated_structure_confidence": "high", "major_arterial_crossing_score": 0, "major_arterial_crossing_confidence": "high", "restricted_military_area_score": 0, "restricted_military_area_confidence": "low", "eht_line_crossing_score": 0, "eht_line_crossing_confidence": "low", "dam_check_structure_score": 0, "dam_check_structure_confidence": "medium", "curve_severity_score": 0, "curve_severity_confidence": "high", "irc86_min_radius_m": 150, "entry_exit_distance_to_arterial_m": 662.70469870902525, "entry_exit_feasibility_score": 0, "entry_exit_feasibility_confidence": "medium", "land_availability_frac_built": 0.0, "land_availability_score": 0, "land_availability_confidence": "high", "habitation_building_count": 0, "habitation_population_sum": 26909.974609375, "habitation_proximity_score": 0, "habitation_proximity_confidence": "high", "hydraulic_sensitivity_index": 0.11433129010287844, "hydraulic_sensitivity_confidence": "low", "composite_score": 0.028582822525719611, "severity_band": "low", "robust_hotspot": false }, "geometry": { "type": "LineString", "coordinates": [ [ 75.778285931613041, 26.933278618654349 ], [ 75.77775518051088, 26.932511323480963 ] ] } },
{ "type": "Feature", "properties": { "chainage_m": 3600, "segment_length_m": 100.0, "radius_m": 100000.0, "railway_crossing_score": 0, "railway_crossing_confidence": "high", "metro_interface_score": 0, "metro_interface_confidence": "high", "existing_elevated_structure_score": 0, "existing_elevated_structure_confidence": "high", "major_arterial_crossing_score": 0, "major_arterial_crossing_confidence": "high", "restricted_military_area_score": 0, "restricted_military_area_confidence": "low", "eht_line_crossing_score": 0, "eht_line_crossing_confidence": "low", "dam_check_structure_score": 0, "dam_check_structure_confidence": "medium", "curve_severity_score": 0, "curve_severity_confidence": "high", "irc86_min_radius_m": 150, "entry_exit_distance_to_arterial_m": 703.04988043261244, "entry_exit_feasibility_score": 0, "entry_exit_feasibility_confidence": "medium", "land_availability_frac_built": 0.0, "land_availability_score": 0, "land_availability_confidence": "high", "habitation_building_count": 0, "habitation_population_sum": 26909.974609375, "habitation_proximity_score": 0, "habitation_proximity_confidence": "high", "hydraulic_sensitivity_index": 0.11433129010287844, "hydraulic_sensitivity_confidence": "low", "composite_score": 0.028582822525719611, "severity_band": "low", "robust_hotspot": false }, "geometry": { "type": "LineString", "coordinates": [ [ 75.77775518051088, 26.932511323480963 ], [ 75.777224436678736, 26.931744026074412 ] ] } },
{ "type": "Feature", "properties": { "chainage_m": 3700, "segment_length_m": 100.0, "radius_m": 100000.0, "railway_crossing_score": 0, "railway_crossing_confidence": "high", "metro_interface_score": 0, "metro_interface_confidence": "high", "existing_elevated_structure_score": 0, "existing_elevated_structure_confidence": "high", "major_arterial_crossing_score": 0, "major_arterial_crossing_confidence": "high", "restricted_military_area_score": 0, "restricted_military_area_confidence": "low", "eht_line_crossing_score": 0, "eht_line_crossing_confidence": "low", "dam_check_structure_score": 0, "dam_check_structure_confidence": "medium", "curve_severity_score": 0, "curve_severity_confidence": "high", "irc86_min_radius_m": 150, "entry_exit_distance_to_arterial_m": 742.91662919737075, "entry_exit_feasibility_score": 0, "entry_exit_feasibility_confidence": "medium", "land_availability_frac_built": 0.0, "land_availability_score": 0, "land_availability_confidence": "high", "habitation_building_count": 0, "habitation_population_sum": 15508.2880859375, "habitation_proximity_score": 0, "habitation_proximity_confidence": "high", "hydraulic_sensitivity_index": 0.11433129010287844, "hydraulic_sensitivity_confidence": "low", "composite_score": 0.028582822525719611, "severity_band": "low", "robust_hotspot": false }, "geometry": { "type": "LineString", "coordinates": [ [ 75.777224436678736, 26.931744026074412 ], [ 75.776693700116226, 26.93097672643492 ] ] } },
{ "type": "Feature", "properties": { "chainage_m": 3800, "segment_length_m": 100.0, "radius_m": 100000.0, "railway_crossing_score": 0, "railway_crossing_confidence": "high", "metro_interface_score": 0, "metro_interface_confidence": "high", "existing_elevated_structure_score": 0, "existing_elevated_structure_confidence": "high", "major_arterial_crossing_score": 0, "major_arterial_crossing_confidence": "high", "restricted_military_area_score": 0, "restricted_military_area_confidence": "low", "eht_line_crossing_score": 3, "eht_line_crossing_confidence": "low", "dam_check_structure_score": 0, "dam_check_structure_confidence": "medium", "curve_severity_score": 0, "curve_severity_confidence": "high", "irc86_min_radius_m": 150, "entry_exit_distance_to_arterial_m": 789.04268371366175, "entry_exit_feasibility_score": 0, "entry_exit_feasibility_confidence": "medium", "land_availability_frac_built": 0.0, "land_availability_score": 0, "land_availability_confidence": "high", "habitation_building_count": 0, "habitation_population_sum": 15508.2880859375, "habitation_proximity_score": 0, "habitation_proximity_confidence": "high", "hydraulic_sensitivity_index": 0.11433129010287844, "hydraulic_sensitivity_confidence": "low", "composite_score": 0.27858282252571959, "severity_band": "low", "robust_hotspot": false }, "geometry": { "type": "LineString", "coordinates": [ [ 75.776693700116226, 26.93097672643492 ], [ 75.776162970822995, 26.930209424562666 ] ] } },
{ "type": "Feature", "properties": { "chainage_m": 3900, "segment_length_m": 100.0, "radius_m": 100000.0, "railway_crossing_score": 3, "railway_crossing_confidence": "high", "metro_interface_score": 0, "metro_interface_confidence": "high", "existing_elevated_structure_score": 3, "existing_elevated_structure_confidence": "high", "major_arterial_crossing_score": 0, "major_arterial_crossing_confidence": "high", "restricted_military_area_score": 0, "restricted_military_area_confidence": "low", "eht_line_crossing_score": 3, "eht_line_crossing_confidence": "low", "dam_check_structure_score": 0, "dam_check_structure_confidence": "medium", "curve_severity_score": 0, "curve_severity_confidence": "high", "irc86_min_radius_m": 150, "entry_exit_distance_to_arterial_m": 841.11420453854373, "entry_exit_feasibility_score": 0, "entry_exit_feasibility_confidence": "medium", "land_availability_frac_built": 0.0, "land_availability_score": 0, "land_availability_confidence": "high", "habitation_building_count": 0, "habitation_population_sum": 15508.2880859375, "habitation_proximity_score": 0, "habitation_proximity_confidence": "high", "hydraulic_sensitivity_index": 0.11433129010287844, "hydraulic_sensitivity_confidence": "low", "composite_score": 0.77858282252571964, "severity_band": "high", "robust_hotspot": true }, "geometry": { "type": "LineString", "coordinates": [ [ 75.776162970822995, 26.930209424562666 ], [ 75.775632248798644, 26.92944212045785 ] ] } },
{ "type": "Feature", "properties": { "chainage_m": 4000, "segment_length_m": 100.0, "radius_m": 100000.0, "railway_crossing_score": 3, "railway_crossing_confidence": "high", "metro_interface_score": 0, "metro_interface_confidence": "high", "existing_elevated_structure_score": 3, "existing_elevated_structure_confidence": "high", "major_arterial_crossing_score": 0, "major_arterial_crossing_confidence": "high", "restricted_military_area_score": 0, "restricted_military_area_confidence": "low", "eht_line_crossing_score": 3, "eht_line_crossing_confidence": "low", "dam_check_structure_score": 0, "dam_check_structure_confidence": "medium", "curve_severity_score": 0, "curve_severity_confidence": "high", "irc86_min_radius_m": 150, "entry_exit_distance_to_arterial_m": 896.6615917050492, "entry_exit_feasibility_score": 0, "entry_exit_feasibility_confidence": "medium", "land_availability_frac_built": 0.0, "land_availability_score": 0, "land_availability_confidence": "high", "habitation_building_count": 0, "habitation_population_sum": 15508.2880859375, "habitation_proximity_score": 0, "habitation_proximity_confidence": "high", "hydraulic_sensitivity_index": 0.11433129010287844, "hydraulic_sensitivity_confidence": "low", "composite_score": 0.77858282252571964, "severity_band": "high", "robust_hotspot": true }, "geometry": { "type": "LineString", "coordinates": [ [ 75.775632248798644, 26.92944212045785 ], [ 75.775101534042832, 26.928674814120686 ] ] } },
{ "type": "Feature", "properties": { "chainage_m": 4100, "segment_length_m": 100.0, "radius_m": 100000.0, "railway_crossing_score": 3, "railway_crossing_confidence": "high", "metro_interface_score": 0, "metro_interface_confidence": "high", "existing_elevated_structure_score": 3, "existing_elevated_structure_confidence": "high", "major_arterial_crossing_score": 0, "major_arterial_crossing_confidence": "high", "restricted_military_area_score": 0, "restricted_military_area_confidence": "low", "eht_line_crossing_score": 3, "eht_line_crossing_confidence": "low", "dam_check_structure_score": 0, "dam_check_structure_confidence": "medium", "curve_severity_score": 0, "curve_severity_confidence": "high", "irc86_min_radius_m": 150, "entry_exit_distance_to_arterial_m": 952.31665939284346, "entry_exit_feasibility_score": 0, "entry_exit_feasibility_confidence": "medium", "land_availability_frac_built": 0.0, "land_availability_score": 0, "land_availability_confidence": "high", "habitation_building_count": 0, "habitation_population_sum": 26060.802734375, "habitation_proximity_score": 0, "habitation_proximity_confidence": "high", "hydraulic_sensitivity_index": 0.11433129010287844, "hydraulic_sensitivity_confidence": "low", "composite_score": 0.77858282252571964, "severity_band": "high", "robust_hotspot": true }, "geometry": { "type": "LineString", "coordinates": [ [ 75.775101534042832, 26.928674814120686 ], [ 75.774570826555163, 26.927907505551353 ] ] } },
{ "type": "Feature", "properties": { "chainage_m": 4200, "segment_length_m": 100.0, "radius_m": 100000.0, "railway_crossing_score": 3, "railway_crossing_confidence": "high", "metro_interface_score": 0, "metro_interface_confidence": "high", "existing_elevated_structure_score": 0, "existing_elevated_structure_confidence": "high", "major_arterial_crossing_score": 0, "major_arterial_crossing_confidence": "high", "restricted_military_area_score": 0, "restricted_military_area_confidence": "low", "eht_line_crossing_score": 3, "eht_line_crossing_confidence": "low", "dam_check_structure_score": 0, "dam_check_structure_confidence": "medium", "curve_severity_score": 0, "curve_severity_confidence": "high", "irc86_min_radius_m": 150, "entry_exit_distance_to_arterial_m": 1009.8265713488283, "entry_exit_feasibility_score": 0, "entry_exit_feasibility_confidence": "medium", "land_availability_frac_built": 0.0, "land_availability_score": 0, "land_availability_confidence": "high", "habitation_building_count": 0, "habitation_population_sum": 26060.802734375, "habitation_proximity_score": 0, "habitation_proximity_confidence": "high", "hydraulic_sensitivity_index": 0.11433129010287844, "hydraulic_sensitivity_confidence": "low", "composite_score": 0.52858282252571964, "severity_band": "medium", "robust_hotspot": false }, "geometry": { "type": "LineString", "coordinates": [ [ 75.774570826555163, 26.927907505551353 ], [ 75.774040126335251, 26.92714019475007 ] ] } },
{ "type": "Feature", "properties": { "chainage_m": 4300, "segment_length_m": 100.0, "radius_m": 100000.0, "railway_crossing_score": 0, "railway_crossing_confidence": "high", "metro_interface_score": 0, "metro_interface_confidence": "high", "existing_elevated_structure_score": 0, "existing_elevated_structure_confidence": "high", "major_arterial_crossing_score": 0, "major_arterial_crossing_confidence": "high", "restricted_military_area_score": 0, "restricted_military_area_confidence": "low", "eht_line_crossing_score": 3, "eht_line_crossing_confidence": "low", "dam_check_structure_score": 0, "dam_check_structure_confidence": "medium", "curve_severity_score": 0, "curve_severity_confidence": "high", "irc86_min_radius_m": 150, "entry_exit_distance_to_arterial_m": 1066.6938681557046, "entry_exit_feasibility_score": 0, "entry_exit_feasibility_confidence": "medium", "land_availability_frac_built": 0.0, "land_availability_score": 0, "land_availability_confidence": "high", "habitation_building_count": 0, "habitation_population_sum": 26060.802734375, "habitation_proximity_score": 0, "habitation_proximity_confidence": "high", "hydraulic_sensitivity_index": 0.11433129010287844, "hydraulic_sensitivity_confidence": "low", "composite_score": 0.27858282252571959, "severity_band": "low", "robust_hotspot": false }, "geometry": { "type": "LineString", "coordinates": [ [ 75.774040126335251, 26.92714019475007 ], [ 75.773509433382756, 26.926372881717018 ] ] } },
{ "type": "Feature", "properties": { "chainage_m": 4400, "segment_length_m": 100.0, "radius_m": 100000.0, "railway_crossing_score": 0, "railway_crossing_confidence": "high", "metro_interface_score": 0, "metro_interface_confidence": "high", "existing_elevated_structure_score": 0, "existing_elevated_structure_confidence": "high", "major_arterial_crossing_score": 0, "major_arterial_crossing_confidence": "high", "restricted_military_area_score": 0, "restricted_military_area_confidence": "low", "eht_line_crossing_score": 3, "eht_line_crossing_confidence": "low", "dam_check_structure_score": 0, "dam_check_structure_confidence": "medium", "curve_severity_score": 0, "curve_severity_confidence": "high", "irc86_min_radius_m": 150, "entry_exit_distance_to_arterial_m": 1122.865682177114, "entry_exit_feasibility_score": 0, "entry_exit_feasibility_confidence": "medium", "land_availability_frac_built": 0.0, "land_availability_score": 0, "land_availability_confidence": "high", "habitation_building_count": 0, "habitation_population_sum": 26060.802734375, "habitation_proximity_score": 0, "habitation_proximity_confidence": "high", "hydraulic_sensitivity_index": 0.11433129010287844, "hydraulic_sensitivity_confidence": "low", "composite_score": 0.27858282252571959, "severity_band": "low", "robust_hotspot": false }, "geometry": { "type": "LineString", "coordinates": [ [ 75.773509433382756, 26.926372881717018 ], [ 75.772978747697266, 26.925605566452408 ] ] } },
{ "type": "Feature", "properties": { "chainage_m": 4500, "segment_length_m": 100.0, "radius_m": 100000.0, "railway_crossing_score": 0, "railway_crossing_confidence": "high", "metro_interface_score": 0, "metro_interface_confidence": "high", "existing_elevated_structure_score": 0, "existing_elevated_structure_confidence": "high", "major_arterial_crossing_score": 0, "major_arterial_crossing_confidence": "high", "restricted_military_area_score": 0, "restricted_military_area_confidence": "low", "eht_line_crossing_score": 3, "eht_line_crossing_confidence": "low", "dam_check_structure_score": 0, "dam_check_structure_confidence": "medium", "curve_severity_score": 0, "curve_severity_confidence": "high", "irc86_min_radius_m": 150, "entry_exit_distance_to_arterial_m": 1179.0054962972288, "entry_exit_feasibility_score": 0, "entry_exit_feasibility_confidence": "medium", "land_availability_frac_built": 0.0, "land_availability_score": 0, "land_availability_confidence": "high", "habitation_building_count": 0, "habitation_population_sum": 58595.703125, "habitation_proximity_score": 0, "habitation_proximity_confidence": "high", "hydraulic_sensitivity_index": 0.11433129010287844, "hydraulic_sensitivity_confidence": "low", "composite_score": 0.27858282252571959, "severity_band": "low", "robust_hotspot": false }, "geometry": { "type": "LineString", "coordinates": [ [ 75.772978747697266, 26.925605566452408 ], [ 75.772448069278425, 26.92483824895643 ] ] } },
{ "type": "Feature", "properties": { "chainage_m": 4600, "segment_length_m": 100.0, "radius_m": 100000.0, "railway_crossing_score": 0, "railway_crossing_confidence": "high", "metro_interface_score": 0, "metro_interface_confidence": "high", "existing_elevated_structure_score": 0, "existing_elevated_structure_confidence": "high", "major_arterial_crossing_score": 0, "major_arterial_crossing_confidence": "high", "restricted_military_area_score": 0, "restricted_military_area_confidence": "low", "eht_line_crossing_score": 0, "eht_line_crossing_confidence": "low", "dam_check_structure_score": 0, "dam_check_structure_confidence": "medium", "curve_severity_score": 0, "curve_severity_confidence": "high", "irc86_min_radius_m": 150, "entry_exit_distance_to_arterial_m": 1235.2764099566027, "entry_exit_feasibility_score": 0, "entry_exit_feasibility_confidence": "medium", "land_availability_frac_built": 0.0, "land_availability_score": 0, "land_availability_confidence": "high", "habitation_building_count": 0, "habitation_population_sum": 23729.861328125, "habitation_proximity_score": 0, "habitation_proximity_confidence": "high", "hydraulic_sensitivity_index": 0.11433129010287844, "hydraulic_sensitivity_confidence": "low", "composite_score": 0.028582822525719611, "severity_band": "low", "robust_hotspot": false }, "geometry": { "type": "LineString", "coordinates": [ [ 75.772448069278425, 26.92483824895643 ], [ 75.771917398125865, 26.924070929229284 ] ] } },
{ "type": "Feature", "properties": { "chainage_m": 4700, "segment_length_m": 100.0, "radius_m": 100000.0, "railway_crossing_score": 0, "railway_crossing_confidence": "high", "metro_interface_score": 0, "metro_interface_confidence": "high", "existing_elevated_structure_score": 0, "existing_elevated_structure_confidence": "high", "major_arterial_crossing_score": 0, "major_arterial_crossing_confidence": "high", "restricted_military_area_score": 0, "restricted_military_area_confidence": "low", "eht_line_crossing_score": 0, "eht_line_crossing_confidence": "low", "dam_check_structure_score": 0, "dam_check_structure_confidence": "medium", "curve_severity_score": 0, "curve_severity_confidence": "high", "irc86_min_radius_m": 150, "entry_exit_distance_to_arterial_m": 1291.1799841737397, "entry_exit_feasibility_score": 0, "entry_exit_feasibility_confidence": "medium", "land_availability_frac_built": 0.0, "land_availability_score": 0, "land_availability_confidence": "high", "habitation_building_count": 0, "habitation_population_sum": 23729.861328125, "habitation_proximity_score": 0, "habitation_proximity_confidence": "high", "hydraulic_sensitivity_index": 0.11433129010287844, "hydraulic_sensitivity_confidence": "low", "composite_score": 0.028582822525719611, "severity_band": "low", "robust_hotspot": false }, "geometry": { "type": "LineString", "coordinates": [ [ 75.771917398125865, 26.924070929229284 ], [ 75.771386734239201, 26.92330360727118 ] ] } },
{ "type": "Feature", "properties": { "chainage_m": 4800, "segment_length_m": 100.0, "radius_m": 100000.0, "railway_crossing_score": 0, "railway_crossing_confidence": "high", "metro_interface_score": 0, "metro_interface_confidence": "high", "existing_elevated_structure_score": 0, "existing_elevated_structure_confidence": "high", "major_arterial_crossing_score": 0, "major_arterial_crossing_confidence": "high", "restricted_military_area_score": 0, "restricted_military_area_confidence": "low", "eht_line_crossing_score": 0, "eht_line_crossing_confidence": "low", "dam_check_structure_score": 0, "dam_check_structure_confidence": "medium", "curve_severity_score": 0, "curve_severity_confidence": "high", "irc86_min_radius_m": 150, "entry_exit_distance_to_arterial_m": 1347.0368684714622, "entry_exit_feasibility_score": 1, "entry_exit_feasibility_confidence": "medium", "land_availability_frac_built": 0.0, "land_availability_score": 0, "land_availability_confidence": "high", "habitation_building_count": 0, "habitation_population_sum": 13177.3466796875, "habitation_proximity_score": 0, "habitation_proximity_confidence": "high", "hydraulic_sensitivity_index": 0.11433129010287844, "hydraulic_sensitivity_confidence": "low", "composite_score": 0.11191615585905294, "severity_band": "low", "robust_hotspot": false }, "geometry": { "type": "LineString", "coordinates": [ [ 75.771386734239201, 26.92330360727118 ], [ 75.770856077618063, 26.922536283082305 ] ] } },
{ "type": "Feature", "properties": { "chainage_m": 4900, "segment_length_m": 100.0, "radius_m": 100000.0, "railway_crossing_score": 0, "railway_crossing_confidence": "high", "metro_interface_score": 0, "metro_interface_confidence": "high", "existing_elevated_structure_score": 0, "existing_elevated_structure_confidence": "high", "major_arterial_crossing_score": 0, "major_arterial_crossing_confidence": "high", "restricted_military_area_score": 0, "restricted_military_area_confidence": "low", "eht_line_crossing_score": 0, "eht_line_crossing_confidence": "low", "dam_check_structure_score": 0, "dam_check_structure_confidence": "medium", "curve_severity_score": 0, "curve_severity_confidence": "high", "irc86_min_radius_m": 150, "entry_exit_distance_to_arterial_m": 1404.2169315045155, "entry_exit_feasibility_score": 1, "entry_exit_feasibility_confidence": "medium", "land_availability_frac_built": 0.0, "land_availability_score": 0, "land_availability_confidence": "high", "habitation_building_count": 0, "habitation_population_sum": 13177.3466796875, "habitation_proximity_score": 0, "habitation_proximity_confidence": "high", "hydraulic_sensitivity_index": 0.11433129010287844, "hydraulic_sensitivity_confidence": "low", "composite_score": 0.11191615585905294, "severity_band": "low", "robust_hotspot": false }, "geometry": { "type": "LineString", "coordinates": [ [ 75.770856077618063, 26.922536283082305 ], [ 75.770325428262069, 26.921768956662866 ] ] } },
{ "type": "Feature", "properties": { "chainage_m": 5000, "segment_length_m": 100.0, "radius_m": 100000.0, "railway_crossing_score": 0, "railway_crossing_confidence": "high", "metro_interface_score": 0, "metro_interface_confidence": "high", "existing_elevated_structure_score": 0, "existing_elevated_structure_confidence": "high", "major_arterial_crossing_score": 0, "major_arterial_crossing_confidence": "high", "restricted_military_area_score": 0, "restricted_military_area_confidence": "low", "eht_line_crossing_score": 0, "eht_line_crossing_confidence": "low", "dam_check_structure_score": 0, "dam_check_structure_confidence": "medium", "curve_severity_score": 0, "curve_severity_confidence": "high", "irc86_min_radius_m": 150, "entry_exit_distance_to_arterial_m": 1465.8301492076052, "entry_exit_feasibility_score": 1, "entry_exit_feasibility_confidence": "medium", "land_availability_frac_built": 0.0, "land_availability_score": 0, "land_availability_confidence": "high", "habitation_building_count": 0, "habitation_population_sum": 13177.3466796875, "habitation_proximity_score": 0, "habitation_proximity_confidence": "high", "hydraulic_sensitivity_index": 0.11433129010287844, "hydraulic_sensitivity_confidence": "low", "composite_score": 0.11191615585905294, "severity_band": "low", "robust_hotspot": false }, "geometry": { "type": "LineString", "coordinates": [ [ 75.770325428262069, 26.921768956662866 ], [ 75.769794786170849, 26.921001628013048 ] ] } },
{ "type": "Feature", "properties": { "chainage_m": 5100, "segment_length_m": 100.0, "radius_m": 242.09759689391558, "railway_crossing_score": 0, "railway_crossing_confidence": "high", "metro_interface_score": 0, "metro_interface_confidence": "high", "existing_elevated_structure_score": 0, "existing_elevated_structure_confidence": "high", "major_arterial_crossing_score": 0, "major_arterial_crossing_confidence": "high", "restricted_military_area_score": 0, "restricted_military_area_confidence": "low", "eht_line_crossing_score": 0, "eht_line_crossing_confidence": "low", "dam_check_structure_score": 0, "dam_check_structure_confidence": "medium", "curve_severity_score": 0, "curve_severity_confidence": "high", "irc86_min_radius_m": 150, "entry_exit_distance_to_arterial_m": 1531.4995468260422, "entry_exit_feasibility_score": 1, "entry_exit_feasibility_confidence": "medium", "land_availability_frac_built": 0.0, "land_availability_score": 0, "land_availability_confidence": "high", "habitation_building_count": 0, "habitation_population_sum": 13177.3466796875, "habitation_proximity_score": 0, "habitation_proximity_confidence": "high", "hydraulic_sensitivity_index": 0.11433129010287844, "hydraulic_sensitivity_confidence": "low", "composite_score": 0.11191615585905294, "severity_band": "low", "robust_hotspot": false }, "geometry": { "type": "LineString", "coordinates": [ [ 75.769794786170849, 26.921001628013048 ], [ 75.769684618066364, 26.920842319146661 ], [ 75.769653931569849, 26.920127478963359 ] ] } },
{ "type": "Feature", "properties": { "chainage_m": 5200, "segment_length_m": 100.0, "radius_m": 942.5978312920613, "railway_crossing_score": 0, "railway_crossing_confidence": "high", "metro_interface_score": 0, "metro_interface_confidence": "high", "existing_elevated_structure_score": 0, "existing_elevated_structure_confidence": "high", "major_arterial_crossing_score": 0, "major_arterial_crossing_confidence": "high", "restricted_military_area_score": 0, "restricted_military_area_confidence": "low", "eht_line_crossing_score": 0, "eht_line_crossing_confidence": "low", "dam_check_structure_score": 0, "dam_check_structure_confidence": "medium", "curve_severity_score": 0, "curve_severity_confidence": "high", "irc86_min_radius_m": 150, "entry_exit_distance_to_arterial_m": 1519.4822481010442, "entry_exit_feasibility_score": 1, "entry_exit_feasibility_confidence": "medium", "land_availability_frac_built": 0.0, "land_availability_score": 0, "land_availability_confidence": "high", "habitation_building_count": 0, "habitation_population_sum": 13177.3466796875, "habitation_proximity_score": 0, "habitation_proximity_confidence": "high", "hydraulic_sensitivity_index": 0.11433129010287844, "hydraulic_sensitivity_confidence": "low", "composite_score": 0.11191615585905294, "severity_band": "low", "robust_hotspot": false }, "geometry": { "type": "LineString", "coordinates": [ [ 75.769653931569849, 26.920127478963359 ], [ 75.769615205563184, 26.919225341910234 ] ] } },
{ "type": "Feature", "properties": { "chainage_m": 5300, "segment_length_m": 100.0, "radius_m": 100000.0, "railway_crossing_score": 0, "railway_crossing_confidence": "high", "metro_interface_score": 0, "metro_interface_confidence": "high", "existing_elevated_structure_score": 0, "existing_elevated_structure_confidence": "high", "major_arterial_crossing_score": 0, "major_arterial_crossing_confidence": "high", "restricted_military_area_score": 0, "restricted_military_area_confidence": "low", "eht_line_crossing_score": 0, "eht_line_crossing_confidence": "low", "dam_check_structure_score": 0, "dam_check_structure_confidence": "medium", "curve_severity_score": 0, "curve_severity_confidence": "high", "irc86_min_radius_m": 150, "entry_exit_distance_to_arterial_m": 1445.4306369998008, "entry_exit_feasibility_score": 1, "entry_exit_feasibility_confidence": "medium", "land_availability_frac_built": 0.0, "land_availability_score": 0, "land_availability_confidence": "high", "habitation_building_count": 0, "habitation_population_sum": 13177.3466796875, "habitation_proximity_score": 0, "habitation_proximity_confidence": "high", "hydraulic_sensitivity_index": 0.11433129010287844, "hydraulic_sensitivity_confidence": "low", "composite_score": 0.11191615585905294, "severity_band": "low", "robust_hotspot": false }, "geometry": { "type": "LineString", "coordinates": [ [ 75.769615205563184, 26.919225341910234 ], [ 75.769576480362005, 26.918323204719119 ] ] } },
{ "type": "Feature", "properties": { "chainage_m": 5400, "segment_length_m": 100.0, "radius_m": 100000.0, "railway_crossing_score": 0, "railway_crossing_confidence": "high", "metro_interface_score": 0, "metro_interface_confidence": "high", "existing_elevated_structure_score": 0, "existing_elevated_structure_confidence": "high", "major_arterial_crossing_score": 0, "major_arterial_crossing_confidence": "high", "restricted_military_area_score": 0, "restricted_military_area_confidence": "low", "eht_line_crossing_score": 0, "eht_line_crossing_confidence": "low", "dam_check_structure_score": 0, "dam_check_structure_confidence": "medium", "curve_severity_score": 0, "curve_severity_confidence": "high", "irc86_min_radius_m": 150, "entry_exit_distance_to_arterial_m": 1374.6598556602196, "entry_exit_feasibility_score": 1, "entry_exit_feasibility_confidence": "medium", "land_availability_frac_built": 0.0, "land_availability_score": 0, "land_availability_confidence": "high", "habitation_building_count": 0, "habitation_population_sum": 13177.3466796875, "habitation_proximity_score": 0, "habitation_proximity_confidence": "high", "hydraulic_sensitivity_index": 0.11433129010287844, "hydraulic_sensitivity_confidence": "low", "composite_score": 0.11191615585905294, "severity_band": "low", "robust_hotspot": false }, "geometry": { "type": "LineString", "coordinates": [ [ 75.769576480362005, 26.918323204719119 ], [ 75.769537755966297, 26.917421067390034 ] ] } },
{ "type": "Feature", "properties": { "chainage_m": 5500, "segment_length_m": 100.0, "radius_m": 100000.0, "railway_crossing_score": 0, "railway_crossing_confidence": "high", "metro_interface_score": 0, "metro_interface_confidence": "high", "existing_elevated_structure_score": 3, "existing_elevated_structure_confidence": "high", "major_arterial_crossing_score": 0, "major_arterial_crossing_confidence": "high", "restricted_military_area_score": 0, "restricted_military_area_confidence": "low", "eht_line_crossing_score": 3, "eht_line_crossing_confidence": "low", "dam_check_structure_score": 0, "dam_check_structure_confidence": "medium", "curve_severity_score": 0, "curve_severity_confidence": "high", "irc86_min_radius_m": 150, "entry_exit_distance_to_arterial_m": 1305.190477873505, "entry_exit_feasibility_score": 1, "entry_exit_feasibility_confidence": "medium", "land_availability_frac_built": 0.0, "land_availability_score": 0, "land_availability_confidence": "high", "habitation_building_count": 0, "habitation_population_sum": 26511.775390625, "habitation_proximity_score": 0, "habitation_proximity_confidence": "high", "hydraulic_sensitivity_index": 0.11433129010287844, "hydraulic_sensitivity_confidence": "low", "composite_score": 0.61191615585905301, "severity_band": "medium", "robust_hotspot": false }, "geometry": { "type": "LineString", "coordinates": [ [ 75.769537755966297, 26.917421067390034 ], [ 75.769499032375961, 26.916518929922962 ] ] } },
{ "type": "Feature", "properties": { "chainage_m": 5600, "segment_length_m": 100.0, "radius_m": 100000.0, "railway_crossing_score": 0, "railway_crossing_confidence": "high", "metro_interface_score": 0, "metro_interface_confidence": "high", "existing_elevated_structure_score": 3, "existing_elevated_structure_confidence": "high", "major_arterial_crossing_score": 0, "major_arterial_crossing_confidence": "high", "restricted_military_area_score": 0, "restricted_military_area_confidence": "low", "eht_line_crossing_score": 3, "eht_line_crossing_confidence": "low", "dam_check_structure_score": 0, "dam_check_structure_confidence": "medium", "curve_severity_score": 0, "curve_severity_confidence": "high", "irc86_min_radius_m": 150, "entry_exit_distance_to_arterial_m": 1237.8469045534293, "entry_exit_feasibility_score": 0, "entry_exit_feasibility_confidence": "medium", "land_availability_frac_built": 0.0, "land_availability_score": 0, "land_availability_confidence": "high", "habitation_building_count": 0, "habitation_population_sum": 26511.775390625, "habitation_proximity_score": 0, "habitation_proximity_confidence": "high", "hydraulic_sensitivity_index": 0.11433129010287844, "hydraulic_sensitivity_confidence": "low", "composite_score": 0.52858282252571964, "severity_band": "medium", "robust_hotspot": false }, "geometry": { "type": "LineString", "coordinates": [ [ 75.769499032375961, 26.916518929922962 ], [ 75.769460309590997, 26.915616792317916 ] ] } },
{ "type": "Feature", "properties": { "chainage_m": 5700, "segment_length_m": 100.0, "radius_m": 100000.0, "railway_crossing_score": 0, "railway_crossing_confidence": "high", "metro_interface_score": 0, "metro_interface_confidence": "high", "existing_elevated_structure_score": 3, "existing_elevated_structure_confidence": "high", "major_arterial_crossing_score": 0, "major_arterial_crossing_confidence": "high", "restricted_military_area_score": 0, "restricted_military_area_confidence": "low", "eht_line_crossing_score": 3, "eht_line_crossing_confidence": "low", "dam_check_structure_score": 0, "dam_check_structure_confidence": "medium", "curve_severity_score": 0, "curve_severity_confidence": "high", "irc86_min_radius_m": 150, "entry_exit_distance_to_arterial_m": 1172.0246479278671, "entry_exit_feasibility_score": 0, "entry_exit_feasibility_confidence": "medium", "land_availability_frac_built": 0.0, "land_availability_score": 0, "land_availability_confidence": "high", "habitation_building_count": 0, "habitation_population_sum": 26511.775390625, "habitation_proximity_score": 0, "habitation_proximity_confidence": "high", "hydraulic_sensitivity_index": 0.11433129010287844, "hydraulic_sensitivity_confidence": "low", "composite_score": 0.52858282252571964, "severity_band": "medium", "robust_hotspot": false }, "geometry": { "type": "LineString", "coordinates": [ [ 75.769460309590997, 26.915616792317916 ], [ 75.769421587611333, 26.914714654574897 ] ] } },
{ "type": "Feature", "properties": { "chainage_m": 5800, "segment_length_m": 100.0, "radius_m": 100000.0, "railway_crossing_score": 0, "railway_crossing_confidence": "high", "metro_interface_score": 0, "metro_interface_confidence": "high", "existing_elevated_structure_score": 0, "existing_elevated_structure_confidence": "high", "major_arterial_crossing_score": 0, "major_arterial_crossing_confidence": "high", "restricted_military_area_score": 0, "restricted_military_area_confidence": "low", "eht_line_crossing_score": 3, "eht_line_crossing_confidence": "low", "dam_check_structure_score": 0, "dam_check_structure_confidence": "medium", "curve_severity_score": 0, "curve_severity_confidence": "high", "irc86_min_radius_m": 150, "entry_exit_distance_to_arterial_m": 1108.9868791300748, "entry_exit_feasibility_score": 0, "entry_exit_feasibility_confidence": "medium", "land_availability_frac_built": 0.0, "land_availability_score": 0, "land_availability_confidence": "high", "habitation_building_count": 0, "habitation_population_sum": 13334.4287109375, "habitation_proximity_score": 0, "habitation_proximity_confidence": "high", "hydraulic_sensitivity_index": 0.11433129010287844, "hydraulic_sensitivity_confidence": "low", "composite_score": 0.27858282252571959, "severity_band": "low", "robust_hotspot": false }, "geometry": { "type": "LineString", "coordinates": [ [ 75.769421587611333, 26.914714654574897 ], [ 75.769382866436914, 26.913812516693913 ] ] } },
{ "type": "Feature", "properties": { "chainage_m": 5900, "segment_length_m": 100.0, "radius_m": 100000.0, "railway_crossing_score": 0, "railway_crossing_confidence": "high", "metro_interface_score": 0, "metro_interface_confidence": "high", "existing_elevated_structure_score": 0, "existing_elevated_structure_confidence": "high", "major_arterial_crossing_score": 0, "major_arterial_crossing_confidence": "high", "restricted_military_area_score": 0, "restricted_military_area_confidence": "low", "eht_line_crossing_score": 0, "eht_line_crossing_confidence": "low", "dam_check_structure_score": 0, "dam_check_structure_confidence": "medium", "curve_severity_score": 0, "curve_severity_confidence": "high", "irc86_min_radius_m": 150, "entry_exit_distance_to_arterial_m": 1048.7401284620776, "entry_exit_feasibility_score": 0, "entry_exit_feasibility_confidence": "medium", "land_availability_frac_built": 0.0, "land_availability_score": 0, "land_availability_confidence": "high", "habitation_building_count": 0, "habitation_population_sum": 13334.4287109375, "habitation_proximity_score": 0, "habitation_proximity_confidence": "high", "hydraulic_sensitivity_index": 0.11433129010287844, "hydraulic_sensitivity_confidence": "low", "composite_score": 0.028582822525719611, "severity_band": "low", "robust_hotspot": false }, "geometry": { "type": "LineString", "coordinates": [ [ 75.769382866436914, 26.913812516693913 ], [ 75.769344146067723, 26.912910378674969 ] ] } },
{ "type": "Feature", "properties": { "chainage_m": 6000, "segment_length_m": 100.0, "radius_m": 100000.0, "railway_crossing_score": 0, "railway_crossing_confidence": "high", "metro_interface_score": 0, "metro_interface_confidence": "high", "existing_elevated_structure_score": 0, "existing_elevated_structure_confidence": "high", "major_arterial_crossing_score": 0, "major_arterial_crossing_confidence": "high", "restricted_military_area_score": 0, "restricted_military_area_confidence": "low", "eht_line_crossing_score": 0, "eht_line_crossing_confidence": "low", "dam_check_structure_score": 0, "dam_check_structure_confidence": "medium", "curve_severity_score": 0, "curve_severity_confidence": "high", "irc86_min_radius_m": 150, "entry_exit_distance_to_arterial_m": 990.94668528629143, "entry_exit_feasibility_score": 0, "entry_exit_feasibility_confidence": "medium", "land_availability_frac_built": 0.0, "land_availability_score": 0, "land_availability_confidence": "high", "habitation_building_count": 0, "habitation_population_sum": 13334.4287109375, "habitation_proximity_score": 0, "habitation_proximity_confidence": "high", "hydraulic_sensitivity_index": 0.11433129010287844, "hydraulic_sensitivity_confidence": "low", "composite_score": 0.028582822525719611, "severity_band": "low", "robust_hotspot": false }, "geometry": { "type": "LineString", "coordinates": [ [ 75.769344146067723, 26.912910378674969 ], [ 75.769305426503706, 26.912008240518063 ] ] } },
{ "type": "Feature", "properties": { "chainage_m": 6100, "segment_length_m": 100.0, "radius_m": 100000.0, "railway_crossing_score": 0, "railway_crossing_confidence": "high", "metro_interface_score": 0, "metro_interface_confidence": "high", "existing_elevated_structure_score": 0, "existing_elevated_structure_confidence": "high", "major_arterial_crossing_score": 0, "major_arterial_crossing_confidence": "high", "restricted_military_area_score": 0, "restricted_military_area_confidence": "low", "eht_line_crossing_score": 0, "eht_line_crossing_confidence": "low", "dam_check_structure_score": 0, "dam_check_structure_confidence": "medium", "curve_severity_score": 0, "curve_severity_confidence": "high", "irc86_min_radius_m": 150, "entry_exit_distance_to_arterial_m": 934.61373602495917, "entry_exit_feasibility_score": 0, "entry_exit_feasibility_confidence": "medium", "land_availability_frac_built": 0.0, "land_availability_score": 0, "land_availability_confidence": "high", "habitation_building_count": 0, "habitation_population_sum": 13334.4287109375, "habitation_proximity_score": 0, "habitation_proximity_confidence": "high", "hydraulic_sensitivity_index": 0.11433129010287844, "hydraulic_sensitivity_confidence": "low", "composite_score": 0.028582822525719611, "severity_band": "low", "robust_hotspot": false }, "geometry": { "type": "LineString", "coordinates": [ [ 75.769305426503706, 26.912008240518063 ], [ 75.769266707744791, 26.911106102223204 ] ] } },
{ "type": "Feature", "properties": { "chainage_m": 6200, "segment_length_m": 100.0, "radius_m": 100000.0, "railway_crossing_score": 0, "railway_crossing_confidence": "high", "metro_interface_score": 0, "metro_interface_confidence": "high", "existing_elevated_structure_score": 0, "existing_elevated_structure_confidence": "high", "major_arterial_crossing_score": 0, "major_arterial_crossing_confidence": "high", "restricted_military_area_score": 0, "restricted_military_area_confidence": "low", "eht_line_crossing_score": 0, "eht_line_crossing_confidence": "low", "dam_check_structure_score": 0, "dam_check_structure_confidence": "medium", "curve_severity_score": 0, "curve_severity_confidence": "high", "irc86_min_radius_m": 150, "entry_exit_distance_to_arterial_m": 878.44035710262733, "entry_exit_feasibility_score": 0, "entry_exit_feasibility_confidence": "medium", "land_availability_frac_built": 0.0, "land_availability_score": 0, "land_availability_confidence": "high", "habitation_building_count": 0, "habitation_population_sum": 13334.4287109375, "habitation_proximity_score": 0, "habitation_proximity_confidence": "high", "hydraulic_sensitivity_index": 0.11433129010287844, "hydraulic_sensitivity_confidence": "low", "composite_score": 0.028582822525719611, "severity_band": "low", "robust_hotspot": false }, "geometry": { "type": "LineString", "coordinates": [ [ 75.769266707744791, 26.911106102223204 ], [ 75.769227989790963, 26.910203963790394 ] ] } },
{ "type": "Feature", "properties": { "chainage_m": 6300, "segment_length_m": 100.0, "radius_m": 100000.0, "railway_crossing_score": 0, "railway_crossing_confidence": "high", "metro_interface_score": 0, "metro_interface_confidence": "high", "existing_elevated_structure_score": 3, "existing_elevated_structure_confidence": "high", "major_arterial_crossing_score": 0, "major_arterial_crossing_confidence": "high", "restricted_military_area_score": 0, "restricted_military_area_confidence": "low", "eht_line_crossing_score": 0, "eht_line_crossing_confidence": "low", "dam_check_structure_score": 0, "dam_check_structure_confidence": "medium", "curve_severity_score": 0, "curve_severity_confidence": "high", "irc86_min_radius_m": 150, "entry_exit_distance_to_arterial_m": 824.99972642159514, "entry_exit_feasibility_score": 0, "entry_exit_feasibility_confidence": "medium", "land_availability_frac_built": 0.0, "land_availability_score": 0, "land_availability_confidence": "high", "habitation_building_count": 0, "habitation_population_sum": 13334.4287109375, "habitation_proximity_score": 0, "habitation_proximity_confidence": "high", "hydraulic_sensitivity_index": 0.11433129010287844, "hydraulic_sensitivity_confidence": "low", "composite_score": 0.27858282252571959, "severity_band": "low", "robust_hotspot": false }, "geometry": { "type": "LineString", "coordinates": [ [ 75.769227989790963, 26.910203963790394 ], [ 75.769189272642151, 26.909301825219632 ] ] } },
{ "type": "Feature", "properties": { "chainage_m": 6400, "segment_length_m": 100.0, "radius_m": 100000.0, "railway_crossing_score": 0, "railway_crossing_confidence": "high", "metro_interface_score": 0, "metro_interface_confidence": "high", "existing_elevated_structure_score": 3, "existing_elevated_structure_confidence": "high", "major_arterial_crossing_score": 0, "major_arterial_crossing_confidence": "high", "restricted_military_area_score": 0, "restricted_military_area_confidence": "low", "eht_line_crossing_score": 3, "eht_line_crossing_confidence": "low", "dam_check_structure_score": 0, "dam_check_structure_confidence": "medium", "curve_severity_score": 0, "curve_severity_confidence": "high", "irc86_min_radius_m": 150, "entry_exit_distance_to_arterial_m": 773.17347398988693, "entry_exit_feasibility_score": 0, "entry_exit_feasibility_confidence": "medium", "land_availability_frac_built": 0.0064734340675392651, "land_availability_score": 0, "land_availability_confidence": "high", "habitation_building_count": 1, "habitation_population_sum": 31354.6015625, "habitation_proximity_score": 1, "habitation_proximity_confidence": "high", "hydraulic_sensitivity_index": 0.11433129010287844, "hydraulic_sensitivity_confidence": "low", "composite_score": 0.61191615585905301, "severity_band": "medium", "robust_hotspot": false }, "geometry": { "type": "LineString", "coordinates": [ [ 75.769189272642151, 26.909301825219632 ], [ 75.769150556298328, 26.908399686510929 ] ] } },
{ "type": "Feature", "properties": { "chainage_m": 6500, "segment_length_m": 100.0, "radius_m": 100000.0, "railway_crossing_score": 0, "railway_crossing_confidence": "high", "metro_interface_score": 0, "metro_interface_confidence": "high", "existing_elevated_structure_score": 0, "existing_elevated_structure_confidence": "high", "major_arterial_crossing_score": 0, "major_arterial_crossing_confidence": "high", "restricted_military_area_score": 0, "restricted_military_area_confidence": "low", "eht_line_crossing_score": 3, "eht_line_crossing_confidence": "low", "dam_check_structure_score": 0, "dam_check_structure_confidence": "medium", "curve_severity_score": 0, "curve_severity_confidence": "high", "irc86_min_radius_m": 150, "entry_exit_distance_to_arterial_m": 690.65078191948112, "entry_exit_feasibility_score": 0, "entry_exit_feasibility_confidence": "medium", "land_availability_frac_built": 0.0064734340675439307, "land_availability_score": 0, "land_availability_confidence": "high", "habitation_building_count": 1, "habitation_population_sum": 31354.6015625, "habitation_proximity_score": 1, "habitation_proximity_confidence": "high", "hydraulic_sensitivity_index": 0.11433129010287844, "hydraulic_sensitivity_confidence": "low", "composite_score": 0.36191615585905296, "severity_band": "low", "robust_hotspot": false }, "geometry": { "type": "LineString", "coordinates": [ [ 75.769150556298328, 26.908399686510929 ], [ 75.769111840759436, 26.907497547664285 ] ] } },
{ "type": "Feature", "properties": { "chainage_m": 6600, "segment_length_m": 100.0, "radius_m": 100000.0, "railway_crossing_score": 0, "railway_crossing_confidence": "high", "metro_interface_score": 0, "metro_interface_confidence": "high", "existing_elevated_structure_score": 0, "existing_elevated_structure_confidence": "high", "major_arterial_crossing_score": 0, "major_arterial_crossing_confidence": "high", "restricted_military_area_score": 0, "restricted_military_area_confidence": "low", "eht_line_crossing_score": 3, "eht_line_crossing_confidence": "low", "dam_check_structure_score": 0, "dam_check_structure_confidence": "medium", "curve_severity_score": 0, "curve_severity_confidence": "high", "irc86_min_radius_m": 150, "entry_exit_distance_to_arterial_m": 607.51834089652186, "entry_exit_feasibility_score": 0, "entry_exit_feasibility_confidence": "medium", "land_availability_frac_built": 0.0, "land_availability_score": 0, "land_availability_confidence": "high", "habitation_building_count": 1, "habitation_population_sum": 31354.6015625, "habitation_proximity_score": 1, "habitation_proximity_confidence": "high", "hydraulic_sensitivity_index": 0.15983080617987597, "hydraulic_sensitivity_confidence": "low", "composite_score": 0.37329103487830234, "severity_band": "low", "robust_hotspot": false }, "geometry": { "type": "LineString", "coordinates": [ [ 75.769111840759436, 26.907497547664285 ], [ 75.769073126025447, 26.906595408679706 ] ] } },
{ "type": "Feature", "properties": { "chainage_m": 6700, "segment_length_m": 100.0, "radius_m": 100000.0, "railway_crossing_score": 0, "railway_crossing_confidence": "high", "metro_interface_score": 0, "metro_interface_confidence": "high", "existing_elevated_structure_score": 3, "existing_elevated_structure_confidence": "high", "major_arterial_crossing_score": 0, "major_arterial_crossing_confidence": "high", "restricted_military_area_score": 0, "restricted_military_area_confidence": "low", "eht_line_crossing_score": 3, "eht_line_crossing_confidence": "low", "dam_check_structure_score": 0, "dam_check_structure_confidence": "medium", "curve_severity_score": 0, "curve_severity_confidence": "high", "irc86_min_radius_m": 150, "entry_exit_distance_to_arterial_m": 523.63850860987293, "entry_exit_feasibility_score": 0, "entry_exit_feasibility_confidence": "medium", "land_availability_frac_built": 0.0, "land_availability_score": 0, "land_availability_confidence": "high", "habitation_building_count": 0, "habitation_population_sum": 18020.173828125, "habitation_proximity_score": 0, "habitation_proximity_confidence": "high", "hydraulic_sensitivity_index": 0.16507868229558734, "hydraulic_sensitivity_confidence": "low", "composite_score": 0.54126967057389686, "severity_band": "medium", "robust_hotspot": false }, "geometry": { "type": "LineString", "coordinates": [ [ 75.769073126025447, 26.906595408679706 ], [ 75.769034412096289, 26.905693269557197 ] ] } },
{ "type": "Feature", "properties": { "chainage_m": 6800, "segment_length_m": 100.0, "radius_m": 315.30174944233562, "railway_crossing_score": 0, "railway_crossing_confidence": "high", "metro_interface_score": 0, "metro_interface_confidence": "high", "existing_elevated_structure_score": 3, "existing_elevated_structure_confidence": "high", "major_arterial_crossing_score": 0, "major_arterial_crossing_confidence": "high", "restricted_military_area_score": 0, "restricted_military_area_confidence": "low", "eht_line_crossing_score": 0, "eht_line_crossing_confidence": "low", "dam_check_structure_score": 0, "dam_check_structure_confidence": "medium", "curve_severity_score": 0, "curve_severity_confidence": "high", "irc86_min_radius_m": 150, "entry_exit_distance_to_arterial_m": 465.40853966474339, "entry_exit_feasibility_score": 0, "entry_exit_feasibility_confidence": "medium", "land_availability_frac_built": 0.0, "land_availability_score": 0, "land_availability_confidence": "high", "habitation_building_count": 0, "habitation_population_sum": 18020.173828125, "habitation_proximity_score": 0, "habitation_proximity_confidence": "high", "hydraulic_sensitivity_index": 0.16516471305158262, "hydraulic_sensitivity_confidence": "low", "composite_score": 0.29129117826289569, "severity_band": "low", "robust_hotspot": false }, "geometry": { "type": "LineString", "coordinates": [ [ 75.769034412096289, 26.905693269557197 ], [ 75.76900758881213, 26.905068203502012 ], [ 75.768736049677486, 26.904935471695698 ] ] } },
{ "type": "Feature", "properties": { "chainage_m": 6900, "segment_length_m": 100.0, "radius_m": 132.01787299197539, "railway_crossing_score": 0, "railway_crossing_confidence": "high", "metro_interface_score": 0, "metro_interface_confidence": "high", "existing_elevated_structure_score": 3, "existing_elevated_structure_confidence": "high", "major_arterial_crossing_score": 0, "major_arterial_crossing_confidence": "high", "restricted_military_area_score": 0, "restricted_military_area_confidence": "low", "eht_line_crossing_score": 3, "eht_line_crossing_confidence": "low", "dam_check_structure_score": 0, "dam_check_structure_confidence": "medium", "curve_severity_score": 3, "curve_severity_confidence": "high", "irc86_min_radius_m": 150, "entry_exit_distance_to_arterial_m": 466.12158020348841, "entry_exit_feasibility_score": 0, "entry_exit_feasibility_confidence": "medium", "land_availability_frac_built": 0.0, "land_availability_score": 0, "land_availability_confidence": "high", "habitation_building_count": 0, "habitation_population_sum": 18020.173828125, "habitation_proximity_score": 0, "habitation_proximity_confidence": "high", "hydraulic_sensitivity_index": 0.16516471305158262, "hydraulic_sensitivity_confidence": "low", "composite_score": 0.79129117826289563, "severity_band": "high", "robust_hotspot": false }, "geometry": { "type": "LineString", "coordinates": [ [ 75.768736049677486, 26.904935471695698 ], [ 75.767851933415628, 26.904503298498515 ] ] } },
{ "type": "Feature", "properties": { "chainage_m": 7000, "segment_length_m": 100.0, "radius_m": 100000.0, "railway_crossing_score": 0, "railway_crossing_confidence": "high", "metro_interface_score": 0, "metro_interface_confidence": "high", "existing_elevated_structure_score": 3, "existing_elevated_structure_confidence": "high", "major_arterial_crossing_score": 0, "major_arterial_crossing_confidence": "high", "restricted_military_area_score": 0, "restricted_military_area_confidence": "low", "eht_line_crossing_score": 3, "eht_line_crossing_confidence": "low", "dam_check_structure_score": 0, "dam_check_structure_confidence": "medium", "curve_severity_score": 0, "curve_severity_confidence": "high", "irc86_min_radius_m": 150, "entry_exit_distance_to_arterial_m": 467.45537673750334, "entry_exit_feasibility_score": 0, "entry_exit_feasibility_confidence": "medium", "land_availability_frac_built": 0.0, "land_availability_score": 0, "land_availability_confidence": "high", "habitation_building_count": 0, "habitation_population_sum": 18020.173828125, "habitation_proximity_score": 0, "habitation_proximity_confidence": "high", "hydraulic_sensitivity_index": 0.16516471305158262, "hydraulic_sensitivity_confidence": "low", "composite_score": 0.54129117826289563, "severity_band": "medium", "robust_hotspot": false }, "geometry": { "type": "LineString", "coordinates": [ [ 75.767851933415628, 26.904503298498515 ], [ 75.766967823783787, 26.904071119596793 ] ] } },
{ "type": "Feature", "properties": { "chainage_m": 7100, "segment_length_m": 100.0, "radius_m": 100000.0, "railway_crossing_score": 0, "railway_crossing_confidence": "high", "metro_interface_score": 0, "metro_interface_confidence": "high", "existing_elevated_structure_score": 3, "existing_elevated_structure_confidence": "high", "major_arterial_crossing_score": 0, "major_arterial_crossing_confidence": "high", "restricted_military_area_score": 0, "restricted_military_area_confidence": "low", "eht_line_crossing_score": 3, "eht_line_crossing_confidence": "low", "dam_check_structure_score": 0, "dam_check_structure_confidence": "medium", "curve_severity_score": 0, "curve_severity_confidence": "high", "irc86_min_radius_m": 150, "entry_exit_distance_to_arterial_m": 471.06928781444441, "entry_exit_feasibility_score": 0, "entry_exit_feasibility_confidence": "medium", "land_availability_frac_built": 0.00015097988006087338, "land_availability_score": 0, "land_availability_confidence": "high", "habitation_building_count": 4, "habitation_population_sum": 29445.15234375, "habitation_proximity_score": 1, "habitation_proximity_confidence": "high", "hydraulic_sensitivity_index": 0.16516471305158262, "hydraulic_sensitivity_confidence": "low", "composite_score": 0.624624511596229, "severity_band": "medium", "robust_hotspot": false }, "geometry": { "type": "LineString", "coordinates": [ [ 75.766967823783787, 26.904071119596793 ], [ 75.766083720781992, 26.903638934990852 ] ] } },
{ "type": "Feature", "properties": { "chainage_m": 7200, "segment_length_m": 100.0, "radius_m": 100000.0, "railway_crossing_score": 0, "railway_crossing_confidence": "high", "metro_interface_score": 0, "metro_interface_confidence": "high", "existing_elevated_structure_score": 3, "existing_elevated_structure_confidence": "high", "major_arterial_crossing_score": 0, "major_arterial_crossing_confidence": "high", "restricted_military_area_score": 0, "restricted_military_area_confidence": "low", "eht_line_crossing_score": 3, "eht_line_crossing_confidence": "low", "dam_check_structure_score": 0, "dam_check_structure_confidence": "medium", "curve_severity_score": 0, "curve_severity_confidence": "high", "irc86_min_radius_m": 150, "entry_exit_distance_to_arterial_m": 475.17304032299177, "entry_exit_feasibility_score": 0, "entry_exit_feasibility_confidence": "medium", "land_availability_frac_built": 0.043061645567930247, "land_availability_score": 0, "land_availability_confidence": "high", "habitation_building_count": 4, "habitation_population_sum": 29445.15234375, "habitation_proximity_score": 1, "habitation_proximity_confidence": "high", "hydraulic_sensitivity_index": 0.16516471305158262, "hydraulic_sensitivity_confidence": "low", "composite_score": 0.624624511596229, "severity_band": "medium", "robust_hotspot": false }, "geometry": { "type": "LineString", "coordinates": [ [ 75.766083720781992, 26.903638934990852 ], [ 75.765199624410272, 26.903206744680993 ] ] } },
{ "type": "Feature", "properties": { "chainage_m": 7300, "segment_length_m": 100.0, "radius_m": 100000.0, "railway_crossing_score": 0, "railway_crossing_confidence": "high", "metro_interface_score": 0, "metro_interface_confidence": "high", "existing_elevated_structure_score": 3, "existing_elevated_structure_confidence": "high", "major_arterial_crossing_score": 0, "major_arterial_crossing_confidence": "high", "restricted_military_area_score": 0, "restricted_military_area_confidence": "low", "eht_line_crossing_score": 3, "eht_line_crossing_confidence": "low", "dam_check_structure_score": 0, "dam_check_structure_confidence": "medium", "curve_severity_score": 0, "curve_severity_confidence": "high", "irc86_min_radius_m": 150, "entry_exit_distance_to_arterial_m": 458.41125230612607, "entry_exit_feasibility_score": 0, "entry_exit_feasibility_confidence": "medium", "land_availability_frac_built": 0.043061645567851449, "land_availability_score": 0, "land_availability_confidence": "high", "habitation_building_count": 4, "habitation_population_sum": 29445.15234375, "habitation_proximity_score": 1, "habitation_proximity_confidence": "high", "hydraulic_sensitivity_index": 0.16516471305158262, "hydraulic_sensitivity_confidence": "low", "composite_score": 0.624624511596229, "severity_band": "medium", "robust_hotspot": false }, "geometry": { "type": "LineString", "coordinates": [ [ 75.765199624410272, 26.903206744680993 ], [ 75.764315534668668, 26.902774548667526 ] ] } },
{ "type": "Feature", "properties": { "chainage_m": 7400, "segment_length_m": 100.0, "radius_m": 100000.0, "railway_crossing_score": 0, "railway_crossing_confidence": "high", "metro_interface_score": 0, "metro_interface_confidence": "high", "existing_elevated_structure_score": 3, "existing_elevated_structure_confidence": "high", "major_arterial_crossing_score": 0, "major_arterial_crossing_confidence": "high", "restricted_military_area_score": 0, "restricted_military_area_confidence": "low", "eht_line_crossing_score": 3, "eht_line_crossing_confidence": "low", "dam_check_structure_score": 0, "dam_check_structure_confidence": "medium", "curve_severity_score": 0, "curve_severity_confidence": "high", "irc86_min_radius_m": 150, "entry_exit_distance_to_arterial_m": 409.63870744086017, "entry_exit_feasibility_score": 0, "entry_exit_feasibility_confidence": "medium", "land_availability_frac_built": 0.0, "land_availability_score": 0, "land_availability_confidence": "high", "habitation_building_count": 0, "habitation_population_sum": 11424.9794921875, "habitation_proximity_score": 0, "habitation_proximity_confidence": "high", "hydraulic_sensitivity_index": 0.16516471305158262, "hydraulic_sensitivity_confidence": "low", "composite_score": 0.54129117826289563, "severity_band": "medium", "robust_hotspot": false }, "geometry": { "type": "LineString", "coordinates": [ [ 75.764315534668668, 26.902774548667526 ], [ 75.763431451557196, 26.902342346950757 ] ] } },
{ "type": "Feature", "properties": { "chainage_m": 7500, "segment_length_m": 100.0, "radius_m": 100000.0, "railway_crossing_score": 0, "railway_crossing_confidence": "high", "metro_interface_score": 0, "metro_interface_confidence": "high", "existing_elevated_structure_score": 0, "existing_elevated_structure_confidence": "high", "major_arterial_crossing_score": 0, "major_arterial_crossing_confidence": "high", "restricted_military_area_score": 0, "restricted_military_area_confidence": "low", "eht_line_crossing_score": 3, "eht_line_crossing_confidence": "low", "dam_check_structure_score": 0, "dam_check_structure_confidence": "medium", "curve_severity_score": 0, "curve_severity_confidence": "high", "irc86_min_radius_m": 150, "entry_exit_distance_to_arterial_m": 361.50484625163409, "entry_exit_feasibility_score": 0, "entry_exit_feasibility_confidence": "medium", "land_availability_frac_built": 0.0, "land_availability_score": 0, "land_availability_confidence": "high", "habitation_building_count": 0, "habitation_population_sum": 11424.9794921875, "habitation_proximity_score": 0, "habitation_proximity_confidence": "high", "hydraulic_sensitivity_index": 0.16516471305158262, "hydraulic_sensitivity_confidence": "low", "composite_score": 0.29129117826289569, "severity_band": "low", "robust_hotspot": false }, "geometry": { "type": "LineString", "coordinates": [ [ 75.763431451557196, 26.902342346950757 ], [ 75.762547375075897, 26.901910139531001 ] ] } },
{ "type": "Feature", "properties": { "chainage_m": 7600, "segment_length_m": 100.0, "radius_m": 202.11071189901838, "railway_crossing_score": 0, "railway_crossing_confidence": "high", "metro_interface_score": 0, "metro_interface_confidence": "high", "existing_elevated_structure_score": 0, "existing_elevated_structure_confidence": "high", "major_arterial_crossing_score": 0, "major_arterial_crossing_confidence": "high", "restricted_military_area_score": 0, "restricted_military_area_confidence": "low", "eht_line_crossing_score": 3, "eht_line_crossing_confidence": "low", "dam_check_structure_score": 0, "dam_check_structure_confidence": "medium", "curve_severity_score": 0, "curve_severity_confidence": "high", "irc86_min_radius_m": 150, "entry_exit_distance_to_arterial_m": 282.2442975635139, "entry_exit_feasibility_score": 0, "entry_exit_feasibility_confidence": "medium", "land_availability_frac_built": 0.0, "land_availability_score": 0, "land_availability_confidence": "high", "habitation_building_count": 0, "habitation_population_sum": 11424.9794921875, "habitation_proximity_score": 0, "habitation_proximity_confidence": "high", "hydraulic_sensitivity_index": 0.16516471305158262, "hydraulic_sensitivity_confidence": "low", "composite_score": 0.29129117826289569, "severity_band": "low", "robust_hotspot": false }, "geometry": { "type": "LineString", "coordinates": [ [ 75.762547375075897, 26.901910139531001 ], [ 75.762276083897902, 26.90177750887284 ], [ 75.762019904889513, 26.901195416398508 ] ] } },
{ "type": "Feature", "properties": { "chainage_m": 7700, "segment_length_m": 100.0, "radius_m": 467.83098319903144, "railway_crossing_score": 0, "railway_crossing_confidence": "high", "metro_interface_score": 0, "metro_interface_confidence": "high", "existing_elevated_structure_score": 0, "existing_elevated_structure_confidence": "high", "major_arterial_crossing_score": 0, "major_arterial_crossing_confidence": "high", "restricted_military_area_score": 0, "restricted_military_area_confidence": "low", "eht_line_crossing_score": 3, "eht_line_crossing_confidence": "low", "dam_check_structure_score": 0, "dam_check_structure_confidence": "medium", "curve_severity_score": 0, "curve_severity_confidence": "high", "irc86_min_radius_m": 150, "entry_exit_distance_to_arterial_m": 189.17761688729331, "entry_exit_feasibility_score": 0, "entry_exit_feasibility_confidence": "medium", "land_availability_frac_built": 0.0, "land_availability_score": 0, "land_availability_confidence": "high", "habitation_building_count": 0, "habitation_population_sum": 28142.203125, "habitation_proximity_score": 0, "habitation_proximity_confidence": "high", "hydraulic_sensitivity_index": 0.16516471305158262, "hydraulic_sensitivity_confidence": "low", "composite_score": 0.29129117826289569, "severity_band": "low", "robust_hotspot": false }, "geometry": { "type": "LineString", "coordinates": [ [ 75.762019904889513, 26.901195416398508 ], [ 75.761650314727419, 26.900355618196603 ] ] } },
{ "type": "Feature", "properties": { "chainage_m": 7800, "segment_length_m": 100.0, "radius_m": 100000.0, "railway_crossing_score": 0, "railway_crossing_confidence": "high", "metro_interface_score": 0, "metro_interface_confidence": "high", "existing_elevated_structure_score": 0, "existing_elevated_structure_confidence": "high", "major_arterial_crossing_score": 0, "major_arterial_crossing_confidence": "high", "restricted_military_area_score": 0, "restricted_military_area_confidence": "low", "eht_line_crossing_score": 3, "eht_line_crossing_confidence": "low", "dam_check_structure_score": 0, "dam_check_structure_confidence": "medium", "curve_severity_score": 0, "curve_severity_confidence": "high", "irc86_min_radius_m": 150, "entry_exit_distance_to_arterial_m": 95.738126699823354, "entry_exit_feasibility_score": 0, "entry_exit_feasibility_confidence": "medium", "land_availability_frac_built": 0.0, "land_availability_score": 0, "land_availability_confidence": "high", "habitation_building_count": 0, "habitation_population_sum": 28142.203125, "habitation_proximity_score": 0, "habitation_proximity_confidence": "high", "hydraulic_sensitivity_index": 0.16516471305158262, "hydraulic_sensitivity_confidence": "low", "composite_score": 0.29129117826289569, "severity_band": "low", "robust_hotspot": false }, "geometry": { "type": "LineString", "coordinates": [ [ 75.761650314727419, 26.900355618196603 ], [ 75.761280730170839, 26.899515818813338 ] ] } },
{ "type": "Feature", "properties": { "chainage_m": 7900, "segment_length_m": 100.0, "radius_m": 100000.0, "railway_crossing_score": 0, "railway_crossing_confidence": "high", "metro_interface_score": 0, "metro_interface_confidence": "high", "existing_elevated_structure_score": 3, "existing_elevated_structure_confidence": "high", "major_arterial_crossing_score": 3, "major_arterial_crossing_confidence": "high", "restricted_military_area_score": 0, "restricted_military_area_confidence": "low", "eht_line_crossing_score": 3, "eht_line_crossing_confidence": "low", "dam_check_structure_score": 0, "dam_check_structure_confidence": "medium", "curve_severity_score": 0, "curve_severity_confidence": "high", "irc86_min_radius_m": 150, "entry_exit_distance_to_arterial_m": 2.156575467365295, "entry_exit_feasibility_score": 0, "entry_exit_feasibility_confidence": "medium", "land_availability_frac_built": 0.0, "land_availability_score": 0, "land_availability_confidence": "high", "habitation_building_count": 0, "habitation_population_sum": 28142.203125, "habitation_proximity_score": 0, "habitation_proximity_confidence": "high", "hydraulic_sensitivity_index": 0.16516471305158262, "hydraulic_sensitivity_confidence": "low", "composite_score": 0.79129117826289563, "severity_band": "high", "robust_hotspot": false }, "geometry": { "type": "LineString", "coordinates": [ [ 75.761280730170839, 26.899515818813338 ], [ 75.760911151219432, 26.898676018248807 ] ] } },
{ "type": "Feature", "properties": { "chainage_m": 8000, "segment_length_m": 100.0, "radius_m": 100000.0, "railway_crossing_score": 0, "railway_crossing_confidence": "high", "metro_interface_score": 0, "metro_interface_confidence": "high", "existing_elevated_structure_score": 3, "existing_elevated_structure_confidence": "high", "major_arterial_crossing_score": 3, "major_arterial_crossing_confidence": "high", "restricted_military_area_score": 0, "restricted_military_area_confidence": "low", "eht_line_crossing_score": 3, "eht_line_crossing_confidence": "low", "dam_check_structure_score": 0, "dam_check_structure_confidence": "medium", "curve_severity_score": 0, "curve_severity_confidence": "high", "irc86_min_radius_m": 150, "entry_exit_distance_to_arterial_m": 0.0, "entry_exit_feasibility_score": 0, "entry_exit_feasibility_confidence": "medium", "land_availability_frac_built": 0.0, "land_availability_score": 0, "land_availability_confidence": "high", "habitation_building_count": 0, "habitation_population_sum": 16717.22265625, "habitation_proximity_score": 0, "habitation_proximity_confidence": "high", "hydraulic_sensitivity_index": 0.16516471305158262, "hydraulic_sensitivity_confidence": "low", "composite_score": 0.79129117826289563, "severity_band": "high", "robust_hotspot": false }, "geometry": { "type": "LineString", "coordinates": [ [ 75.760911151219432, 26.898676018248807 ], [ 75.760541577872871, 26.897836216503144 ] ] } },
{ "type": "Feature", "properties": { "chainage_m": 8100, "segment_length_m": 100.0, "radius_m": 100000.0, "railway_crossing_score": 0, "railway_crossing_confidence": "high", "metro_interface_score": 0, "metro_interface_confidence": "high", "existing_elevated_structure_score": 3, "existing_elevated_structure_confidence": "high", "major_arterial_crossing_score": 0, "major_arterial_crossing_confidence": "high", "restricted_military_area_score": 0, "restricted_military_area_confidence": "low", "eht_line_crossing_score": 3, "eht_line_crossing_confidence": "low", "dam_check_structure_score": 0, "dam_check_structure_confidence": "medium", "curve_severity_score": 0, "curve_severity_confidence": "high", "irc86_min_radius_m": 150, "entry_exit_distance_to_arterial_m": 77.047313093627494, "entry_exit_feasibility_score": 0, "entry_exit_feasibility_confidence": "medium", "land_availability_frac_built": 0.0, "land_availability_score": 0, "land_availability_confidence": "high", "habitation_building_count": 0, "habitation_population_sum": 16717.22265625, "habitation_proximity_score": 0, "habitation_proximity_confidence": "high", "hydraulic_sensitivity_index": 0.16516471305158262, "hydraulic_sensitivity_confidence": "low", "composite_score": 0.54129117826289563, "severity_band": "medium", "robust_hotspot": false }, "geometry": { "type": "LineString", "coordinates": [ [ 75.760541577872871, 26.897836216503144 ], [ 75.760172010130816, 26.896996413576428 ] ] } },
{ "type": "Feature", "properties": { "chainage_m": 8200, "segment_length_m": 100.0, "radius_m": 100000.0, "railway_crossing_score": 0, "railway_crossing_confidence": "high", "metro_interface_score": 0, "metro_interface_confidence": "high", "existing_elevated_structure_score": 0, "existing_elevated_structure_confidence": "high", "major_arterial_crossing_score": 0, "major_arterial_crossing_confidence": "high", "restricted_military_area_score": 0, "restricted_military_area_confidence": "low", "eht_line_crossing_score": 3, "eht_line_crossing_confidence": "low", "dam_check_structure_score": 0, "dam_check_structure_confidence": "medium", "curve_severity_score": 0, "curve_severity_confidence": "high", "irc86_min_radius_m": 150, "entry_exit_distance_to_arterial_m": 170.58974940497879, "entry_exit_feasibility_score": 0, "entry_exit_feasibility_confidence": "medium", "land_availability_frac_built": 0.0, "land_availability_score": 0, "land_availability_confidence": "high", "habitation_building_count": 0, "habitation_population_sum": 16717.22265625, "habitation_proximity_score": 0, "habitation_proximity_confidence": "high", "hydraulic_sensitivity_index": 0.16516471305158262, "hydraulic_sensitivity_confidence": "low", "composite_score": 0.29129117826289569, "severity_band": "low", "robust_hotspot": false }, "geometry": { "type": "LineString", "coordinates": [ [ 75.760172010130816, 26.896996413576428 ], [ 75.759802447992925, 26.896156609468779 ] ] } },
{ "type": "Feature", "properties": { "chainage_m": 8300, "segment_length_m": 100.0, "radius_m": 100000.0, "railway_crossing_score": 0, "railway_crossing_confidence": "high", "metro_interface_score": 0, "metro_interface_confidence": "high", "existing_elevated_structure_score": 0, "existing_elevated_structure_confidence": "high", "major_arterial_crossing_score": 0, "major_arterial_crossing_confidence": "high", "restricted_military_area_score": 0, "restricted_military_area_confidence": "low", "eht_line_crossing_score": 0, "eht_line_crossing_confidence": "low", "dam_check_structure_score": 3, "dam_check_structure_confidence": "medium", "curve_severity_score": 0, "curve_severity_confidence": "high", "irc86_min_radius_m": 150, "entry_exit_distance_to_arterial_m": 264.11290606160532, "entry_exit_feasibility_score": 0, "entry_exit_feasibility_confidence": "medium", "land_availability_frac_built": 0.0, "land_availability_score": 0, "land_availability_confidence": "high", "habitation_building_count": 0, "habitation_population_sum": 16717.22265625, "habitation_proximity_score": 0, "habitation_proximity_confidence": "high", "hydraulic_sensitivity_index": 0.16516471305158262, "hydraulic_sensitivity_confidence": "low", "composite_score": 0.29129117826289569, "severity_band": "low", "robust_hotspot": false }, "geometry": { "type": "LineString", "coordinates": [ [ 75.759802447992925, 26.896156609468779 ], [ 75.759432891458829, 26.8953168041803 ] ] } },
{ "type": "Feature", "properties": { "chainage_m": 8400, "segment_length_m": 100.0, "radius_m": 100000.0, "railway_crossing_score": 0, "railway_crossing_confidence": "high", "metro_interface_score": 0, "metro_interface_confidence": "high", "existing_elevated_structure_score": 0, "existing_elevated_structure_confidence": "high", "major_arterial_crossing_score": 0, "major_arterial_crossing_confidence": "high", "restricted_military_area_score": 0, "restricted_military_area_confidence": "low", "eht_line_crossing_score": 0, "eht_line_crossing_confidence": "low", "dam_check_structure_score": 3, "dam_check_structure_confidence": "medium", "curve_severity_score": 0, "curve_severity_confidence": "high", "irc86_min_radius_m": 150, "entry_exit_distance_to_arterial_m": 357.36494662053354, "entry_exit_feasibility_score": 0, "entry_exit_feasibility_confidence": "medium", "land_availability_frac_built": 0.0, "land_availability_score": 0, "land_availability_confidence": "high", "habitation_building_count": 0, "habitation_population_sum": 16717.22265625, "habitation_proximity_score": 0, "habitation_proximity_confidence": "high", "hydraulic_sensitivity_index": 0.16516471305158262, "hydraulic_sensitivity_confidence": "low", "composite_score": 0.29129117826289569, "severity_band": "low", "robust_hotspot": false }, "geometry": { "type": "LineString", "coordinates": [ [ 75.759432891458829, 26.8953168041803 ], [ 75.759063340528215, 26.894476997711102 ] ] } },
{ "type": "Feature", "properties": { "chainage_m": 8500, "segment_length_m": 100.0, "radius_m": 100000.0, "railway_crossing_score": 0, "railway_crossing_confidence": "high", "metro_interface_score": 0, "metro_interface_confidence": "high", "existing_elevated_structure_score": 0, "existing_elevated_structure_confidence": "high", "major_arterial_crossing_score": 0, "major_arterial_crossing_confidence": "high", "restricted_military_area_score": 0, "restricted_military_area_confidence": "low", "eht_line_crossing_score": 0, "eht_line_crossing_confidence": "low", "dam_check_structure_score": 3, "dam_check_structure_confidence": "medium", "curve_severity_score": 0, "curve_severity_confidence": "high", "irc86_min_radius_m": 150, "entry_exit_distance_to_arterial_m": 450.22283943292911, "entry_exit_feasibility_score": 0, "entry_exit_feasibility_confidence": "medium", "land_availability_frac_built": 0.0, "land_availability_score": 0, "land_availability_confidence": "high", "habitation_building_count": 0, "habitation_population_sum": 16717.22265625, "habitation_proximity_score": 0, "habitation_proximity_confidence": "high", "hydraulic_sensitivity_index": 0.16516471305158262, "hydraulic_sensitivity_confidence": "low", "composite_score": 0.29129117826289569, "severity_band": "low", "robust_hotspot": false }, "geometry": { "type": "LineString", "coordinates": [ [ 75.759063340528215, 26.894476997711102 ], [ 75.758693795200742, 26.893637190061284 ] ] } },
{ "type": "Feature", "properties": { "chainage_m": 8600, "segment_length_m": 100.0, "radius_m": 100000.0, "railway_crossing_score": 0, "railway_crossing_confidence": "high", "metro_interface_score": 0, "metro_interface_confidence": "high", "existing_elevated_structure_score": 0, "existing_elevated_structure_confidence": "high", "major_arterial_crossing_score": 0, "major_arterial_crossing_confidence": "high", "restricted_military_area_score": 0, "restricted_military_area_confidence": "low", "eht_line_crossing_score": 0, "eht_line_crossing_confidence": "low", "dam_check_structure_score": 0, "dam_check_structure_confidence": "medium", "curve_severity_score": 0, "curve_severity_confidence": "high", "irc86_min_radius_m": 150, "entry_exit_distance_to_arterial_m": 542.07208332702919, "entry_exit_feasibility_score": 0, "entry_exit_feasibility_confidence": "medium", "land_availability_frac_built": 0.0, "land_availability_score": 0, "land_availability_confidence": "high", "habitation_building_count": 0, "habitation_population_sum": 16717.22265625, "habitation_proximity_score": 0, "habitation_proximity_confidence": "high", "hydraulic_sensitivity_index": 0.16516471305158262, "hydraulic_sensitivity_confidence": "low", "composite_score": 0.041291178262895654, "severity_band": "low", "robust_hotspot": false }, "geometry": { "type": "LineString", "coordinates": [ [ 75.758693795200742, 26.893637190061284 ], [ 75.758324255476069, 26.892797381230963 ] ] } },
{ "type": "Feature", "properties": { "chainage_m": 8700, "segment_length_m": 100.0, "radius_m": 100000.0, "railway_crossing_score": 0, "railway_crossing_confidence": "high", "metro_interface_score": 0, "metro_interface_confidence": "high", "existing_elevated_structure_score": 0, "existing_elevated_structure_confidence": "high", "major_arterial_crossing_score": 0, "major_arterial_crossing_confidence": "high", "restricted_military_area_score": 0, "restricted_military_area_confidence": "low", "eht_line_crossing_score": 0, "eht_line_crossing_confidence": "low", "dam_check_structure_score": 0, "dam_check_structure_confidence": "medium", "curve_severity_score": 0, "curve_severity_confidence": "high", "irc86_min_radius_m": 150, "entry_exit_distance_to_arterial_m": 635.40301571505404, "entry_exit_feasibility_score": 0, "entry_exit_feasibility_confidence": "medium", "land_availability_frac_built": 0.0, "land_availability_score": 0, "land_availability_confidence": "high", "habitation_building_count": 0, "habitation_population_sum": 49084.46484375, "habitation_proximity_score": 0, "habitation_proximity_confidence": "high", "hydraulic_sensitivity_index": 0.16516471305158262, "hydraulic_sensitivity_confidence": "low", "composite_score": 0.041291178262895654, "severity_band": "low", "robust_hotspot": false }, "geometry": { "type": "LineString", "coordinates": [ [ 75.758324255476069, 26.892797381230963 ], [ 75.75795472135384, 26.891957571220249 ] ] } },
{ "type": "Feature", "properties": { "chainage_m": 8800, "segment_length_m": 100.0, "radius_m": 100000.0, "railway_crossing_score": 0, "railway_crossing_confidence": "high", "metro_interface_score": 0, "metro_interface_confidence": "high", "existing_elevated_structure_score": 3, "existing_elevated_structure_confidence": "high", "major_arterial_crossing_score": 0, "major_arterial_crossing_confidence": "high", "restricted_military_area_score": 0, "restricted_military_area_confidence": "low", "eht_line_crossing_score": 0, "eht_line_crossing_confidence": "low", "dam_check_structure_score": 0, "dam_check_structure_confidence": "medium", "curve_severity_score": 0, "curve_severity_confidence": "high", "irc86_min_radius_m": 150, "entry_exit_distance_to_arterial_m": 705.28649235501155, "entry_exit_feasibility_score": 0, "entry_exit_feasibility_confidence": "medium", "land_availability_frac_built": 0.0, "land_availability_score": 0, "land_availability_confidence": "high", "habitation_building_count": 0, "habitation_population_sum": 49084.46484375, "habitation_proximity_score": 0, "habitation_proximity_confidence": "high", "hydraulic_sensitivity_index": 0.16516471305158262, "hydraulic_sensitivity_confidence": "low", "composite_score": 0.29129117826289569, "severity_band": "low", "robust_hotspot": false }, "geometry": { "type": "LineString", "coordinates": [ [ 75.75795472135384, 26.891957571220249 ], [ 75.75758519283373, 26.891117760029228 ] ] } },
{ "type": "Feature", "properties": { "chainage_m": 8900, "segment_length_m": 100.0, "radius_m": 100000.0, "railway_crossing_score": 0, "railway_crossing_confidence": "high", "metro_interface_score": 0, "metro_interface_confidence": "high", "existing_elevated_structure_score": 3, "existing_elevated_structure_confidence": "high", "major_arterial_crossing_score": 0, "major_arterial_crossing_confidence": "high", "restricted_military_area_score": 0, "restricted_military_area_confidence": "low", "eht_line_crossing_score": 0, "eht_line_crossing_confidence": "low", "dam_check_structure_score": 3, "dam_check_structure_confidence": "medium", "curve_severity_score": 0, "curve_severity_confidence": "high", "irc86_min_radius_m": 150, "entry_exit_distance_to_arterial_m": 768.75824301733894, "entry_exit_feasibility_score": 0, "entry_exit_feasibility_confidence": "medium", "land_availability_frac_built": 0.0, "land_availability_score": 0, "land_availability_confidence": "high", "habitation_building_count": 0, "habitation_population_sum": 49084.46484375, "habitation_proximity_score": 0, "habitation_proximity_confidence": "high", "hydraulic_sensitivity_index": 0.16516471305158262, "hydraulic_sensitivity_confidence": "low", "composite_score": 0.54129117826289563, "severity_band": "medium", "robust_hotspot": false }, "geometry": { "type": "LineString", "coordinates": [ [ 75.75758519283373, 26.891117760029228 ], [ 75.757215669915382, 26.890277947658031 ] ] } },
{ "type": "Feature", "properties": { "chainage_m": 9000, "segment_length_m": 100.0, "radius_m": 100000.0, "railway_crossing_score": 0, "railway_crossing_confidence": "high", "metro_interface_score": 0, "metro_interface_confidence": "high", "existing_elevated_structure_score": 3, "existing_elevated_structure_confidence": "high", "major_arterial_crossing_score": 0, "major_arterial_crossing_confidence": "high", "restricted_military_area_score": 0, "restricted_military_area_confidence": "low", "eht_line_crossing_score": 0, "eht_line_crossing_confidence": "low", "dam_check_structure_score": 3, "dam_check_structure_confidence": "medium", "curve_severity_score": 0, "curve_severity_confidence": "high", "irc86_min_radius_m": 150, "entry_exit_distance_to_arterial_m": 831.22469475301057, "entry_exit_feasibility_score": 0, "entry_exit_feasibility_confidence": "medium", "land_availability_frac_built": 0.0, "land_availability_score": 0, "land_availability_confidence": "high", "habitation_building_count": 0, "habitation_population_sum": 18406.42578125, "habitation_proximity_score": 0, "habitation_proximity_confidence": "high", "hydraulic_sensitivity_index": 0.29962003082768757, "hydraulic_sensitivity_confidence": "low", "composite_score": 0.57490500770692188, "severity_band": "medium", "robust_hotspot": false }, "geometry": { "type": "LineString", "coordinates": [ [ 75.757215669915382, 26.890277947658031 ], [ 75.75684615259847, 26.889438134106747 ] ] } },
{ "type": "Feature", "properties": { "chainage_m": 9100, "segment_length_m": 100.0, "radius_m": 100000.0, "railway_crossing_score": 0, "railway_crossing_confidence": "high", "metro_interface_score": 0, "metro_interface_confidence": "high", "existing_elevated_structure_score": 0, "existing_elevated_structure_confidence": "high", "major_arterial_crossing_score": 0, "major_arterial_crossing_confidence": "high", "restricted_military_area_score": 0, "restricted_military_area_confidence": "low", "eht_line_crossing_score": 0, "eht_line_crossing_confidence": "low", "dam_check_structure_score": 3, "dam_check_structure_confidence": "medium", "curve_severity_score": 0, "curve_severity_confidence": "high", "irc86_min_radius_m": 150, "entry_exit_distance_to_arterial_m": 894.73465187334807, "entry_exit_feasibility_score": 0, "entry_exit_feasibility_confidence": "medium", "land_availability_frac_built": 0.0, "land_availability_score": 0, "land_availability_confidence": "high", "habitation_building_count": 0, "habitation_population_sum": 18406.42578125, "habitation_proximity_score": 0, "habitation_proximity_confidence": "high", "hydraulic_sensitivity_index": 0.29962003082768757, "hydraulic_sensitivity_confidence": "low", "composite_score": 0.32490500770692193, "severity_band": "low", "robust_hotspot": false }, "geometry": { "type": "LineString", "coordinates": [ [ 75.75684615259847, 26.889438134106747 ], [ 75.756476640882667, 26.88859831937549 ] ] } },
{ "type": "Feature", "properties": { "chainage_m": 9200, "segment_length_m": 100.0, "radius_m": 482.51045686010281, "railway_crossing_score": 0, "railway_crossing_confidence": "high", "metro_interface_score": 0, "metro_interface_confidence": "high", "existing_elevated_structure_score": 3, "existing_elevated_structure_confidence": "high", "major_arterial_crossing_score": 0, "major_arterial_crossing_confidence": "high", "restricted_military_area_score": 0, "restricted_military_area_confidence": "low", "eht_line_crossing_score": 3, "eht_line_crossing_confidence": "low", "dam_check_structure_score": 0, "dam_check_structure_confidence": "medium", "curve_severity_score": 0, "curve_severity_confidence": "high", "irc86_min_radius_m": 150, "entry_exit_distance_to_arterial_m": 841.14876780955888, "entry_exit_feasibility_score": 0, "entry_exit_feasibility_confidence": "medium", "land_availability_frac_built": 0.0, "land_availability_score": 0, "land_availability_confidence": "high", "habitation_building_count": 0, "habitation_population_sum": 18406.42578125, "habitation_proximity_score": 0, "habitation_proximity_confidence": "high", "hydraulic_sensitivity_index": 0.29962003082768757, "hydraulic_sensitivity_confidence": "low", "composite_score": 0.57490500770692188, "severity_band": "medium", "robust_hotspot": false }, "geometry": { "type": "LineString", "coordinates": [ [ 75.756476640882667, 26.88859831937549 ], [ 75.756218705139645, 26.888012082800319 ], [ 75.756311566197013, 26.887752510670246 ] ] } },
{ "type": "Feature", "properties": { "chainage_m": 9300, "segment_length_m": 100.0, "radius_m": 203.68544113235259, "railway_crossing_score": 0, "railway_crossing_confidence": "high", "metro_interface_score": 0, "metro_interface_confidence": "high", "existing_elevated_structure_score": 3, "existing_elevated_structure_confidence": "high", "major_arterial_crossing_score": 0, "major_arterial_crossing_confidence": "high", "restricted_military_area_score": 0, "restricted_military_area_confidence": "low", "eht_line_crossing_score": 3, "eht_line_crossing_confidence": "low", "dam_check_structure_score": 3, "dam_check_structure_confidence": "medium", "curve_severity_score": 0, "curve_severity_confidence": "high", "irc86_min_radius_m": 150, "entry_exit_distance_to_arterial_m": 741.81092121946847, "entry_exit_feasibility_score": 0, "entry_exit_feasibility_confidence": "medium", "land_availability_frac_built": 0.0, "land_availability_score": 0, "land_availability_confidence": "high", "habitation_building_count": 0, "habitation_population_sum": 18406.42578125, "habitation_proximity_score": 0, "habitation_proximity_confidence": "high", "hydraulic_sensitivity_index": 0.29962003082768757, "hydraulic_sensitivity_confidence": "low", "composite_score": 0.82490500770692188, "severity_band": "high", "robust_hotspot": false }, "geometry": { "type": "LineString", "coordinates": [ [ 75.756311566197013, 26.887752510670246 ], [ 75.756619105011623, 26.886892846681693 ] ] } },
{ "type": "Feature", "properties": { "chainage_m": 9400, "segment_length_m": 100.0, "radius_m": 100000.0, "railway_crossing_score": 0, "railway_crossing_confidence": "high", "metro_interface_score": 0, "metro_interface_confidence": "high", "existing_elevated_structure_score": 3, "existing_elevated_structure_confidence": "high", "major_arterial_crossing_score": 0, "major_arterial_crossing_confidence": "high", "restricted_military_area_score": 0, "restricted_military_area_confidence": "low", "eht_line_crossing_score": 3, "eht_line_crossing_confidence": "low", "dam_check_structure_score": 3, "dam_check_structure_confidence": "medium", "curve_severity_score": 0, "curve_severity_confidence": "high", "irc86_min_radius_m": 150, "entry_exit_distance_to_arterial_m": 642.6784857869834, "entry_exit_feasibility_score": 0, "entry_exit_feasibility_confidence": "medium", "land_availability_frac_built": 0.0, "land_availability_score": 0, "land_availability_confidence": "high", "habitation_building_count": 0, "habitation_population_sum": 18406.42578125, "habitation_proximity_score": 0, "habitation_proximity_confidence": "high", "hydraulic_sensitivity_index": 0.29962003082768757, "hydraulic_sensitivity_confidence": "low", "composite_score": 0.82490500770692188, "severity_band": "high", "robust_hotspot": false }, "geometry": { "type": "LineString", "coordinates": [ [ 75.756619105011623, 26.886892846681693 ], [ 75.756926639323268, 26.886033182017435 ] ] } },
{ "type": "Feature", "properties": { "chainage_m": 9500, "segment_length_m": 100.0, "radius_m": 100000.0, "railway_crossing_score": 0, "railway_crossing_confidence": "high", "metro_interface_score": 0, "metro_interface_confidence": "high", "existing_elevated_structure_score": 0, "existing_elevated_structure_confidence": "high", "major_arterial_crossing_score": 0, "major_arterial_crossing_confidence": "high", "restricted_military_area_score": 0, "restricted_military_area_confidence": "low", "eht_line_crossing_score": 3, "eht_line_crossing_confidence": "low", "dam_check_structure_score": 3, "dam_check_structure_confidence": "medium", "curve_severity_score": 0, "curve_severity_confidence": "high", "irc86_min_radius_m": 150, "entry_exit_distance_to_arterial_m": 543.86379668714858, "entry_exit_feasibility_score": 0, "entry_exit_feasibility_confidence": "medium", "land_availability_frac_built": 0.0, "land_availability_score": 0, "land_availability_confidence": "high", "habitation_building_count": 0, "habitation_population_sum": 18406.42578125, "habitation_proximity_score": 0, "habitation_proximity_confidence": "high", "hydraulic_sensitivity_index": 0.29962003082768757, "hydraulic_sensitivity_confidence": "low", "composite_score": 0.57490500770692188, "severity_band": "medium", "robust_hotspot": false }, "geometry": { "type": "LineString", "coordinates": [ [ 75.756926639323268, 26.886033182017435 ], [ 75.757234169132246, 26.88517351667754 ] ] } },
{ "type": "Feature", "properties": { "chainage_m": 9600, "segment_length_m": 100.0, "radius_m": 100000.0, "railway_crossing_score": 0, "railway_crossing_confidence": "high", "metro_interface_score": 0, "metro_interface_confidence": "high", "existing_elevated_structure_score": 0, "existing_elevated_structure_confidence": "high", "major_arterial_crossing_score": 0, "major_arterial_crossing_confidence": "high", "restricted_military_area_score": 0, "restricted_military_area_confidence": "low", "eht_line_crossing_score": 0, "eht_line_crossing_confidence": "low", "dam_check_structure_score": 0, "dam_check_structure_confidence": "medium", "curve_severity_score": 0, "curve_severity_confidence": "high", "irc86_min_radius_m": 150, "entry_exit_distance_to_arterial_m": 445.55489916535242, "entry_exit_feasibility_score": 0, "entry_exit_feasibility_confidence": "medium", "land_availability_frac_built": 0.0, "land_availability_score": 0, "land_availability_confidence": "high", "habitation_building_count": 0, "habitation_population_sum": 18406.42578125, "habitation_proximity_score": 0, "habitation_proximity_confidence": "high", "hydraulic_sensitivity_index": 0.29962003082768757, "hydraulic_sensitivity_confidence": "low", "composite_score": 0.074905007706921892, "severity_band": "low", "robust_hotspot": false }, "geometry": { "type": "LineString", "coordinates": [ [ 75.757234169132246, 26.88517351667754 ], [ 75.757541694438856, 26.884313850662085 ] ] } },
{ "type": "Feature", "properties": { "chainage_m": 9700, "segment_length_m": 100.0, "radius_m": 100000.0, "railway_crossing_score": 0, "railway_crossing_confidence": "high", "metro_interface_score": 0, "metro_interface_confidence": "high", "existing_elevated_structure_score": 0, "existing_elevated_structure_confidence": "high", "major_arterial_crossing_score": 0, "major_arterial_crossing_confidence": "high", "restricted_military_area_score": 0, "restricted_military_area_confidence": "low", "eht_line_crossing_score": 0, "eht_line_crossing_confidence": "low", "dam_check_structure_score": 0, "dam_check_structure_confidence": "medium", "curve_severity_score": 0, "curve_severity_confidence": "high", "irc86_min_radius_m": 150, "entry_exit_distance_to_arterial_m": 347.52755530010359, "entry_exit_feasibility_score": 0, "entry_exit_feasibility_confidence": "medium", "land_availability_frac_built": 0.0, "land_availability_score": 0, "land_availability_confidence": "high", "habitation_building_count": 0, "habitation_population_sum": 30038.07421875, "habitation_proximity_score": 0, "habitation_proximity_confidence": "high", "hydraulic_sensitivity_index": 0.29962003082768757, "hydraulic_sensitivity_confidence": "low", "composite_score": 0.074905007706921892, "severity_band": "low", "robust_hotspot": false }, "geometry": { "type": "LineString", "coordinates": [ [ 75.757541694438856, 26.884313850662085 ], [ 75.757849215243397, 26.883454183971146 ] ] } },
{ "type": "Feature", "properties": { "chainage_m": 9800, "segment_length_m": 100.0, "radius_m": 100000.0, "railway_crossing_score": 0, "railway_crossing_confidence": "high", "metro_interface_score": 0, "metro_interface_confidence": "high", "existing_elevated_structure_score": 0, "existing_elevated_structure_confidence": "high", "major_arterial_crossing_score": 0, "major_arterial_crossing_confidence": "high", "restricted_military_area_score": 0, "restricted_military_area_confidence": "low", "eht_line_crossing_score": 0, "eht_line_crossing_confidence": "low", "dam_check_structure_score": 3, "dam_check_structure_confidence": "medium", "curve_severity_score": 0, "curve_severity_confidence": "high", "irc86_min_radius_m": 150, "entry_exit_distance_to_arterial_m": 249.81849917531466, "entry_exit_feasibility_score": 0, "entry_exit_feasibility_confidence": "medium", "land_availability_frac_built": 0.0, "land_availability_score": 0, "land_availability_confidence": "high", "habitation_building_count": 0, "habitation_population_sum": 30038.07421875, "habitation_proximity_score": 0, "habitation_proximity_confidence": "high", "hydraulic_sensitivity_index": 0.29962003082768757, "hydraulic_sensitivity_confidence": "low", "composite_score": 0.32490500770692193, "severity_band": "low", "robust_hotspot": false }, "geometry": { "type": "LineString", "coordinates": [ [ 75.757849215243397, 26.883454183971146 ], [ 75.75815673154618, 26.882594516604801 ] ] } },
{ "type": "Feature", "properties": { "chainage_m": 9900, "segment_length_m": 100.0, "radius_m": 100000.0, "railway_crossing_score": 0, "railway_crossing_confidence": "high", "metro_interface_score": 3, "metro_interface_confidence": "high", "existing_elevated_structure_score": 0, "existing_elevated_structure_confidence": "high", "major_arterial_crossing_score": 0, "major_arterial_crossing_confidence": "high", "restricted_military_area_score": 0, "restricted_military_area_confidence": "low", "eht_line_crossing_score": 0, "eht_line_crossing_confidence": "low", "dam_check_structure_score": 3, "dam_check_structure_confidence": "medium", "curve_severity_score": 0, "curve_severity_confidence": "high", "irc86_min_radius_m": 150, "entry_exit_distance_to_arterial_m": 153.22337001683508, "entry_exit_feasibility_score": 0, "entry_exit_feasibility_confidence": "medium", "land_availability_frac_built": 0.0, "land_availability_score": 0, "land_availability_confidence": "high", "habitation_building_count": 0, "habitation_population_sum": 13673.880859375, "habitation_proximity_score": 0, "habitation_proximity_confidence": "high", "hydraulic_sensitivity_index": 0.29962003082768757, "hydraulic_sensitivity_confidence": "low", "composite_score": 0.57490500770692188, "severity_band": "medium", "robust_hotspot": false }, "geometry": { "type": "LineString", "coordinates": [ [ 75.75815673154618, 26.882594516604801 ], [ 75.758464243347504, 26.881734848563127 ] ] } },
{ "type": "Feature", "properties": { "chainage_m": 10000, "segment_length_m": 100.0, "radius_m": 100000.0, "railway_crossing_score": 0, "railway_crossing_confidence": "high", "metro_interface_score": 3, "metro_interface_confidence": "high", "existing_elevated_structure_score": 3, "existing_elevated_structure_confidence": "high", "major_arterial_crossing_score": 0, "major_arterial_crossing_confidence": "high", "restricted_military_area_score": 0, "restricted_military_area_confidence": "low", "eht_line_crossing_score": 0, "eht_line_crossing_confidence": "low", "dam_check_structure_score": 0, "dam_check_structure_confidence": "medium", "curve_severity_score": 0, "curve_severity_confidence": "high", "irc86_min_radius_m": 150, "entry_exit_distance_to_arterial_m": 58.759020156067159, "entry_exit_feasibility_score": 0, "entry_exit_feasibility_confidence": "medium", "land_availability_frac_built": 0.0, "land_availability_score": 0, "land_availability_confidence": "high", "habitation_building_count": 0, "habitation_population_sum": 4957.75439453125, "habitation_proximity_score": 0, "habitation_proximity_confidence": "high", "hydraulic_sensitivity_index": 0.29962003082768757, "hydraulic_sensitivity_confidence": "low", "composite_score": 0.57490500770692188, "severity_band": "medium", "robust_hotspot": false }, "geometry": { "type": "LineString", "coordinates": [ [ 75.758464243347504, 26.881734848563127 ], [ 75.758771750647654, 26.88087517984621 ] ] } },
{ "type": "Feature", "properties": { "chainage_m": 10100, "segment_length_m": 100.0, "radius_m": 100000.0, "railway_crossing_score": 0, "railway_crossing_confidence": "high", "metro_interface_score": 3, "metro_interface_confidence": "high", "existing_elevated_structure_score": 3, "existing_elevated_structure_confidence": "high", "major_arterial_crossing_score": 3, "major_arterial_crossing_confidence": "high", "restricted_military_area_score": 0, "restricted_military_area_confidence": "low", "eht_line_crossing_score": 0, "eht_line_crossing_confidence": "low", "dam_check_structure_score": 0, "dam_check_structure_confidence": "medium", "curve_severity_score": 0, "curve_severity_confidence": "high", "irc86_min_radius_m": 150, "entry_exit_distance_to_arterial_m": 0.0, "entry_exit_feasibility_score": 0, "entry_exit_feasibility_confidence": "medium", "land_availability_frac_built": 0.0, "land_availability_score": 0, "land_availability_confidence": "high", "habitation_building_count": 1, "habitation_population_sum": 4957.75439453125, "habitation_proximity_score": 1, "habitation_proximity_confidence": "high", "hydraulic_sensitivity_index": 0.29962003082768757, "hydraulic_sensitivity_confidence": "low", "composite_score": 0.90823834104025514, "severity_band": "high", "robust_hotspot": true }, "geometry": { "type": "LineString", "coordinates": [ [ 75.758771750647654, 26.88087517984621 ], [ 75.759079253446941, 26.880015510454108 ] ] } },
{ "type": "Feature", "properties": { "chainage_m": 10200, "segment_length_m": 100.0, "radius_m": 100000.0, "railway_crossing_score": 0, "railway_crossing_confidence": "high", "metro_interface_score": 3, "metro_interface_confidence": "high", "existing_elevated_structure_score": 3, "existing_elevated_structure_confidence": "high", "major_arterial_crossing_score": 3, "major_arterial_crossing_confidence": "high", "restricted_military_area_score": 0, "restricted_military_area_confidence": "low", "eht_line_crossing_score": 0, "eht_line_crossing_confidence": "low", "dam_check_structure_score": 0, "dam_check_structure_confidence": "medium", "curve_severity_score": 0, "curve_severity_confidence": "high", "irc86_min_radius_m": 150, "entry_exit_distance_to_arterial_m": 10.171620200189651, "entry_exit_feasibility_score": 0, "entry_exit_feasibility_confidence": "medium", "land_availability_frac_built": 0.0, "land_availability_score": 0, "land_availability_confidence": "high", "habitation_building_count": 1, "habitation_population_sum": 4957.75439453125, "habitation_proximity_score": 1, "habitation_proximity_confidence": "high", "hydraulic_sensitivity_index": 0.29962003082768757, "hydraulic_sensitivity_confidence": "low", "composite_score": 0.90823834104025514, "severity_band": "high", "robust_hotspot": true }, "geometry": { "type": "LineString", "coordinates": [ [ 75.759079253446941, 26.880015510454108 ], [ 75.759386751745666, 26.879155840386918 ] ] } },
{ "type": "Feature", "properties": { "chainage_m": 10300, "segment_length_m": 100.0, "radius_m": 100000.0, "railway_crossing_score": 0, "railway_crossing_confidence": "high", "metro_interface_score": 3, "metro_interface_confidence": "high", "existing_elevated_structure_score": 3, "existing_elevated_structure_confidence": "high", "major_arterial_crossing_score": 0, "major_arterial_crossing_confidence": "high", "restricted_military_area_score": 0, "restricted_military_area_confidence": "low", "eht_line_crossing_score": 0, "eht_line_crossing_confidence": "low", "dam_check_structure_score": 0, "dam_check_structure_confidence": "medium", "curve_severity_score": 0, "curve_severity_confidence": "high", "irc86_min_radius_m": 150, "entry_exit_distance_to_arterial_m": 85.079395735105379, "entry_exit_feasibility_score": 0, "entry_exit_feasibility_confidence": "medium", "land_availability_frac_built": 0.0, "land_availability_score": 0, "land_availability_confidence": "high", "habitation_building_count": 2, "habitation_population_sum": 4957.75439453125, "habitation_proximity_score": 1, "habitation_proximity_confidence": "high", "hydraulic_sensitivity_index": 0.29962003082768757, "hydraulic_sensitivity_confidence": "low", "composite_score": 0.65823834104025525, "severity_band": "medium", "robust_hotspot": false }, "geometry": { "type": "LineString", "coordinates": [ [ 75.759386751745666, 26.879155840386918 ], [ 75.759694245544111, 26.878296169644695 ] ] } },
{ "type": "Feature", "properties": { "chainage_m": 10400, "segment_length_m": 100.0, "radius_m": 100000.0, "railway_crossing_score": 0, "railway_crossing_confidence": "high", "metro_interface_score": 3, "metro_interface_confidence": "high", "existing_elevated_structure_score": 0, "existing_elevated_structure_confidence": "high", "major_arterial_crossing_score": 0, "major_arterial_crossing_confidence": "high", "restricted_military_area_score": 0, "restricted_military_area_confidence": "low", "eht_line_crossing_score": 0, "eht_line_crossing_confidence": "low", "dam_check_structure_score": 0, "dam_check_structure_confidence": "medium", "curve_severity_score": 0, "curve_severity_confidence": "high", "irc86_min_radius_m": 150, "entry_exit_distance_to_arterial_m": 153.0828458024873, "entry_exit_feasibility_score": 0, "entry_exit_feasibility_confidence": "medium", "land_availability_frac_built": 0.055073051320364275, "land_availability_score": 0, "land_availability_confidence": "high", "habitation_building_count": 2, "habitation_population_sum": 4957.75439453125, "habitation_proximity_score": 1, "habitation_proximity_confidence": "high", "hydraulic_sensitivity_index": 0.29962003082768757, "hydraulic_sensitivity_confidence": "low", "composite_score": 0.40823834104025525, "severity_band": "low", "robust_hotspot": false }, "geometry": { "type": "LineString", "coordinates": [ [ 75.759694245544111, 26.878296169644695 ], [ 75.760001734842604, 26.877436498227535 ] ] } },
{ "type": "Feature", "properties": { "chainage_m": 10500, "segment_length_m": 100.0, "radius_m": 100000.0, "railway_crossing_score": 0, "railway_crossing_confidence": "high", "metro_interface_score": 0, "metro_interface_confidence": "high", "existing_elevated_structure_score": 0, "existing_elevated_structure_confidence": "high", "major_arterial_crossing_score": 0, "major_arterial_crossing_confidence": "high", "restricted_military_area_score": 0, "restricted_military_area_confidence": "low", "eht_line_crossing_score": 0, "eht_line_crossing_confidence": "low", "dam_check_structure_score": 0, "dam_check_structure_confidence": "medium", "curve_severity_score": 0, "curve_severity_confidence": "high", "irc86_min_radius_m": 150, "entry_exit_distance_to_arterial_m": 230.22646694315654, "entry_exit_feasibility_score": 0, "entry_exit_feasibility_confidence": "medium", "land_availability_frac_built": 0.20379365703873598, "land_availability_score": 0, "land_availability_confidence": "high", "habitation_building_count": 2, "habitation_population_sum": 4957.75439453125, "habitation_proximity_score": 1, "habitation_proximity_confidence": "high", "hydraulic_sensitivity_index": 0.29962003082768757, "hydraulic_sensitivity_confidence": "low", "composite_score": 0.15823834104025522, "severity_band": "low", "robust_hotspot": false }, "geometry": { "type": "LineString", "coordinates": [ [ 75.760001734842604, 26.877436498227535 ], [ 75.760309219641414, 26.876576826135512 ] ] } },
{ "type": "Feature", "properties": { "chainage_m": 10600, "segment_length_m": 100.0, "radius_m": 100000.0, "railway_crossing_score": 0, "railway_crossing_confidence": "high", "metro_interface_score": 0, "metro_interface_confidence": "high", "existing_elevated_structure_score": 0, "existing_elevated_structure_confidence": "high", "major_arterial_crossing_score": 0, "major_arterial_crossing_confidence": "high", "restricted_military_area_score": 0, "restricted_military_area_confidence": "low", "eht_line_crossing_score": 0, "eht_line_crossing_confidence": "low", "dam_check_structure_score": 0, "dam_check_structure_confidence": "medium", "curve_severity_score": 0, "curve_severity_confidence": "high", "irc86_min_radius_m": 150, "entry_exit_distance_to_arterial_m": 317.34473500290875, "entry_exit_feasibility_score": 0, "entry_exit_feasibility_confidence": "medium", "land_availability_frac_built": 0.14169550596782904, "land_availability_score": 0, "land_availability_confidence": "high", "habitation_building_count": 2, "habitation_population_sum": 4957.75439453125, "habitation_proximity_score": 1, "habitation_proximity_confidence": "high", "hydraulic_sensitivity_index": 0.29962003082768757, "hydraulic_sensitivity_confidence": "low", "composite_score": 0.15823834104025522, "severity_band": "low", "robust_hotspot": false }, "geometry": { "type": "LineString", "coordinates": [ [ 75.760309219641414, 26.876576826135512 ], [ 75.760616699940869, 26.875717153368694 ] ] } },
{ "type": "Feature", "properties": { "chainage_m": 10700, "segment_length_m": 100.0, "radius_m": 100000.0, "railway_crossing_score": 0, "railway_crossing_confidence": "high", "metro_interface_score": 0, "metro_interface_confidence": "high", "existing_elevated_structure_score": 0, "existing_elevated_structure_confidence": "high", "major_arterial_crossing_score": 0, "major_arterial_crossing_confidence": "high", "restricted_military_area_score": 0, "restricted_military_area_confidence": "low", "eht_line_crossing_score": 0, "eht_line_crossing_confidence": "low", "dam_check_structure_score": 3, "dam_check_structure_confidence": "medium", "curve_severity_score": 0, "curve_severity_confidence": "high", "irc86_min_radius_m": 150, "entry_exit_distance_to_arterial_m": 407.00515407678478, "entry_exit_feasibility_score": 0, "entry_exit_feasibility_confidence": "medium", "land_availability_frac_built": 0.0, "land_availability_score": 0, "land_availability_confidence": "high", "habitation_building_count": 1, "habitation_population_sum": 9630.052734375, "habitation_proximity_score": 1, "habitation_proximity_confidence": "high", "hydraulic_sensitivity_index": 0.32410653475284079, "hydraulic_sensitivity_confidence": "low", "composite_score": 0.41435996702154348, "severity_band": "low", "robust_hotspot": false }, "geometry": { "type": "LineString", "coordinates": [ [ 75.760616699940869, 26.875717153368694 ], [ 75.760924175741252, 26.874857479927158 ] ] } },
{ "type": "Feature", "properties": { "chainage_m": 10800, "segment_length_m": 100.0, "radius_m": 100000.0, "railway_crossing_score": 0, "railway_crossing_confidence": "high", "metro_interface_score": 0, "metro_interface_confidence": "high", "existing_elevated_structure_score": 0, "existing_elevated_structure_confidence": "high", "major_arterial_crossing_score": 0, "major_arterial_crossing_confidence": "high", "restricted_military_area_score": 0, "restricted_military_area_confidence": "low", "eht_line_crossing_score": 0, "eht_line_crossing_confidence": "low", "dam_check_structure_score": 3, "dam_check_structure_confidence": "medium", "curve_severity_score": 0, "curve_severity_confidence": "high", "irc86_min_radius_m": 150, "entry_exit_distance_to_arterial_m": 499.69950777341654, "entry_exit_feasibility_score": 0, "entry_exit_feasibility_confidence": "medium", "land_availability_frac_built": 0.0, "land_availability_score": 0, "land_availability_confidence": "high", "habitation_building_count": 0, "habitation_population_sum": 9630.052734375, "habitation_proximity_score": 0, "habitation_proximity_confidence": "high", "hydraulic_sensitivity_index": 0.32410653475284079, "hydraulic_sensitivity_confidence": "low", "composite_score": 0.33102663368821023, "severity_band": "low", "robust_hotspot": false }, "geometry": { "type": "LineString", "coordinates": [ [ 75.760924175741252, 26.874857479927158 ], [ 75.761231647042877, 26.873997805810983 ] ] } },
{ "type": "Feature", "properties": { "chainage_m": 10900, "segment_length_m": 100.0, "radius_m": 100000.0, "railway_crossing_score": 0, "railway_crossing_confidence": "high", "metro_interface_score": 0, "metro_interface_confidence": "high", "existing_elevated_structure_score": 0, "existing_elevated_structure_confidence": "high", "major_arterial_crossing_score": 0, "major_arterial_crossing_confidence": "high", "restricted_military_area_score": 0, "restricted_military_area_confidence": "low", "eht_line_crossing_score": 3, "eht_line_crossing_confidence": "low", "dam_check_structure_score": 0, "dam_check_structure_confidence": "medium", "curve_severity_score": 0, "curve_severity_confidence": "high", "irc86_min_radius_m": 150, "entry_exit_distance_to_arterial_m": 594.7147153527261, "entry_exit_feasibility_score": 0, "entry_exit_feasibility_confidence": "medium", "land_availability_frac_built": 0.0, "land_availability_score": 0, "land_availability_confidence": "high", "habitation_building_count": 0, "habitation_population_sum": 9630.052734375, "habitation_proximity_score": 0, "habitation_proximity_confidence": "high", "hydraulic_sensitivity_index": 0.32493458077929527, "hydraulic_sensitivity_confidence": "low", "composite_score": 0.33123364519482384, "severity_band": "low", "robust_hotspot": false }, "geometry": { "type": "LineString", "coordinates": [ [ 75.761231647042877, 26.873997805810983 ], [ 75.761539113846027, 26.873138131020252 ] ] } },
{ "type": "Feature", "properties": { "chainage_m": 11000, "segment_length_m": 100.0, "radius_m": 100000.0, "railway_crossing_score": 0, "railway_crossing_confidence": "high", "metro_interface_score": 0, "metro_interface_confidence": "high", "existing_elevated_structure_score": 0, "existing_elevated_structure_confidence": "high", "major_arterial_crossing_score": 0, "major_arterial_crossing_confidence": "high", "restricted_military_area_score": 0, "restricted_military_area_confidence": "low", "eht_line_crossing_score": 3, "eht_line_crossing_confidence": "low", "dam_check_structure_score": 0, "dam_check_structure_confidence": "medium", "curve_severity_score": 0, "curve_severity_confidence": "high", "irc86_min_radius_m": 150, "entry_exit_distance_to_arterial_m": 690.62862674413338, "entry_exit_feasibility_score": 0, "entry_exit_feasibility_confidence": "medium", "land_availability_frac_built": 0.0, "land_availability_score": 0, "land_availability_confidence": "high", "habitation_building_count": 0, "habitation_population_sum": 4672.298828125, "habitation_proximity_score": 0, "habitation_proximity_confidence": "high", "hydraulic_sensitivity_index": 0.32493458077929527, "hydraulic_sensitivity_confidence": "low", "composite_score": 0.33123364519482384, "severity_band": "low", "robust_hotspot": false }, "geometry": { "type": "LineString", "coordinates": [ [ 75.761539113846027, 26.873138131020252 ], [ 75.761846576151001, 26.87227845555504 ] ] } },
{ "type": "Feature", "properties": { "chainage_m": 11100, "segment_length_m": 100.0, "radius_m": 100000.0, "railway_crossing_score": 0, "railway_crossing_confidence": "high", "metro_interface_score": 0, "metro_interface_confidence": "high", "existing_elevated_structure_score": 0, "existing_elevated_structure_confidence": "high", "major_arterial_crossing_score": 0, "major_arterial_crossing_confidence": "high", "restricted_military_area_score": 0, "restricted_military_area_confidence": "low", "eht_line_crossing_score": 3, "eht_line_crossing_confidence": "low", "dam_check_structure_score": 0, "dam_check_structure_confidence": "medium", "curve_severity_score": 0, "curve_severity_confidence": "high", "irc86_min_radius_m": 150, "entry_exit_distance_to_arterial_m": 787.53947551946146, "entry_exit_feasibility_score": 0, "entry_exit_feasibility_confidence": "medium", "land_availability_frac_built": 0.0, "land_availability_score": 0, "land_availability_confidence": "high", "habitation_building_count": 0, "habitation_population_sum": 4672.298828125, "habitation_proximity_score": 0, "habitation_proximity_confidence": "high", "hydraulic_sensitivity_index": 0.32493458077929527, "hydraulic_sensitivity_confidence": "low", "composite_score": 0.33123364519482384, "severity_band": "low", "robust_hotspot": false }, "geometry": { "type": "LineString", "coordinates": [ [ 75.761846576151001, 26.87227845555504 ], [ 75.762154033958097, 26.871418779415418 ] ] } },
{ "type": "Feature", "properties": { "chainage_m": 11200, "segment_length_m": 100.0, "radius_m": 100000.0, "railway_crossing_score": 0, "railway_crossing_confidence": "high", "metro_interface_score": 0, "metro_interface_confidence": "high", "existing_elevated_structure_score": 3, "existing_elevated_structure_confidence": "high", "major_arterial_crossing_score": 0, "major_arterial_crossing_confidence": "high", "restricted_military_area_score": 0, "restricted_military_area_confidence": "low", "eht_line_crossing_score": 3, "eht_line_crossing_confidence": "low", "dam_check_structure_score": 3, "dam_check_structure_confidence": "medium", "curve_severity_score": 0, "curve_severity_confidence": "high", "irc86_min_radius_m": 150, "entry_exit_distance_to_arterial_m": 885.13781465098873, "entry_exit_feasibility_score": 0, "entry_exit_feasibility_confidence": "medium", "land_availability_frac_built": 0.0, "land_availability_score": 0, "land_availability_confidence": "high", "habitation_building_count": 0, "habitation_population_sum": 4672.298828125, "habitation_proximity_score": 0, "habitation_proximity_confidence": "high", "hydraulic_sensitivity_index": 0.32493458077929527, "hydraulic_sensitivity_confidence": "low", "composite_score": 0.83123364519482379, "severity_band": "high", "robust_hotspot": false }, "geometry": { "type": "LineString", "coordinates": [ [ 75.762154033958097, 26.871418779415418 ], [ 75.762461487267643, 26.870559102601469 ] ] } },
{ "type": "Feature", "properties": { "chainage_m": 11300, "segment_length_m": 100.0, "radius_m": 184.05210960569661, "railway_crossing_score": 0, "railway_crossing_confidence": "high", "metro_interface_score": 0, "metro_interface_confidence": "high", "existing_elevated_structure_score": 3, "existing_elevated_structure_confidence": "high", "major_arterial_crossing_score": 0, "major_arterial_crossing_confidence": "high", "restricted_military_area_score": 0, "restricted_military_area_confidence": "low", "eht_line_crossing_score": 3, "eht_line_crossing_confidence": "low", "dam_check_structure_score": 3, "dam_check_structure_confidence": "medium", "curve_severity_score": 0, "curve_severity_confidence": "high", "irc86_min_radius_m": 150, "entry_exit_distance_to_arterial_m": 983.21893612197255, "entry_exit_feasibility_score": 0, "entry_exit_feasibility_confidence": "medium", "land_availability_frac_built": 0.0, "land_availability_score": 0, "land_availability_confidence": "high", "habitation_building_count": 0, "habitation_population_sum": 4672.298828125, "habitation_proximity_score": 0, "habitation_proximity_confidence": "high", "hydraulic_sensitivity_index": 0.32493458077929527, "hydraulic_sensitivity_confidence": "low", "composite_score": 0.83123364519482379, "severity_band": "high", "robust_hotspot": false }, "geometry": { "type": "LineString", "coordinates": [ [ 75.762461487267643, 26.870559102601469 ], [ 75.762589202390018, 26.870201991704821 ], [ 75.763137195411574, 26.870009554239413 ] ] } },
{ "type": "Feature", "properties": { "chainage_m": 11400, "segment_length_m": 100.0, "radius_m": 263.73823584844968, "railway_crossing_score": 0, "railway_crossing_confidence": "high", "metro_interface_score": 0, "metro_interface_confidence": "high", "existing_elevated_structure_score": 3, "existing_elevated_structure_confidence": "high", "major_arterial_crossing_score": 0, "major_arterial_crossing_confidence": "high", "restricted_military_area_score": 0, "restricted_military_area_confidence": "low", "eht_line_crossing_score": 3, "eht_line_crossing_confidence": "low", "dam_check_structure_score": 3, "dam_check_structure_confidence": "medium", "curve_severity_score": 0, "curve_severity_confidence": "high", "irc86_min_radius_m": 150, "entry_exit_distance_to_arterial_m": 1052.791414765765, "entry_exit_feasibility_score": 0, "entry_exit_feasibility_confidence": "medium", "land_availability_frac_built": 0.0, "land_availability_score": 0, "land_availability_confidence": "high", "habitation_building_count": 0, "habitation_population_sum": 4672.298828125, "habitation_proximity_score": 0, "habitation_proximity_confidence": "high", "hydraulic_sensitivity_index": 0.32493458077929527, "hydraulic_sensitivity_confidence": "low", "composite_score": 0.83123364519482379, "severity_band": "high", "robust_hotspot": false }, "geometry": { "type": "LineString", "coordinates": [ [ 75.763137195411574, 26.870009554239413 ], [ 75.764074573924432, 26.869680370759081 ] ] } },
{ "type": "Feature", "properties": { "chainage_m": 11500, "segment_length_m": 100.0, "radius_m": 100000.0, "railway_crossing_score": 0, "railway_crossing_confidence": "high", "metro_interface_score": 0, "metro_interface_confidence": "high", "existing_elevated_structure_score": 0, "existing_elevated_structure_confidence": "high", "major_arterial_crossing_score": 0, "major_arterial_crossing_confidence": "high", "restricted_military_area_score": 0, "restricted_military_area_confidence": "low", "eht_line_crossing_score": 3, "eht_line_crossing_confidence": "low", "dam_check_structure_score": 0, "dam_check_structure_confidence": "medium", "curve_severity_score": 0, "curve_severity_confidence": "high", "irc86_min_radius_m": 150, "entry_exit_distance_to_arterial_m": 1107.1208664708915, "entry_exit_feasibility_score": 0, "entry_exit_feasibility_confidence": "medium", "land_availability_frac_built": 0.0, "land_availability_score": 0, "land_availability_confidence": "high", "habitation_building_count": 0, "habitation_population_sum": 9262.9267578125, "habitation_proximity_score": 0, "habitation_proximity_confidence": "high", "hydraulic_sensitivity_index": 0.32493458077929527, "hydraulic_sensitivity_confidence": "low", "composite_score": 0.33123364519482384, "severity_band": "low", "robust_hotspot": false }, "geometry": { "type": "LineString", "coordinates": [ [ 75.764074573924432, 26.869680370759081 ], [ 75.765011946869734, 26.869351181161552 ] ] } },
{ "type": "Feature", "properties": { "chainage_m": 11600, "segment_length_m": 100.0, "radius_m": 100000.0, "railway_crossing_score": 0, "railway_crossing_confidence": "high", "metro_interface_score": 0, "metro_interface_confidence": "high", "existing_elevated_structure_score": 0, "existing_elevated_structure_confidence": "high", "major_arterial_crossing_score": 0, "major_arterial_crossing_confidence": "high", "restricted_military_area_score": 0, "restricted_military_area_confidence": "low", "eht_line_crossing_score": 3, "eht_line_crossing_confidence": "low", "dam_check_structure_score": 0, "dam_check_structure_confidence": "medium", "curve_severity_score": 0, "curve_severity_confidence": "high", "irc86_min_radius_m": 150, "entry_exit_distance_to_arterial_m": 1122.9236742384876, "entry_exit_feasibility_score": 0, "entry_exit_feasibility_confidence": "medium", "land_availability_frac_built": 0.0, "land_availability_score": 0, "land_availability_confidence": "high", "habitation_building_count": 0, "habitation_population_sum": 9262.9267578125, "habitation_proximity_score": 0, "habitation_proximity_confidence": "high", "hydraulic_sensitivity_index": 0.32493458077929527, "hydraulic_sensitivity_confidence": "low", "composite_score": 0.33123364519482384, "severity_band": "low", "robust_hotspot": false }, "geometry": { "type": "LineString", "coordinates": [ [ 75.765011946869734, 26.869351181161552 ], [ 75.765949314247308, 26.869021985447077 ] ] } },
{ "type": "Feature", "properties": { "chainage_m": 11700, "segment_length_m": 100.0, "radius_m": 100000.0, "railway_crossing_score": 0, "railway_crossing_confidence": "high", "metro_interface_score": 0, "metro_interface_confidence": "high", "existing_elevated_structure_score": 3, "existing_elevated_structure_confidence": "high", "major_arterial_crossing_score": 0, "major_arterial_crossing_confidence": "high", "restricted_military_area_score": 0, "restricted_military_area_confidence": "low", "eht_line_crossing_score": 3, "eht_line_crossing_confidence": "low", "dam_check_structure_score": 0, "dam_check_structure_confidence": "medium", "curve_severity_score": 0, "curve_severity_confidence": "high", "irc86_min_radius_m": 150, "entry_exit_distance_to_arterial_m": 1076.5606507937657, "entry_exit_feasibility_score": 0, "entry_exit_feasibility_confidence": "medium", "land_availability_frac_built": 0.0, "land_availability_score": 0, "land_availability_confidence": "high", "habitation_building_count": 0, "habitation_population_sum": 9262.9267578125, "habitation_proximity_score": 0, "habitation_proximity_confidence": "high", "hydraulic_sensitivity_index": 0.32493458077929527, "hydraulic_sensitivity_confidence": "low", "composite_score": 0.58123364519482379, "severity_band": "medium", "robust_hotspot": false }, "geometry": { "type": "LineString", "coordinates": [ [ 75.765949314247308, 26.869021985447077 ], [ 75.766886676057013, 26.868692783615931 ] ] } },
{ "type": "Feature", "properties": { "chainage_m": 11800, "segment_length_m": 100.0, "radius_m": 100000.0, "railway_crossing_score": 0, "railway_crossing_confidence": "high", "metro_interface_score": 0, "metro_interface_confidence": "high", "existing_elevated_structure_score": 3, "existing_elevated_structure_confidence": "high", "major_arterial_crossing_score": 0, "major_arterial_crossing_confidence": "high", "restricted_military_area_score": 0, "restricted_military_area_confidence": "low", "eht_line_crossing_score": 3, "eht_line_crossing_confidence": "low", "dam_check_structure_score": 0, "dam_check_structure_confidence": "medium", "curve_severity_score": 0, "curve_severity_confidence": "high", "irc86_min_radius_m": 150, "entry_exit_distance_to_arterial_m": 1028.3430494528161, "entry_exit_feasibility_score": 0, "entry_exit_feasibility_confidence": "medium", "land_availability_frac_built": 0.071426281199807387, "land_availability_score": 0, "land_availability_confidence": "high", "habitation_building_count": 1, "habitation_population_sum": 4590.6279296875, "habitation_proximity_score": 1, "habitation_proximity_confidence": "high", "hydraulic_sensitivity_index": 0.32493458077929527, "hydraulic_sensitivity_confidence": "low", "composite_score": 0.66456697852815716, "severity_band": "medium", "robust_hotspot": false }, "geometry": { "type": "LineString", "coordinates": [ [ 75.766886676057013, 26.868692783615931 ], [ 75.767824032298648, 26.868363575668376 ] ] } },
{ "type": "Feature", "properties": { "chainage_m": 11900, "segment_length_m": 100.0, "radius_m": 100000.0, "railway_crossing_score": 0, "railway_crossing_confidence": "high", "metro_interface_score": 0, "metro_interface_confidence": "high", "existing_elevated_structure_score": 0, "existing_elevated_structure_confidence": "high", "major_arterial_crossing_score": 0, "major_arterial_crossing_confidence": "high", "restricted_military_area_score": 0, "restricted_military_area_confidence": "low", "eht_line_crossing_score": 0, "eht_line_crossing_confidence": "low", "dam_check_structure_score": 0, "dam_check_structure_confidence": "medium", "curve_severity_score": 0, "curve_severity_confidence": "high", "irc86_min_radius_m": 150, "entry_exit_distance_to_arterial_m": 981.42591002824645, "entry_exit_feasibility_score": 0, "entry_exit_feasibility_confidence": "medium", "land_availability_frac_built": 0.21838254571830984, "land_availability_score": 0, "land_availability_confidence": "high", "habitation_building_count": 1, "habitation_population_sum": 4590.6279296875, "habitation_proximity_score": 1, "habitation_proximity_confidence": "high", "hydraulic_sensitivity_index": 0.32493458077929527, "hydraulic_sensitivity_confidence": "low", "composite_score": 0.16456697852815716, "severity_band": "low", "robust_hotspot": false }, "geometry": { "type": "LineString", "coordinates": [ [ 75.767824032298648, 26.868363575668376 ], [ 75.768761382972116, 26.868034361604689 ] ] } },
{ "type": "Feature", "properties": { "chainage_m": 12000, "segment_length_m": 100.0, "radius_m": 100000.0, "railway_crossing_score": 0, "railway_crossing_confidence": "high", "metro_interface_score": 0, "metro_interface_confidence": "high", "existing_elevated_structure_score": 0, "existing_elevated_structure_confidence": "high", "major_arterial_crossing_score": 0, "major_arterial_crossing_confidence": "high", "restricted_military_area_score": 0, "restricted_military_area_confidence": "low", "eht_line_crossing_score": 0, "eht_line_crossing_confidence": "low", "dam_check_structure_score": 0, "dam_check_structure_confidence": "medium", "curve_severity_score": 0, "curve_severity_confidence": "high", "irc86_min_radius_m": 150, "entry_exit_distance_to_arterial_m": 936.22733177419559, "entry_exit_feasibility_score": 0, "entry_exit_feasibility_confidence": "medium", "land_availability_frac_built": 0.17546251865532012, "land_availability_score": 0, "land_availability_confidence": "high", "habitation_building_count": 6, "habitation_population_sum": 4590.6279296875, "habitation_proximity_score": 1, "habitation_proximity_confidence": "high", "hydraulic_sensitivity_index": 0.32493458077929527, "hydraulic_sensitivity_confidence": "low", "composite_score": 0.16456697852815716, "severity_band": "low", "robust_hotspot": false }, "geometry": { "type": "LineString", "coordinates": [ [ 75.768761382972116, 26.868034361604689 ], [ 75.769698728077188, 26.86770514142513 ] ] } },
{ "type": "Feature", "properties": { "chainage_m": 12100, "segment_length_m": 100.0, "radius_m": 100000.0, "railway_crossing_score": 0, "railway_crossing_confidence": "high", "metro_interface_score": 0, "metro_interface_confidence": "high", "existing_elevated_structure_score": 0, "existing_elevated_structure_confidence": "high", "major_arterial_crossing_score": 0, "major_arterial_crossing_confidence": "high", "restricted_military_area_score": 0, "restricted_military_area_confidence": "low", "eht_line_crossing_score": 0, "eht_line_crossing_confidence": "low", "dam_check_structure_score": 0, "dam_check_structure_confidence": "medium", "curve_severity_score": 0, "curve_severity_confidence": "high", "irc86_min_radius_m": 150, "entry_exit_distance_to_arterial_m": 892.29503675521062, "entry_exit_feasibility_score": 0, "entry_exit_feasibility_confidence": "medium", "land_availability_frac_built": 0.0, "land_availability_score": 0, "land_availability_confidence": "high", "habitation_building_count": 5, "habitation_population_sum": 4590.6279296875, "habitation_proximity_score": 1, "habitation_proximity_confidence": "high", "hydraulic_sensitivity_index": 0.32493458077929527, "hydraulic_sensitivity_confidence": "low", "composite_score": 0.16456697852815716, "severity_band": "low", "robust_hotspot": false }, "geometry": { "type": "LineString", "coordinates": [ [ 75.769698728077188, 26.86770514142513 ], [ 75.770636067613765, 26.867375915129966 ] ] } },
{ "type": "Feature", "properties": { "chainage_m": 12200, "segment_length_m": 100.0, "radius_m": 100000.0, "railway_crossing_score": 0, "railway_crossing_confidence": "high", "metro_interface_score": 0, "metro_interface_confidence": "high", "existing_elevated_structure_score": 3, "existing_elevated_structure_confidence": "high", "major_arterial_crossing_score": 0, "major_arterial_crossing_confidence": "high", "restricted_military_area_score": 0, "restricted_military_area_confidence": "low", "eht_line_crossing_score": 0, "eht_line_crossing_confidence": "low", "dam_check_structure_score": 0, "dam_check_structure_confidence": "medium", "curve_severity_score": 0, "curve_severity_confidence": "high", "irc86_min_radius_m": 150, "entry_exit_distance_to_arterial_m": 854.83424738062433, "entry_exit_feasibility_score": 0, "entry_exit_feasibility_confidence": "medium", "land_availability_frac_built": 0.0, "land_availability_score": 0, "land_availability_confidence": "high", "habitation_building_count": 1, "habitation_population_sum": 9127.259765625, "habitation_proximity_score": 1, "habitation_proximity_confidence": "high", "hydraulic_sensitivity_index": 0.32493458077929527, "hydraulic_sensitivity_confidence": "low", "composite_score": 0.41456697852815716, "severity_band": "low", "robust_hotspot": false }, "geometry": { "type": "LineString", "coordinates": [ [ 75.770636067613765, 26.867375915129966 ], [ 75.771573401581634, 26.867046682719469 ] ] } },
{ "type": "Feature", "properties": { "chainage_m": 12300, "segment_length_m": 100.0, "radius_m": 100000.0, "railway_crossing_score": 0, "railway_crossing_confidence": "high", "metro_interface_score": 0, "metro_interface_confidence": "high", "existing_elevated_structure_score": 3, "existing_elevated_structure_confidence": "high", "major_arterial_crossing_score": 0, "major_arterial_crossing_confidence": "high", "restricted_military_area_score": 0, "restricted_military_area_confidence": "low", "eht_line_crossing_score": 0, "eht_line_crossing_confidence": "low", "dam_check_structure_score": 0, "dam_check_structure_confidence": "medium", "curve_severity_score": 0, "curve_severity_confidence": "high", "irc86_min_radius_m": 150, "entry_exit_distance_to_arterial_m": 825.14145762225417, "entry_exit_feasibility_score": 0, "entry_exit_feasibility_confidence": "medium", "land_availability_frac_built": 0.027481265389193973, "land_availability_score": 0, "land_availability_confidence": "high", "habitation_building_count": 2, "habitation_population_sum": 9127.259765625, "habitation_proximity_score": 1, "habitation_proximity_confidence": "high", "hydraulic_sensitivity_index": 0.32493458077929527, "hydraulic_sensitivity_confidence": "low", "composite_score": 0.41456697852815716, "severity_band": "low", "robust_hotspot": false }, "geometry": { "type": "LineString", "coordinates": [ [ 75.771573401581634, 26.867046682719469 ], [ 75.772510729980652, 26.866717444193895 ] ] } },
{ "type": "Feature", "properties": { "chainage_m": 12400, "segment_length_m": 100.0, "radius_m": 100000.0, "railway_crossing_score": 0, "railway_crossing_confidence": "high", "metro_interface_score": 0, "metro_interface_confidence": "high", "existing_elevated_structure_score": 3, "existing_elevated_structure_confidence": "high", "major_arterial_crossing_score": 0, "major_arterial_crossing_confidence": "high", "restricted_military_area_score": 0, "restricted_military_area_confidence": "low", "eht_line_crossing_score": 0, "eht_line_crossing_confidence": "low", "dam_check_structure_score": 3, "dam_check_structure_confidence": "medium", "curve_severity_score": 0, "curve_severity_confidence": "high", "irc86_min_radius_m": 150, "entry_exit_distance_to_arterial_m": 805.84817828995085, "entry_exit_feasibility_score": 0, "entry_exit_feasibility_confidence": "medium", "land_availability_frac_built": 0.070042643339702212, "land_availability_score": 0, "land_availability_confidence": "high", "habitation_building_count": 3, "habitation_population_sum": 18764.685546875, "habitation_proximity_score": 1, "habitation_proximity_confidence": "high", "hydraulic_sensitivity_index": 0.32493458077929527, "hydraulic_sensitivity_confidence": "low", "composite_score": 0.66456697852815716, "severity_band": "medium", "robust_hotspot": false }, "geometry": { "type": "LineString", "coordinates": [ [ 75.772510729980652, 26.866717444193895 ], [ 75.773448052810679, 26.866388199553523 ] ] } },
{ "type": "Feature", "properties": { "chainage_m": 12500, "segment_length_m": 100.0, "radius_m": 100000.0, "railway_crossing_score": 0, "railway_crossing_confidence": "high", "metro_interface_score": 0, "metro_interface_confidence": "high", "existing_elevated_structure_score": 0, "existing_elevated_structure_confidence": "high", "major_arterial_crossing_score": 0, "major_arterial_crossing_confidence": "high", "restricted_military_area_score": 0, "restricted_military_area_confidence": "low", "eht_line_crossing_score": 0, "eht_line_crossing_confidence": "low", "dam_check_structure_score": 3, "dam_check_structure_confidence": "medium", "curve_severity_score": 0, "curve_severity_confidence": "high", "irc86_min_radius_m": 150, "entry_exit_distance_to_arterial_m": 794.0640030077152, "entry_exit_feasibility_score": 0, "entry_exit_feasibility_confidence": "medium", "land_availability_frac_built": 0.024664130078543921, "land_availability_score": 0, "land_availability_confidence": "high", "habitation_building_count": 3, "habitation_population_sum": 18764.685546875, "habitation_proximity_score": 1, "habitation_proximity_confidence": "high", "hydraulic_sensitivity_index": 0.32493458077929527, "hydraulic_sensitivity_confidence": "low", "composite_score": 0.41456697852815716, "severity_band": "low", "robust_hotspot": false }, "geometry": { "type": "LineString", "coordinates": [ [ 75.773448052810679, 26.866388199553523 ], [ 75.774385370071528, 26.86605894879861 ] ] } },
{ "type": "Feature", "properties": { "chainage_m": 12600, "segment_length_m": 100.0, "radius_m": 145.69506872558642, "railway_crossing_score": 0, "railway_crossing_confidence": "high", "metro_interface_score": 0, "metro_interface_confidence": "high", "existing_elevated_structure_score": 0, "existing_elevated_structure_confidence": "high", "major_arterial_crossing_score": 0, "major_arterial_crossing_confidence": "high", "restricted_military_area_score": 0, "restricted_military_area_confidence": "low", "eht_line_crossing_score": 0, "eht_line_crossing_confidence": "low", "dam_check_structure_score": 0, "dam_check_structure_confidence": "medium", "curve_severity_score": 3, "curve_severity_confidence": "high", "irc86_min_radius_m": 150, "entry_exit_distance_to_arterial_m": 790.63264160319648, "entry_exit_feasibility_score": 0, "entry_exit_feasibility_confidence": "medium", "land_availability_frac_built": 0.0, "land_availability_score": 0, "land_availability_confidence": "high", "habitation_building_count": 0, "habitation_population_sum": 18764.685546875, "habitation_proximity_score": 0, "habitation_proximity_confidence": "high", "hydraulic_sensitivity_index": 0.32493458077929527, "hydraulic_sensitivity_confidence": "low", "composite_score": 0.33123364519482384, "severity_band": "low", "robust_hotspot": false }, "geometry": { "type": "LineString", "coordinates": [ [ 75.774385370071528, 26.86605894879861 ], [ 75.774667433600712, 26.865959866967373 ], [ 75.77484813101816, 26.865349898093221 ] ] } },
{ "type": "Feature", "properties": { "chainage_m": 12700, "segment_length_m": 100.0, "radius_m": 354.95433678009761, "railway_crossing_score": 0, "railway_crossing_confidence": "high", "metro_interface_score": 0, "metro_interface_confidence": "high", "existing_elevated_structure_score": 0, "existing_elevated_structure_confidence": "high", "major_arterial_crossing_score": 0, "major_arterial_crossing_confidence": "high", "restricted_military_area_score": 0, "restricted_military_area_confidence": "low", "eht_line_crossing_score": 0, "eht_line_crossing_confidence": "low", "dam_check_structure_score": 0, "dam_check_structure_confidence": "medium", "curve_severity_score": 0, "curve_severity_confidence": "high", "irc86_min_radius_m": 150, "entry_exit_distance_to_arterial_m": 841.91282109320628, "entry_exit_feasibility_score": 0, "entry_exit_feasibility_confidence": "medium", "land_availability_frac_built": 0.0, "land_availability_score": 0, "land_availability_confidence": "high", "habitation_building_count": 1, "habitation_population_sum": 9637.42578125, "habitation_proximity_score": 1, "habitation_proximity_confidence": "high", "hydraulic_sensitivity_index": 0.32493458077929527, "hydraulic_sensitivity_confidence": "low", "composite_score": 0.16456697852815716, "severity_band": "low", "robust_hotspot": false }, "geometry": { "type": "LineString", "coordinates": [ [ 75.77484813101816, 26.865349898093221 ], [ 75.775106609476182, 26.864477357346033 ] ] } },
{ "type": "Feature", "properties": { "chainage_m": 12800, "segment_length_m": 100.0, "radius_m": 100000.0, "railway_crossing_score": 0, "railway_crossing_confidence": "high", "metro_interface_score": 0, "metro_interface_confidence": "high", "existing_elevated_structure_score": 0, "existing_elevated_structure_confidence": "high", "major_arterial_crossing_score": 0, "major_arterial_crossing_confidence": "high", "restricted_military_area_score": 0, "restricted_military_area_confidence": "low", "eht_line_crossing_score": 0, "eht_line_crossing_confidence": "low", "dam_check_structure_score": 3, "dam_check_structure_confidence": "medium", "curve_severity_score": 0, "curve_severity_confidence": "high", "irc86_min_radius_m": 150, "entry_exit_distance_to_arterial_m": 913.98505406024242, "entry_exit_feasibility_score": 0, "entry_exit_feasibility_confidence": "medium", "land_availability_frac_built": 0.0, "land_availability_score": 0, "land_availability_confidence": "high", "habitation_building_count": 1, "habitation_population_sum": 4650.33349609375, "habitation_proximity_score": 1, "habitation_proximity_confidence": "high", "hydraulic_sensitivity_index": 0.32493458077929527, "hydraulic_sensitivity_confidence": "low", "composite_score": 0.41456697852815716, "severity_band": "low", "robust_hotspot": false }, "geometry": { "type": "LineString", "coordinates": [ [ 75.775106609476182, 26.864477357346033 ], [ 75.775365084133242, 26.863604816104676 ] ] } },
{ "type": "Feature", "properties": { "chainage_m": 12900, "segment_length_m": 100.0, "radius_m": 100000.0, "railway_crossing_score": 0, "railway_crossing_confidence": "high", "metro_interface_score": 0, "metro_interface_confidence": "high", "existing_elevated_structure_score": 0, "existing_elevated_structure_confidence": "high", "major_arterial_crossing_score": 0, "major_arterial_crossing_confidence": "high", "restricted_military_area_score": 0, "restricted_military_area_confidence": "low", "eht_line_crossing_score": 0, "eht_line_crossing_confidence": "low", "dam_check_structure_score": 3, "dam_check_structure_confidence": "medium", "curve_severity_score": 0, "curve_severity_confidence": "high", "irc86_min_radius_m": 150, "entry_exit_distance_to_arterial_m": 976.95642186366752, "entry_exit_feasibility_score": 0, "entry_exit_feasibility_confidence": "medium", "land_availability_frac_built": 0.0, "land_availability_score": 0, "land_availability_confidence": "high", "habitation_building_count": 0, "habitation_population_sum": 4650.33349609375, "habitation_proximity_score": 0, "habitation_proximity_confidence": "high", "hydraulic_sensitivity_index": 0.32493458077929527, "hydraulic_sensitivity_confidence": "low", "composite_score": 0.33123364519482384, "severity_band": "low", "robust_hotspot": false }, "geometry": { "type": "LineString", "coordinates": [ [ 75.775365084133242, 26.863604816104676 ], [ 75.775623554989593, 26.862732274369211 ] ] } },
{ "type": "Feature", "properties": { "chainage_m": 13000, "segment_length_m": 100.0, "radius_m": 100000.0, "railway_crossing_score": 0, "railway_crossing_confidence": "high", "metro_interface_score": 0, "metro_interface_confidence": "high", "existing_elevated_structure_score": 0, "existing_elevated_structure_confidence": "high", "major_arterial_crossing_score": 0, "major_arterial_crossing_confidence": "high", "restricted_military_area_score": 0, "restricted_military_area_confidence": "low", "eht_line_crossing_score": 0, "eht_line_crossing_confidence": "low", "dam_check_structure_score": 0, "dam_check_structure_confidence": "medium", "curve_severity_score": 0, "curve_severity_confidence": "high", "irc86_min_radius_m": 150, "entry_exit_distance_to_arterial_m": 1034.1377591032438, "entry_exit_feasibility_score": 0, "entry_exit_feasibility_confidence": "medium", "land_availability_frac_built": 0.0, "land_availability_score": 0, "land_availability_confidence": "high", "habitation_building_count": 0, "habitation_population_sum": 4650.33349609375, "habitation_proximity_score": 0, "habitation_proximity_confidence": "high", "hydraulic_sensitivity_index": 0.32493458077929527, "hydraulic_sensitivity_confidence": "low", "composite_score": 0.081233645194823817, "severity_band": "low", "robust_hotspot": false }, "geometry": { "type": "LineString", "coordinates": [ [ 75.775623554989593, 26.862732274369211 ], [ 75.775882022045522, 26.861859732139692 ] ] } },
{ "type": "Feature", "properties": { "chainage_m": 13100, "segment_length_m": 100.0, "radius_m": 100000.0, "railway_crossing_score": 0, "railway_crossing_confidence": "high", "metro_interface_score": 0, "metro_interface_confidence": "high", "existing_elevated_structure_score": 0, "existing_elevated_structure_confidence": "high", "major_arterial_crossing_score": 0, "major_arterial_crossing_confidence": "high", "restricted_military_area_score": 0, "restricted_military_area_confidence": "low", "eht_line_crossing_score": 0, "eht_line_crossing_confidence": "low", "dam_check_structure_score": 0, "dam_check_structure_confidence": "medium", "curve_severity_score": 0, "curve_severity_confidence": "high", "irc86_min_radius_m": 150, "entry_exit_distance_to_arterial_m": 1071.1993871581781, "entry_exit_feasibility_score": 0, "entry_exit_feasibility_confidence": "medium", "land_availability_frac_built": 0.0, "land_availability_score": 0, "land_availability_confidence": "high", "habitation_building_count": 0, "habitation_population_sum": 4650.33349609375, "habitation_proximity_score": 0, "habitation_proximity_confidence": "high", "hydraulic_sensitivity_index": 0.32493458077929527, "hydraulic_sensitivity_confidence": "low", "composite_score": 0.081233645194823817, "severity_band": "low", "robust_hotspot": false }, "geometry": { "type": "LineString", "coordinates": [ [ 75.775882022045522, 26.861859732139692 ], [ 75.776140485301269, 26.860987189416186 ] ] } },
{ "type": "Feature", "properties": { "chainage_m": 13200, "segment_length_m": 100.0, "radius_m": 100000.0, "railway_crossing_score": 0, "railway_crossing_confidence": "high", "metro_interface_score": 0, "metro_interface_confidence": "high", "existing_elevated_structure_score": 0, "existing_elevated_structure_confidence": "high", "major_arterial_crossing_score": 0, "major_arterial_crossing_confidence": "high", "restricted_military_area_score": 0, "restricted_military_area_confidence": "low", "eht_line_crossing_score": 0, "eht_line_crossing_confidence": "low", "dam_check_structure_score": 0, "dam_check_structure_confidence": "medium", "curve_severity_score": 0, "curve_severity_confidence": "high", "irc86_min_radius_m": 150, "entry_exit_distance_to_arterial_m": 1106.263843392866, "entry_exit_feasibility_score": 0, "entry_exit_feasibility_confidence": "medium", "land_availability_frac_built": 0.0, "land_availability_score": 0, "land_availability_confidence": "high", "habitation_building_count": 0, "habitation_population_sum": 4650.33349609375, "habitation_proximity_score": 0, "habitation_proximity_confidence": "high", "hydraulic_sensitivity_index": 0.32493458077929527, "hydraulic_sensitivity_confidence": "low", "composite_score": 0.081233645194823817, "severity_band": "low", "robust_hotspot": false }, "geometry": { "type": "LineString", "coordinates": [ [ 75.776140485301269, 26.860987189416186 ], [ 75.776398944757119, 26.860114646198724 ] ] } },
{ "type": "Feature", "properties": { "chainage_m": 13300, "segment_length_m": 100.0, "radius_m": 100000.0, "railway_crossing_score": 0, "railway_crossing_confidence": "high", "metro_interface_score": 0, "metro_interface_confidence": "high", "existing_elevated_structure_score": 0, "existing_elevated_structure_confidence": "high", "major_arterial_crossing_score": 0, "major_arterial_crossing_confidence": "high", "restricted_military_area_score": 0, "restricted_military_area_confidence": "low", "eht_line_crossing_score": 0, "eht_line_crossing_confidence": "low", "dam_check_structure_score": 0, "dam_check_structure_confidence": "medium", "curve_severity_score": 0, "curve_severity_confidence": "high", "irc86_min_radius_m": 150, "entry_exit_distance_to_arterial_m": 1141.4952721350533, "entry_exit_feasibility_score": 0, "entry_exit_feasibility_confidence": "medium", "land_availability_frac_built": 0.0, "land_availability_score": 0, "land_availability_confidence": "high", "habitation_building_count": 0, "habitation_population_sum": 4650.33349609375, "habitation_proximity_score": 0, "habitation_proximity_confidence": "high", "hydraulic_sensitivity_index": 0.32493458077929527, "hydraulic_sensitivity_confidence": "low", "composite_score": 0.081233645194823817, "severity_band": "low", "robust_hotspot": false }, "geometry": { "type": "LineString", "coordinates": [ [ 75.776398944757119, 26.860114646198724 ], [ 75.776657400413299, 26.859242102487386 ] ] } },
{ "type": "Feature", "properties": { "chainage_m": 13400, "segment_length_m": 100.0, "radius_m": 100000.0, "railway_crossing_score": 0, "railway_crossing_confidence": "high", "metro_interface_score": 0, "metro_interface_confidence": "high", "existing_elevated_structure_score": 0, "existing_elevated_structure_confidence": "high", "major_arterial_crossing_score": 0, "major_arterial_crossing_confidence": "high", "restricted_military_area_score": 0, "restricted_military_area_confidence": "low", "eht_line_crossing_score": 0, "eht_line_crossing_confidence": "low", "dam_check_structure_score": 0, "dam_check_structure_confidence": "medium", "curve_severity_score": 0, "curve_severity_confidence": "high", "irc86_min_radius_m": 150, "entry_exit_distance_to_arterial_m": 1176.7673493775039, "entry_exit_feasibility_score": 0, "entry_exit_feasibility_confidence": "medium", "land_availability_frac_built": 0.0, "land_availability_score": 0, "land_availability_confidence": "high", "habitation_building_count": 0, "habitation_population_sum": 9419.619140625, "habitation_proximity_score": 0, "habitation_proximity_confidence": "high", "hydraulic_sensitivity_index": 0.32493458077929527, "hydraulic_sensitivity_confidence": "low", "composite_score": 0.081233645194823817, "severity_band": "low", "robust_hotspot": false }, "geometry": { "type": "LineString", "coordinates": [ [ 75.776657400413299, 26.859242102487386 ], [ 75.776915852270108, 26.858369558282213 ] ] } },
{ "type": "Feature", "properties": { "chainage_m": 13500, "segment_length_m": 100.0, "radius_m": 100000.0, "railway_crossing_score": 0, "railway_crossing_confidence": "high", "metro_interface_score": 0, "metro_interface_confidence": "high", "existing_elevated_structure_score": 0, "existing_elevated_structure_confidence": "high", "major_arterial_crossing_score": 0, "major_arterial_crossing_confidence": "high", "restricted_military_area_score": 0, "restricted_military_area_confidence": "low", "eht_line_crossing_score": 0, "eht_line_crossing_confidence": "low", "dam_check_structure_score": 0, "dam_check_structure_confidence": "medium", "curve_severity_score": 0, "curve_severity_confidence": "high", "irc86_min_radius_m": 150, "entry_exit_distance_to_arterial_m": 1214.5840987251242, "entry_exit_feasibility_score": 0, "entry_exit_feasibility_confidence": "medium", "land_availability_frac_built": 0.0, "land_availability_score": 0, "land_availability_confidence": "high", "habitation_building_count": 0, "habitation_population_sum": 9419.619140625, "habitation_proximity_score": 0, "habitation_proximity_confidence": "high", "hydraulic_sensitivity_index": 0.5057461375775173, "hydraulic_sensitivity_confidence": "low", "composite_score": 0.12643653439437932, "severity_band": "low", "robust_hotspot": false }, "geometry": { "type": "LineString", "coordinates": [ [ 75.776915852270108, 26.858369558282213 ], [ 75.777174300327772, 26.85749701358327 ] ] } },
{ "type": "Feature", "properties": { "chainage_m": 13600, "segment_length_m": 100.0, "radius_m": 100000.0, "railway_crossing_score": 0, "railway_crossing_confidence": "high", "metro_interface_score": 0, "metro_interface_confidence": "high", "existing_elevated_structure_score": 0, "existing_elevated_structure_confidence": "high", "major_arterial_crossing_score": 0, "major_arterial_crossing_confidence": "high", "restricted_military_area_score": 0, "restricted_military_area_confidence": "low", "eht_line_crossing_score": 0, "eht_line_crossing_confidence": "low", "dam_check_structure_score": 0, "dam_check_structure_confidence": "medium", "curve_severity_score": 0, "curve_severity_confidence": "high", "irc86_min_radius_m": 150, "entry_exit_distance_to_arterial_m": 1256.1143420063429, "entry_exit_feasibility_score": 0, "entry_exit_feasibility_confidence": "medium", "land_availability_frac_built": 0.0, "land_availability_score": 0, "land_availability_confidence": "high", "habitation_building_count": 0, "habitation_population_sum": 9419.619140625, "habitation_proximity_score": 0, "habitation_proximity_confidence": "high", "hydraulic_sensitivity_index": 0.5057999068000143, "hydraulic_sensitivity_confidence": "low", "composite_score": 0.12644997670000357, "severity_band": "low", "robust_hotspot": false }, "geometry": { "type": "LineString", "coordinates": [ [ 75.777174300327772, 26.85749701358327 ], [ 75.777432744586577, 26.856624468390613 ] ] } },
{ "type": "Feature", "properties": { "chainage_m": 13700, "segment_length_m": 100.0, "radius_m": 100000.0, "railway_crossing_score": 0, "railway_crossing_confidence": "high", "metro_interface_score": 0, "metro_interface_confidence": "high", "existing_elevated_structure_score": 0, "existing_elevated_structure_confidence": "high", "major_arterial_crossing_score": 0, "major_arterial_crossing_confidence": "high", "restricted_military_area_score": 0, "restricted_military_area_confidence": "low", "eht_line_crossing_score": 0, "eht_line_crossing_confidence": "low", "dam_check_structure_score": 3, "dam_check_structure_confidence": "medium", "curve_severity_score": 0, "curve_severity_confidence": "high", "irc86_min_radius_m": 150, "entry_exit_distance_to_arterial_m": 1303.9977622228862, "entry_exit_feasibility_score": 1, "entry_exit_feasibility_confidence": "medium", "land_availability_frac_built": 0.0, "land_availability_score": 0, "land_availability_confidence": "high", "habitation_building_count": 0, "habitation_population_sum": 4769.28515625, "habitation_proximity_score": 0, "habitation_proximity_confidence": "high", "hydraulic_sensitivity_index": 0.50647381438864392, "hydraulic_sensitivity_confidence": "low", "composite_score": 0.45995178693049432, "severity_band": "low", "robust_hotspot": false }, "geometry": { "type": "LineString", "coordinates": [ [ 75.777432744586577, 26.856624468390613 ], [ 75.777691185046777, 26.85575192270429 ] ] } },
{ "type": "Feature", "properties": { "chainage_m": 13800, "segment_length_m": 100.0, "radius_m": 100000.0, "railway_crossing_score": 0, "railway_crossing_confidence": "high", "metro_interface_score": 0, "metro_interface_confidence": "high", "existing_elevated_structure_score": 0, "existing_elevated_structure_confidence": "high", "major_arterial_crossing_score": 0, "major_arterial_crossing_confidence": "high", "restricted_military_area_score": 0, "restricted_military_area_confidence": "low", "eht_line_crossing_score": 0, "eht_line_crossing_confidence": "low", "dam_check_structure_score": 3, "dam_check_structure_confidence": "medium", "curve_severity_score": 0, "curve_severity_confidence": "high", "irc86_min_radius_m": 150, "entry_exit_distance_to_arterial_m": 1357.5702882618573, "entry_exit_feasibility_score": 1, "entry_exit_feasibility_confidence": "medium", "land_availability_frac_built": 0.0, "land_availability_score": 0, "land_availability_confidence": "high", "habitation_building_count": 0, "habitation_population_sum": 4769.28515625, "habitation_proximity_score": 0, "habitation_proximity_confidence": "high", "hydraulic_sensitivity_index": 0.50647381438864392, "hydraulic_sensitivity_confidence": "low", "composite_score": 0.45995178693049432, "severity_band": "low", "robust_hotspot": false }, "geometry": { "type": "LineString", "coordinates": [ [ 75.777691185046777, 26.85575192270429 ], [ 75.777949621708643, 26.854879376524355 ] ] } },
{ "type": "Feature", "properties": { "chainage_m": 13900, "segment_length_m": 100.0, "radius_m": 100000.0, "railway_crossing_score": 0, "railway_crossing_confidence": "high", "metro_interface_score": 0, "metro_interface_confidence": "high", "existing_elevated_structure_score": 0, "existing_elevated_structure_confidence": "high", "major_arterial_crossing_score": 0, "major_arterial_crossing_confidence": "high", "restricted_military_area_score": 0, "restricted_military_area_confidence": "low", "eht_line_crossing_score": 0, "eht_line_crossing_confidence": "low", "dam_check_structure_score": 3, "dam_check_structure_confidence": "medium", "curve_severity_score": 0, "curve_severity_confidence": "high", "irc86_min_radius_m": 150, "entry_exit_distance_to_arterial_m": 1414.7663368606727, "entry_exit_feasibility_score": 1, "entry_exit_feasibility_confidence": "medium", "land_availability_frac_built": 0.0, "land_availability_score": 0, "land_availability_confidence": "high", "habitation_building_count": 0, "habitation_population_sum": 4769.28515625, "habitation_proximity_score": 0, "habitation_proximity_confidence": "high", "hydraulic_sensitivity_index": 0.50647381438864392, "hydraulic_sensitivity_confidence": "low", "composite_score": 0.45995178693049432, "severity_band": "low", "robust_hotspot": false }, "geometry": { "type": "LineString", "coordinates": [ [ 75.777949621708643, 26.854879376524355 ], [ 75.778208054572417, 26.854006829850878 ] ] } },
{ "type": "Feature", "properties": { "chainage_m": 14000, "segment_length_m": 100.0, "radius_m": 198.49383533322558, "railway_crossing_score": 0, "railway_crossing_confidence": "high", "metro_interface_score": 0, "metro_interface_confidence": "high", "existing_elevated_structure_score": 0, "existing_elevated_structure_confidence": "high", "major_arterial_crossing_score": 0, "major_arterial_crossing_confidence": "high", "restricted_military_area_score": 0, "restricted_military_area_confidence": "low", "eht_line_crossing_score": 0, "eht_line_crossing_confidence": "low", "dam_check_structure_score": 0, "dam_check_structure_confidence": "medium", "curve_severity_score": 0, "curve_severity_confidence": "high", "irc86_min_radius_m": 150, "entry_exit_distance_to_arterial_m": 1476.1677665866232, "entry_exit_feasibility_score": 1, "entry_exit_feasibility_confidence": "medium", "land_availability_frac_built": 0.0, "land_availability_score": 0, "land_availability_confidence": "high", "habitation_building_count": 0, "habitation_population_sum": 4769.28515625, "habitation_proximity_score": 0, "habitation_proximity_confidence": "high", "hydraulic_sensitivity_index": 0.50647381438864392, "hydraulic_sensitivity_confidence": "low", "composite_score": 0.20995178693049432, "severity_band": "low", "robust_hotspot": false }, "geometry": { "type": "LineString", "coordinates": [ [ 75.778208054572417, 26.854006829850878 ], [ 75.778346987472361, 26.853537745307008 ], [ 75.778020676918871, 26.853240077972078 ] ] } },
{ "type": "Feature", "properties": { "chainage_m": 14100, "segment_length_m": 100.0, "radius_m": 168.80624661455943, "railway_crossing_score": 0, "railway_crossing_confidence": "high", "metro_interface_score": 0, "metro_interface_confidence": "high", "existing_elevated_structure_score": 0, "existing_elevated_structure_confidence": "high", "major_arterial_crossing_score": 0, "major_arterial_crossing_confidence": "high", "restricted_military_area_score": 0, "restricted_military_area_confidence": "low", "eht_line_crossing_score": 0, "eht_line_crossing_confidence": "low", "dam_check_structure_score": 0, "dam_check_structure_confidence": "medium", "curve_severity_score": 0, "curve_severity_confidence": "high", "irc86_min_radius_m": 150, "entry_exit_distance_to_arterial_m": 1402.4024110342934, "entry_exit_feasibility_score": 1, "entry_exit_feasibility_confidence": "medium", "land_availability_frac_built": 0.0, "land_availability_score": 0, "land_availability_confidence": "high", "habitation_building_count": 0, "habitation_population_sum": 4769.28515625, "habitation_proximity_score": 0, "habitation_proximity_confidence": "high", "hydraulic_sensitivity_index": 0.50647381438864392, "hydraulic_sensitivity_confidence": "low", "composite_score": 0.20995178693049432, "severity_band": "low", "robust_hotspot": false }, "geometry": { "type": "LineString", "coordinates": [ [ 75.778020676918871, 26.853240077972078 ], [ 75.777314988166708, 26.852596325809142 ] ] } },
{ "type": "Feature", "properties": { "chainage_m": 14200, "segment_length_m": 100.0, "radius_m": 100000.0, "railway_crossing_score": 0, "railway_crossing_confidence": "high", "metro_interface_score": 0, "metro_interface_confidence": "high", "existing_elevated_structure_score": 0, "existing_elevated_structure_confidence": "high", "major_arterial_crossing_score": 0, "major_arterial_crossing_confidence": "high", "restricted_military_area_score": 0, "restricted_military_area_confidence": "low", "eht_line_crossing_score": 0, "eht_line_crossing_confidence": "low", "dam_check_structure_score": 0, "dam_check_structure_confidence": "medium", "curve_severity_score": 0, "curve_severity_confidence": "high", "irc86_min_radius_m": 150, "entry_exit_distance_to_arterial_m": 1322.0319399753851, "entry_exit_feasibility_score": 1, "entry_exit_feasibility_confidence": "medium", "land_availability_frac_built": 0.0, "land_availability_score": 0, "land_availability_confidence": "high", "habitation_building_count": 0, "habitation_population_sum": 4769.28515625, "habitation_proximity_score": 0, "habitation_proximity_confidence": "high", "hydraulic_sensitivity_index": 0.50647381438864392, "hydraulic_sensitivity_confidence": "low", "composite_score": 0.20995178693049432, "severity_band": "low", "robust_hotspot": false }, "geometry": { "type": "LineString", "coordinates": [ [ 75.777314988166708, 26.852596325809142 ], [ 75.776609307404669, 26.851952569894028 ] ] } },
{ "type": "Feature", "properties": { "chainage_m": 14300, "segment_length_m": 100.0, "radius_m": 100000.0, "railway_crossing_score": 0, "railway_crossing_confidence": "high", "metro_interface_score": 0, "metro_interface_confidence": "high", "existing_elevated_structure_score": 0, "existing_elevated_structure_confidence": "high", "major_arterial_crossing_score": 0, "major_arterial_crossing_confidence": "high", "restricted_military_area_score": 0, "restricted_military_area_confidence": "low", "eht_line_crossing_score": 0, "eht_line_crossing_confidence": "low", "dam_check_structure_score": 0, "dam_check_structure_confidence": "medium", "curve_severity_score": 0, "curve_severity_confidence": "high", "irc86_min_radius_m": 150, "entry_exit_distance_to_arterial_m": 1230.3888953974749, "entry_exit_feasibility_score": 0, "entry_exit_feasibility_confidence": "medium", "land_availability_frac_built": 0.0, "land_availability_score": 0, "land_availability_confidence": "high", "habitation_building_count": 0, "habitation_population_sum": 4769.28515625, "habitation_proximity_score": 0, "habitation_proximity_confidence": "high", "hydraulic_sensitivity_index": 0.50647381438864392, "hydraulic_sensitivity_confidence": "low", "composite_score": 0.12661845359716098, "severity_band": "low", "robust_hotspot": false }, "geometry": { "type": "LineString", "coordinates": [ [ 75.776609307404669, 26.851952569894028 ], [ 75.775903634632499, 26.851308810227021 ] ] } },
{ "type": "Feature", "properties": { "chainage_m": 14400, "segment_length_m": 100.0, "radius_m": 100000.0, "railway_crossing_score": 0, "railway_crossing_confidence": "high", "metro_interface_score": 0, "metro_interface_confidence": "high", "existing_elevated_structure_score": 0, "existing_elevated_structure_confidence": "high", "major_arterial_crossing_score": 0, "major_arterial_crossing_confidence": "high", "restricted_military_area_score": 0, "restricted_military_area_confidence": "low", "eht_line_crossing_score": 0, "eht_line_crossing_confidence": "low", "dam_check_structure_score": 0, "dam_check_structure_confidence": "medium", "curve_severity_score": 0, "curve_severity_confidence": "high", "irc86_min_radius_m": 150, "entry_exit_distance_to_arterial_m": 1138.6114343857867, "entry_exit_feasibility_score": 0, "entry_exit_feasibility_confidence": "medium", "land_availability_frac_built": 0.0, "land_availability_score": 0, "land_availability_confidence": "high", "habitation_building_count": 0, "habitation_population_sum": 4769.28515625, "habitation_proximity_score": 0, "habitation_proximity_confidence": "high", "hydraulic_sensitivity_index": 0.50647381438864392, "hydraulic_sensitivity_confidence": "low", "composite_score": 0.12661845359716098, "severity_band": "low", "robust_hotspot": false }, "geometry": { "type": "LineString", "coordinates": [ [ 75.775903634632499, 26.851308810227021 ], [ 75.775197969849927, 26.85066504680842 ] ] } },
{ "type": "Feature", "properties": { "chainage_m": 14500, "segment_length_m": 100.0, "radius_m": 120.05799175973756, "railway_crossing_score": 0, "railway_crossing_confidence": "high", "metro_interface_score": 0, "metro_interface_confidence": "high", "existing_elevated_structure_score": 0, "existing_elevated_structure_confidence": "high", "major_arterial_crossing_score": 0, "major_arterial_crossing_confidence": "high", "restricted_military_area_score": 0, "restricted_military_area_confidence": "low", "eht_line_crossing_score": 0, "eht_line_crossing_confidence": "low", "dam_check_structure_score": 0, "dam_check_structure_confidence": "medium", "curve_severity_score": 3, "curve_severity_confidence": "high", "irc86_min_radius_m": 150, "entry_exit_distance_to_arterial_m": 1077.1372176919454, "entry_exit_feasibility_score": 0, "entry_exit_feasibility_confidence": "medium", "land_availability_frac_built": 0.0, "land_availability_score": 0, "land_availability_confidence": "high", "habitation_building_count": 0, "habitation_population_sum": 9204.7138671875, "habitation_proximity_score": 0, "habitation_proximity_confidence": "high", "hydraulic_sensitivity_index": 0.50647381438864392, "hydraulic_sensitivity_confidence": "low", "composite_score": 0.37661845359716101, "severity_band": "low", "robust_hotspot": false }, "geometry": { "type": "LineString", "coordinates": [ [ 75.775197969849927, 26.85066504680842 ], [ 75.77496026122418, 26.850448187648823 ], [ 75.77521210624873, 26.849893750668421 ] ] } },
{ "type": "Feature", "properties": { "chainage_m": 14600, "segment_length_m": 100.0, "radius_m": 251.75096528357992, "railway_crossing_score": 0, "railway_crossing_confidence": "high", "metro_interface_score": 0, "metro_interface_confidence": "high", "existing_elevated_structure_score": 0, "existing_elevated_structure_confidence": "high", "major_arterial_crossing_score": 0, "major_arterial_crossing_confidence": "high", "restricted_military_area_score": 0, "restricted_military_area_confidence": "low", "eht_line_crossing_score": 0, "eht_line_crossing_confidence": "low", "dam_check_structure_score": 0, "dam_check_structure_confidence": "medium", "curve_severity_score": 0, "curve_severity_confidence": "high", "irc86_min_radius_m": 150, "entry_exit_distance_to_arterial_m": 990.57103840398031, "entry_exit_feasibility_score": 0, "entry_exit_feasibility_confidence": "medium", "land_availability_frac_built": 0.0, "land_availability_score": 0, "land_availability_confidence": "high", "habitation_building_count": 0, "habitation_population_sum": 9204.7138671875, "habitation_proximity_score": 0, "habitation_proximity_confidence": "high", "hydraulic_sensitivity_index": 0.50647381438864392, "hydraulic_sensitivity_confidence": "low", "composite_score": 0.12661845359716098, "severity_band": "low", "robust_hotspot": false }, "geometry": { "type": "LineString", "coordinates": [ [ 75.77521210624873, 26.849893750668421 ], [ 75.775591878426795, 26.849057671181285 ] ] } },
{ "type": "Feature", "properties": { "chainage_m": 14700, "segment_length_m": 100.0, "radius_m": 100000.0, "railway_crossing_score": 0, "railway_crossing_confidence": "high", "metro_interface_score": 0, "metro_interface_confidence": "high", "existing_elevated_structure_score": 0, "existing_elevated_structure_confidence": "high", "major_arterial_crossing_score": 0, "major_arterial_crossing_confidence": "high", "restricted_military_area_score": 0, "restricted_military_area_confidence": "low", "eht_line_crossing_score": 0, "eht_line_crossing_confidence": "low", "dam_check_structure_score": 0, "dam_check_structure_confidence": "medium", "curve_severity_score": 0, "curve_severity_confidence": "high", "irc86_min_radius_m": 150, "entry_exit_distance_to_arterial_m": 903.98781852043032, "entry_exit_feasibility_score": 0, "entry_exit_feasibility_confidence": "medium", "land_availability_frac_built": 0.0, "land_availability_score": 0, "land_availability_confidence": "high", "habitation_building_count": 20, "habitation_population_sum": 9204.7138671875, "habitation_proximity_score": 2, "habitation_proximity_confidence": "high", "hydraulic_sensitivity_index": 0.50647381438864392, "hydraulic_sensitivity_confidence": "low", "composite_score": 0.29328512026382764, "severity_band": "low", "robust_hotspot": false }, "geometry": { "type": "LineString", "coordinates": [ [ 75.775591878426795, 26.849057671181285 ], [ 75.775971645160396, 26.848221590696351 ] ] } },
{ "type": "Feature", "properties": { "chainage_m": 14800, "segment_length_m": 100.0, "radius_m": 100000.0, "railway_crossing_score": 0, "railway_crossing_confidence": "high", "metro_interface_score": 0, "metro_interface_confidence": "high", "existing_elevated_structure_score": 0, "existing_elevated_structure_confidence": "high", "major_arterial_crossing_score": 0, "major_arterial_crossing_confidence": "high", "restricted_military_area_score": 0, "restricted_military_area_confidence": "low", "eht_line_crossing_score": 0, "eht_line_crossing_confidence": "low", "dam_check_structure_score": 0, "dam_check_structure_confidence": "medium", "curve_severity_score": 0, "curve_severity_confidence": "high", "irc86_min_radius_m": 150, "entry_exit_distance_to_arterial_m": 817.46271616911565, "entry_exit_feasibility_score": 0, "entry_exit_feasibility_confidence": "medium", "land_availability_frac_built": 0.0026785063819517638, "land_availability_score": 0, "land_availability_confidence": "high", "habitation_building_count": 44, "habitation_population_sum": 4435.4287109375, "habitation_proximity_score": 3, "habitation_proximity_confidence": "high", "hydraulic_sensitivity_index": 0.50647381438864392, "hydraulic_sensitivity_confidence": "low", "composite_score": 0.37661845359716101, "severity_band": "low", "robust_hotspot": false }, "geometry": { "type": "LineString", "coordinates": [ [ 75.775971645160396, 26.848221590696351 ], [ 75.776351406449891, 26.847385509213733 ] ] } },
{ "type": "Feature", "properties": { "chainage_m": 14900, "segment_length_m": 100.0, "radius_m": 100000.0, "railway_crossing_score": 0, "railway_crossing_confidence": "high", "metro_interface_score": 0, "metro_interface_confidence": "high", "existing_elevated_structure_score": 0, "existing_elevated_structure_confidence": "high", "major_arterial_crossing_score": 0, "major_arterial_crossing_confidence": "high", "restricted_military_area_score": 0, "restricted_military_area_confidence": "low", "eht_line_crossing_score": 0, "eht_line_crossing_confidence": "low", "dam_check_structure_score": 0, "dam_check_structure_confidence": "medium", "curve_severity_score": 0, "curve_severity_confidence": "high", "irc86_min_radius_m": 150, "entry_exit_distance_to_arterial_m": 731.22336767135414, "entry_exit_feasibility_score": 0, "entry_exit_feasibility_confidence": "medium", "land_availability_frac_built": 0.018418123869978247, "land_availability_score": 0, "land_availability_confidence": "high", "habitation_building_count": 63, "habitation_population_sum": 4435.4287109375, "habitation_proximity_score": 3, "habitation_proximity_confidence": "high", "hydraulic_sensitivity_index": 0.50647381438864392, "hydraulic_sensitivity_confidence": "low", "composite_score": 0.37661845359716101, "severity_band": "low", "robust_hotspot": false }, "geometry": { "type": "LineString", "coordinates": [ [ 75.776351406449891, 26.847385509213733 ], [ 75.776731162295604, 26.846549426733549 ] ] } },
{ "type": "Feature", "properties": { "chainage_m": 15000, "segment_length_m": 100.0, "radius_m": 100000.0, "railway_crossing_score": 0, "railway_crossing_confidence": "high", "metro_interface_score": 0, "metro_interface_confidence": "high", "existing_elevated_structure_score": 0, "existing_elevated_structure_confidence": "high", "major_arterial_crossing_score": 0, "major_arterial_crossing_confidence": "high", "restricted_military_area_score": 0, "restricted_military_area_confidence": "low", "eht_line_crossing_score": 0, "eht_line_crossing_confidence": "low", "dam_check_structure_score": 0, "dam_check_structure_confidence": "medium", "curve_severity_score": 0, "curve_severity_confidence": "high", "irc86_min_radius_m": 150, "entry_exit_distance_to_arterial_m": 644.98401917406966, "entry_exit_feasibility_score": 0, "entry_exit_feasibility_confidence": "medium", "land_availability_frac_built": 0.030363112911904612, "land_availability_score": 0, "land_availability_confidence": "high", "habitation_building_count": 67, "habitation_population_sum": 4435.4287109375, "habitation_proximity_score": 3, "habitation_proximity_confidence": "high", "hydraulic_sensitivity_index": 0.50647381438864392, "hydraulic_sensitivity_confidence": "low", "composite_score": 0.37661845359716101, "severity_band": "low", "robust_hotspot": false }, "geometry": { "type": "LineString", "coordinates": [ [ 75.776731162295604, 26.846549426733549 ], [ 75.777110912697907, 26.84571334325592 ] ] } },
{ "type": "Feature", "properties": { "chainage_m": 15100, "segment_length_m": 100.0, "radius_m": 100000.0, "railway_crossing_score": 0, "railway_crossing_confidence": "high", "metro_interface_score": 0, "metro_interface_confidence": "high", "existing_elevated_structure_score": 0, "existing_elevated_structure_confidence": "high", "major_arterial_crossing_score": 0, "major_arterial_crossing_confidence": "high", "restricted_military_area_score": 0, "restricted_military_area_confidence": "low", "eht_line_crossing_score": 0, "eht_line_crossing_confidence": "low", "dam_check_structure_score": 0, "dam_check_structure_confidence": "medium", "curve_severity_score": 0, "curve_severity_confidence": "high", "irc86_min_radius_m": 150, "entry_exit_distance_to_arterial_m": 558.46944516232327, "entry_exit_feasibility_score": 0, "entry_exit_feasibility_confidence": "medium", "land_availability_frac_built": 0.018209964104802457, "land_availability_score": 0, "land_availability_confidence": "high", "habitation_building_count": 37, "habitation_population_sum": 4435.4287109375, "habitation_proximity_score": 3, "habitation_proximity_confidence": "high", "hydraulic_sensitivity_index": 0.50647381438864392, "hydraulic_sensitivity_confidence": "low", "composite_score": 0.37661845359716101, "severity_band": "low", "robust_hotspot": false }, "geometry": { "type": "LineString", "coordinates": [ [ 75.777110912697907, 26.84571334325592 ], [ 75.777490657657111, 26.84487725878094 ] ] } },
{ "type": "Feature", "properties": { "chainage_m": 15200, "segment_length_m": 100.0, "radius_m": 100000.0, "railway_crossing_score": 0, "railway_crossing_confidence": "high", "metro_interface_score": 0, "metro_interface_confidence": "high", "existing_elevated_structure_score": 0, "existing_elevated_structure_confidence": "high", "major_arterial_crossing_score": 0, "major_arterial_crossing_confidence": "high", "restricted_military_area_score": 0, "restricted_military_area_confidence": "low", "eht_line_crossing_score": 0, "eht_line_crossing_confidence": "low", "dam_check_structure_score": 0, "dam_check_structure_confidence": "medium", "curve_severity_score": 0, "curve_severity_confidence": "high", "irc86_min_radius_m": 150, "entry_exit_distance_to_arterial_m": 466.81954227039506, "entry_exit_feasibility_score": 0, "entry_exit_feasibility_confidence": "medium", "land_availability_frac_built": 0.0, "land_availability_score": 0, "land_availability_confidence": "high", "habitation_building_count": 11, "habitation_population_sum": 4435.4287109375, "habitation_proximity_score": 2, "habitation_proximity_confidence": "high", "hydraulic_sensitivity_index": 0.50647381438864392, "hydraulic_sensitivity_confidence": "low", "composite_score": 0.29328512026382764, "severity_band": "low", "robust_hotspot": false }, "geometry": { "type": "LineString", "coordinates": [ [ 75.777490657657111, 26.84487725878094 ], [ 75.777870397173572, 26.844041173308725 ] ] } },
{ "type": "Feature", "properties": { "chainage_m": 15300, "segment_length_m": 100.0, "radius_m": 100000.0, "railway_crossing_score": 0, "railway_crossing_confidence": "high", "metro_interface_score": 0, "metro_interface_confidence": "high", "existing_elevated_structure_score": 0, "existing_elevated_structure_confidence": "high", "major_arterial_crossing_score": 0, "major_arterial_crossing_confidence": "high", "restricted_military_area_score": 0, "restricted_military_area_confidence": "low", "eht_line_crossing_score": 0, "eht_line_crossing_confidence": "low", "dam_check_structure_score": 0, "dam_check_structure_confidence": "medium", "curve_severity_score": 0, "curve_severity_confidence": "high", "irc86_min_radius_m": 150, "entry_exit_distance_to_arterial_m": 374.69007959099906, "entry_exit_feasibility_score": 0, "entry_exit_feasibility_confidence": "medium", "land_availability_frac_built": 0.0, "land_availability_score": 0, "land_availability_confidence": "high", "habitation_building_count": 17, "habitation_population_sum": 4435.4287109375, "habitation_proximity_score": 2, "habitation_proximity_confidence": "high", "hydraulic_sensitivity_index": 0.50647381438864392, "hydraulic_sensitivity_confidence": "low", "composite_score": 0.29328512026382764, "severity_band": "low", "robust_hotspot": false }, "geometry": { "type": "LineString", "coordinates": [ [ 75.777870397173572, 26.844041173308725 ], [ 75.778250131247646, 26.843205086839401 ] ] } },
{ "type": "Feature", "properties": { "chainage_m": 15400, "segment_length_m": 100.0, "radius_m": 100000.0, "railway_crossing_score": 0, "railway_crossing_confidence": "high", "metro_interface_score": 0, "metro_interface_confidence": "high", "existing_elevated_structure_score": 0, "existing_elevated_structure_confidence": "high", "major_arterial_crossing_score": 0, "major_arterial_crossing_confidence": "high", "restricted_military_area_score": 0, "restricted_military_area_confidence": "low", "eht_line_crossing_score": 0, "eht_line_crossing_confidence": "low", "dam_check_structure_score": 0, "dam_check_structure_confidence": "medium", "curve_severity_score": 0, "curve_severity_confidence": "high", "irc86_min_radius_m": 150, "entry_exit_distance_to_arterial_m": 285.18487390049603, "entry_exit_feasibility_score": 0, "entry_exit_feasibility_confidence": "medium", "land_availability_frac_built": 0.0, "land_availability_score": 0, "land_availability_confidence": "high", "habitation_building_count": 14, "habitation_population_sum": 4435.4287109375, "habitation_proximity_score": 2, "habitation_proximity_confidence": "high", "hydraulic_sensitivity_index": 0.51613793597877911, "hydraulic_sensitivity_confidence": "low", "composite_score": 0.29570115066136143, "severity_band": "low", "robust_hotspot": false }, "geometry": { "type": "LineString", "coordinates": [ [ 75.778250131247646, 26.843205086839401 ], [ 75.778629859879658, 26.842368999373072 ] ] } },
{ "type": "Feature", "properties": { "chainage_m": 15500, "segment_length_m": 100.0, "radius_m": 100000.0, "railway_crossing_score": 0, "railway_crossing_confidence": "high", "metro_interface_score": 0, "metro_interface_confidence": "high", "existing_elevated_structure_score": 0, "existing_elevated_structure_confidence": "high", "major_arterial_crossing_score": 0, "major_arterial_crossing_confidence": "high", "restricted_military_area_score": 0, "restricted_military_area_confidence": "low", "eht_line_crossing_score": 0, "eht_line_crossing_confidence": "low", "dam_check_structure_score": 0, "dam_check_structure_confidence": "medium", "curve_severity_score": 0, "curve_severity_confidence": "high", "irc86_min_radius_m": 150, "entry_exit_distance_to_arterial_m": 199.81314709658025, "entry_exit_feasibility_score": 0, "entry_exit_feasibility_confidence": "medium", "land_availability_frac_built": 0.0, "land_availability_score": 0, "land_availability_confidence": "high", "habitation_building_count": 0, "habitation_population_sum": 8904.84765625, "habitation_proximity_score": 0, "habitation_proximity_confidence": "high", "hydraulic_sensitivity_index": 0.51613793597877911, "hydraulic_sensitivity_confidence": "low", "composite_score": 0.12903448399469478, "severity_band": "low", "robust_hotspot": false }, "geometry": { "type": "LineString", "coordinates": [ [ 75.778629859879658, 26.842368999373072 ], [ 75.77900958306995, 26.841532910909844 ] ] } },
{ "type": "Feature", "properties": { "chainage_m": 15600, "segment_length_m": 100.0, "radius_m": 100000.0, "railway_crossing_score": 0, "railway_crossing_confidence": "high", "metro_interface_score": 0, "metro_interface_confidence": "high", "existing_elevated_structure_score": 0, "existing_elevated_structure_confidence": "high", "major_arterial_crossing_score": 0, "major_arterial_crossing_confidence": "high", "restricted_military_area_score": 0, "restricted_military_area_confidence": "low", "eht_line_crossing_score": 0, "eht_line_crossing_confidence": "low", "dam_check_structure_score": 0, "dam_check_structure_confidence": "medium", "curve_severity_score": 0, "curve_severity_confidence": "high", "irc86_min_radius_m": 150, "entry_exit_distance_to_arterial_m": 121.73130855831769, "entry_exit_feasibility_score": 0, "entry_exit_feasibility_confidence": "medium", "land_availability_frac_built": 0.0, "land_availability_score": 0, "land_availability_confidence": "high", "habitation_building_count": 0, "habitation_population_sum": 8904.84765625, "habitation_proximity_score": 0, "habitation_proximity_confidence": "high", "hydraulic_sensitivity_index": 0.51613793597877911, "hydraulic_sensitivity_confidence": "low", "composite_score": 0.12903448399469478, "severity_band": "low", "robust_hotspot": false }, "geometry": { "type": "LineString", "coordinates": [ [ 75.77900958306995, 26.841532910909844 ], [ 75.779389300818877, 26.840696821449836 ] ] } },
{ "type": "Feature", "properties": { "chainage_m": 15700, "segment_length_m": 100.0, "radius_m": 100000.0, "railway_crossing_score": 0, "railway_crossing_confidence": "high", "metro_interface_score": 0, "metro_interface_confidence": "high", "existing_elevated_structure_score": 3, "existing_elevated_structure_confidence": "high", "major_arterial_crossing_score": 3, "major_arterial_crossing_confidence": "high", "restricted_military_area_score": 0, "restricted_military_area_confidence": "low", "eht_line_crossing_score": 0, "eht_line_crossing_confidence": "low", "dam_check_structure_score": 0, "dam_check_structure_confidence": "medium", "curve_severity_score": 0, "curve_severity_confidence": "high", "irc86_min_radius_m": 150, "entry_exit_distance_to_arterial_m": 44.497008146719139, "entry_exit_feasibility_score": 0, "entry_exit_feasibility_confidence": "medium", "land_availability_frac_built": 0.0, "land_availability_score": 0, "land_availability_confidence": "high", "habitation_building_count": 0, "habitation_population_sum": 8904.84765625, "habitation_proximity_score": 0, "habitation_proximity_confidence": "high", "hydraulic_sensitivity_index": 0.51613793597877911, "hydraulic_sensitivity_confidence": "low", "composite_score": 0.62903448399469475, "severity_band": "medium", "robust_hotspot": false }, "geometry": { "type": "LineString", "coordinates": [ [ 75.779389300818877, 26.840696821449836 ], [ 75.779769013126767, 26.839860730993163 ] ] } },
{ "type": "Feature", "properties": { "chainage_m": 15800, "segment_length_m": 100.0, "radius_m": 100000.0, "railway_crossing_score": 0, "railway_crossing_confidence": "high", "metro_interface_score": 0, "metro_interface_confidence": "high", "existing_elevated_structure_score": 3, "existing_elevated_structure_confidence": "high", "major_arterial_crossing_score": 3, "major_arterial_crossing_confidence": "high", "restricted_military_area_score": 0, "restricted_military_area_confidence": "low", "eht_line_crossing_score": 0, "eht_line_crossing_confidence": "low", "dam_check_structure_score": 0, "dam_check_structure_confidence": "medium", "curve_severity_score": 0, "curve_severity_confidence": "high", "irc86_min_radius_m": 150, "entry_exit_distance_to_arterial_m": 0.0, "entry_exit_feasibility_score": 0, "entry_exit_feasibility_confidence": "medium", "land_availability_frac_built": 0.0, "land_availability_score": 0, "land_availability_confidence": "high", "habitation_building_count": 0, "habitation_population_sum": 4469.41943359375, "habitation_proximity_score": 0, "habitation_proximity_confidence": "high", "hydraulic_sensitivity_index": 0.51613793597877911, "hydraulic_sensitivity_confidence": "low", "composite_score": 0.62903448399469475, "severity_band": "medium", "robust_hotspot": false }, "geometry": { "type": "LineString", "coordinates": [ [ 75.779769013126767, 26.839860730993163 ], [ 75.780148719993974, 26.839024639539939 ] ] } },
{ "type": "Feature", "properties": { "chainage_m": 15900, "segment_length_m": 100.0, "radius_m": 100000.0, "railway_crossing_score": 0, "railway_crossing_confidence": "high", "metro_interface_score": 0, "metro_interface_confidence": "high", "existing_elevated_structure_score": 3, "existing_elevated_structure_confidence": "high", "major_arterial_crossing_score": 3, "major_arterial_crossing_confidence": "high", "restricted_military_area_score": 0, "restricted_military_area_confidence": "low", "eht_line_crossing_score": 0, "eht_line_crossing_confidence": "low", "dam_check_structure_score": 0, "dam_check_structure_confidence": "medium", "curve_severity_score": 0, "curve_severity_confidence": "high", "irc86_min_radius_m": 150, "entry_exit_distance_to_arterial_m": 17.731007847897185, "entry_exit_feasibility_score": 0, "entry_exit_feasibility_confidence": "medium", "land_availability_frac_built": 0.0, "land_availability_score": 0, "land_availability_confidence": "high", "habitation_building_count": 0, "habitation_population_sum": 4469.41943359375, "habitation_proximity_score": 0, "habitation_proximity_confidence": "high", "hydraulic_sensitivity_index": 0.51613793597877911, "hydraulic_sensitivity_confidence": "low", "composite_score": 0.62903448399469475, "severity_band": "medium", "robust_hotspot": false }, "geometry": { "type": "LineString", "coordinates": [ [ 75.780148719993974, 26.839024639539939 ], [ 75.78052842142084, 26.838188547090272 ] ] } },
{ "type": "Feature", "properties": { "chainage_m": 16000, "segment_length_m": 100.0, "radius_m": 100000.0, "railway_crossing_score": 0, "railway_crossing_confidence": "high", "metro_interface_score": 0, "metro_interface_confidence": "high", "existing_elevated_structure_score": 3, "existing_elevated_structure_confidence": "high", "major_arterial_crossing_score": 0, "major_arterial_crossing_confidence": "high", "restricted_military_area_score": 0, "restricted_military_area_confidence": "low", "eht_line_crossing_score": 0, "eht_line_crossing_confidence": "low", "dam_check_structure_score": 0, "dam_check_structure_confidence": "medium", "curve_severity_score": 0, "curve_severity_confidence": "high", "irc86_min_radius_m": 150, "entry_exit_distance_to_arterial_m": 94.831726873897964, "entry_exit_feasibility_score": 0, "entry_exit_feasibility_confidence": "medium", "land_availability_frac_built": 0.0, "land_availability_score": 0, "land_availability_confidence": "high", "habitation_building_count": 0, "habitation_population_sum": 4469.41943359375, "habitation_proximity_score": 0, "habitation_proximity_confidence": "high", "hydraulic_sensitivity_index": 0.51613793597877911, "hydraulic_sensitivity_confidence": "low", "composite_score": 0.3790344839946948, "severity_band": "low", "robust_hotspot": false }, "geometry": { "type": "LineString", "coordinates": [ [ 75.78052842142084, 26.838188547090272 ], [ 75.780908117407719, 26.837352453644272 ] ] } },
{ "type": "Feature", "properties": { "chainage_m": 16100, "segment_length_m": 100.0, "radius_m": 100000.0, "railway_crossing_score": 0, "railway_crossing_confidence": "high", "metro_interface_score": 0, "metro_interface_confidence": "high", "existing_elevated_structure_score": 3, "existing_elevated_structure_confidence": "high", "major_arterial_crossing_score": 0, "major_arterial_crossing_confidence": "high", "restricted_military_area_score": 0, "restricted_military_area_confidence": "low", "eht_line_crossing_score": 0, "eht_line_crossing_confidence": "low", "dam_check_structure_score": 0, "dam_check_structure_confidence": "medium", "curve_severity_score": 0, "curve_severity_confidence": "high", "irc86_min_radius_m": 150, "entry_exit_distance_to_arterial_m": 172.45092812589371, "entry_exit_feasibility_score": 0, "entry_exit_feasibility_confidence": "medium", "land_availability_frac_built": 0.0, "land_availability_score": 0, "land_availability_confidence": "high", "habitation_building_count": 0, "habitation_population_sum": 8646.783203125, "habitation_proximity_score": 0, "habitation_proximity_confidence": "high", "hydraulic_sensitivity_index": 0.51613793597877911, "hydraulic_sensitivity_confidence": "low", "composite_score": 0.3790344839946948, "severity_band": "low", "robust_hotspot": false }, "geometry": { "type": "LineString", "coordinates": [ [ 75.780908117407719, 26.837352453644272 ], [ 75.781287807954925, 26.836516359202054 ] ] } },
{ "type": "Feature", "properties": { "chainage_m": 16200, "segment_length_m": 100.0, "radius_m": 100000.0, "railway_crossing_score": 3, "railway_crossing_confidence": "high", "metro_interface_score": 0, "metro_interface_confidence": "high", "existing_elevated_structure_score": 0, "existing_elevated_structure_confidence": "high", "major_arterial_crossing_score": 0, "major_arterial_crossing_confidence": "high", "restricted_military_area_score": 0, "restricted_military_area_confidence": "low", "eht_line_crossing_score": 0, "eht_line_crossing_confidence": "low", "dam_check_structure_score": 0, "dam_check_structure_confidence": "medium", "curve_severity_score": 0, "curve_severity_confidence": "high", "irc86_min_radius_m": 150, "entry_exit_distance_to_arterial_m": 258.22274392792173, "entry_exit_feasibility_score": 0, "entry_exit_feasibility_confidence": "medium", "land_availability_frac_built": 0.0, "land_availability_score": 0, "land_availability_confidence": "high", "habitation_building_count": 0, "habitation_population_sum": 8646.783203125, "habitation_proximity_score": 0, "habitation_proximity_confidence": "high", "hydraulic_sensitivity_index": 0.51613793597877911, "hydraulic_sensitivity_confidence": "low", "composite_score": 0.3790344839946948, "severity_band": "low", "robust_hotspot": false }, "geometry": { "type": "LineString", "coordinates": [ [ 75.781287807954925, 26.836516359202054 ], [ 75.781667493062827, 26.835680263763745 ] ] } },
{ "type": "Feature", "properties": { "chainage_m": 16300, "segment_length_m": 100.0, "radius_m": 100000.0, "railway_crossing_score": 3, "railway_crossing_confidence": "high", "metro_interface_score": 0, "metro_interface_confidence": "high", "existing_elevated_structure_score": 0, "existing_elevated_structure_confidence": "high", "major_arterial_crossing_score": 0, "major_arterial_crossing_confidence": "high", "restricted_military_area_score": 0, "restricted_military_area_confidence": "low", "eht_line_crossing_score": 0, "eht_line_crossing_confidence": "low", "dam_check_structure_score": 0, "dam_check_structure_confidence": "medium", "curve_severity_score": 0, "curve_severity_confidence": "high", "irc86_min_radius_m": 150, "entry_exit_distance_to_arterial_m": 348.01642414226353, "entry_exit_feasibility_score": 0, "entry_exit_feasibility_confidence": "medium", "land_availability_frac_built": 0.0, "land_availability_score": 0, "land_availability_confidence": "high", "habitation_building_count": 0, "habitation_population_sum": 8646.783203125, "habitation_proximity_score": 0, "habitation_proximity_confidence": "high", "hydraulic_sensitivity_index": 0.51613793597877911, "hydraulic_sensitivity_confidence": "low", "composite_score": 0.3790344839946948, "severity_band": "low", "robust_hotspot": false }, "geometry": { "type": "LineString", "coordinates": [ [ 75.781667493062827, 26.835680263763745 ], [ 75.782047172731751, 26.834844167329436 ] ] } },
{ "type": "Feature", "properties": { "chainage_m": 16400, "segment_length_m": 100.0, "radius_m": 100000.0, "railway_crossing_score": 3, "railway_crossing_confidence": "high", "metro_interface_score": 0, "metro_interface_confidence": "high", "existing_elevated_structure_score": 0, "existing_elevated_structure_confidence": "high", "major_arterial_crossing_score": 0, "major_arterial_crossing_confidence": "high", "restricted_military_area_score": 0, "restricted_military_area_confidence": "low", "eht_line_crossing_score": 0, "eht_line_crossing_confidence": "low", "dam_check_structure_score": 0, "dam_check_structure_confidence": "medium", "curve_severity_score": 0, "curve_severity_confidence": "high", "irc86_min_radius_m": 150, "entry_exit_distance_to_arterial_m": 440.98796720252568, "entry_exit_feasibility_score": 0, "entry_exit_feasibility_confidence": "medium", "land_availability_frac_built": 0.0, "land_availability_score": 0, "land_availability_confidence": "high", "habitation_building_count": 0, "habitation_population_sum": 8646.783203125, "habitation_proximity_score": 0, "habitation_proximity_confidence": "high", "hydraulic_sensitivity_index": 0.51613793597877911, "hydraulic_sensitivity_confidence": "low", "composite_score": 0.3790344839946948, "severity_band": "low", "robust_hotspot": false }, "geometry": { "type": "LineString", "coordinates": [ [ 75.782047172731751, 26.834844167329436 ], [ 75.782426846962039, 26.834008069899244 ] ] } },
{ "type": "Feature", "properties": { "chainage_m": 16500, "segment_length_m": 100.0, "radius_m": 100000.0, "railway_crossing_score": 3, "railway_crossing_confidence": "high", "metro_interface_score": 0, "metro_interface_confidence": "high", "existing_elevated_structure_score": 3, "existing_elevated_structure_confidence": "high", "major_arterial_crossing_score": 0, "major_arterial_crossing_confidence": "high", "restricted_military_area_score": 0, "restricted_military_area_confidence": "low", "eht_line_crossing_score": 0, "eht_line_crossing_confidence": "low", "dam_check_structure_score": 0, "dam_check_structure_confidence": "medium", "curve_severity_score": 0, "curve_severity_confidence": "high", "irc86_min_radius_m": 150, "entry_exit_distance_to_arterial_m": 534.04648502030352, "entry_exit_feasibility_score": 0, "entry_exit_feasibility_confidence": "medium", "land_availability_frac_built": 0.0, "land_availability_score": 0, "land_availability_confidence": "high", "habitation_building_count": 0, "habitation_population_sum": 17420.85546875, "habitation_proximity_score": 0, "habitation_proximity_confidence": "high", "hydraulic_sensitivity_index": 0.51613793597877911, "hydraulic_sensitivity_confidence": "low", "composite_score": 0.62903448399469475, "severity_band": "medium", "robust_hotspot": false }, "geometry": { "type": "LineString", "coordinates": [ [ 75.782426846962039, 26.834008069899244 ], [ 75.782806515754046, 26.833171971473284 ] ] } },
{ "type": "Feature", "properties": { "chainage_m": 16600, "segment_length_m": 100.0, "radius_m": 100000.0, "railway_crossing_score": 3, "railway_crossing_confidence": "high", "metro_interface_score": 0, "metro_interface_confidence": "high", "existing_elevated_structure_score": 0, "existing_elevated_structure_confidence": "high", "major_arterial_crossing_score": 0, "major_arterial_crossing_confidence": "high", "restricted_military_area_score": 0, "restricted_military_area_confidence": "low", "eht_line_crossing_score": 0, "eht_line_crossing_confidence": "low", "dam_check_structure_score": 0, "dam_check_structure_confidence": "medium", "curve_severity_score": 0, "curve_severity_confidence": "high", "irc86_min_radius_m": 150, "entry_exit_distance_to_arterial_m": 628.59424895768461, "entry_exit_feasibility_score": 0, "entry_exit_feasibility_confidence": "medium", "land_availability_frac_built": 0.0, "land_availability_score": 0, "land_availability_confidence": "high", "habitation_building_count": 0, "habitation_population_sum": 17420.85546875, "habitation_proximity_score": 0, "habitation_proximity_confidence": "high", "hydraulic_sensitivity_index": 0.51613793597877911, "hydraulic_sensitivity_confidence": "low", "composite_score": 0.3790344839946948, "severity_band": "low", "robust_hotspot": false }, "geometry": { "type": "LineString", "coordinates": [ [ 75.782806515754046, 26.833171971473284 ], [ 75.783186179108114, 26.832335872051683 ] ] } },
{ "type": "Feature", "properties": { "chainage_m": 16700, "segment_length_m": 100.0, "radius_m": 100000.0, "railway_crossing_score": 0, "railway_crossing_confidence": "high", "metro_interface_score": 0, "metro_interface_confidence": "high", "existing_elevated_structure_score": 0, "existing_elevated_structure_confidence": "high", "major_arterial_crossing_score": 0, "major_arterial_crossing_confidence": "high", "restricted_military_area_score": 0, "restricted_military_area_confidence": "low", "eht_line_crossing_score": 0, "eht_line_crossing_confidence": "low", "dam_check_structure_score": 0, "dam_check_structure_confidence": "medium", "curve_severity_score": 0, "curve_severity_confidence": "high", "irc86_min_radius_m": 150, "entry_exit_distance_to_arterial_m": 724.60574144696602, "entry_exit_feasibility_score": 0, "entry_exit_feasibility_confidence": "medium", "land_availability_frac_built": 0.0, "land_availability_score": 0, "land_availability_confidence": "high", "habitation_building_count": 0, "habitation_population_sum": 8294.662109375, "habitation_proximity_score": 0, "habitation_proximity_confidence": "high", "hydraulic_sensitivity_index": 0.51613793597877911, "hydraulic_sensitivity_confidence": "low", "composite_score": 0.12903448399469478, "severity_band": "low", "robust_hotspot": false }, "geometry": { "type": "LineString", "coordinates": [ [ 75.783186179108114, 26.832335872051683 ], [ 75.783565837024568, 26.831499771634526 ] ] } },
{ "type": "Feature", "properties": { "chainage_m": 16800, "segment_length_m": 100.0, "radius_m": 100000.0, "railway_crossing_score": 0, "railway_crossing_confidence": "high", "metro_interface_score": 0, "metro_interface_confidence": "high", "existing_elevated_structure_score": 0, "existing_elevated_structure_confidence": "high", "major_arterial_crossing_score": 0, "major_arterial_crossing_confidence": "high", "restricted_military_area_score": 0, "restricted_military_area_confidence": "low", "eht_line_crossing_score": 0, "eht_line_crossing_confidence": "low", "dam_check_structure_score": 0, "dam_check_structure_confidence": "medium", "curve_severity_score": 0, "curve_severity_confidence": "high", "irc86_min_radius_m": 150, "entry_exit_distance_to_arterial_m": 747.79897147398083, "entry_exit_feasibility_score": 0, "entry_exit_feasibility_confidence": "medium", "land_availability_frac_built": 0.0, "land_availability_score": 0, "land_availability_confidence": "high", "habitation_building_count": 0, "habitation_population_sum": 4117.2978515625, "habitation_proximity_score": 0, "habitation_proximity_confidence": "high", "hydraulic_sensitivity_index": 0.51613793597877911, "hydraulic_sensitivity_confidence": "low", "composite_score": 0.12903448399469478, "severity_band": "low", "robust_hotspot": false }, "geometry": { "type": "LineString", "coordinates": [ [ 75.783565837024568, 26.831499771634526 ], [ 75.783945489503779, 26.830663670221956 ] ] } },
{ "type": "Feature", "properties": { "chainage_m": 16900, "segment_length_m": 100.0, "radius_m": 100000.0, "railway_crossing_score": 0, "railway_crossing_confidence": "high", "metro_interface_score": 0, "metro_interface_confidence": "high", "existing_elevated_structure_score": 0, "existing_elevated_structure_confidence": "high", "major_arterial_crossing_score": 0, "major_arterial_crossing_confidence": "high", "restricted_military_area_score": 0, "restricted_military_area_confidence": "low", "eht_line_crossing_score": 0, "eht_line_crossing_confidence": "low", "dam_check_structure_score": 0, "dam_check_structure_confidence": "medium", "curve_severity_score": 0, "curve_severity_confidence": "high", "irc86_min_radius_m": 150, "entry_exit_distance_to_arterial_m": 720.78485622353969, "entry_exit_feasibility_score": 0, "entry_exit_feasibility_confidence": "medium", "land_availability_frac_built": 0.0, "land_availability_score": 0, "land_availability_confidence": "high", "habitation_building_count": 0, "habitation_population_sum": 4117.2978515625, "habitation_proximity_score": 0, "habitation_proximity_confidence": "high", "hydraulic_sensitivity_index": 0.5806359106713983, "hydraulic_sensitivity_confidence": "low", "composite_score": 0.14515897766784958, "severity_band": "low", "robust_hotspot": false }, "geometry": { "type": "LineString", "coordinates": [ [ 75.783945489503779, 26.830663670221956 ], [ 75.784325136546073, 26.829827567814057 ] ] } },
{ "type": "Feature", "properties": { "chainage_m": 17000, "segment_length_m": 100.0, "radius_m": 100000.0, "railway_crossing_score": 0, "railway_crossing_confidence": "high", "metro_interface_score": 0, "metro_interface_confidence": "high", "existing_elevated_structure_score": 0, "existing_elevated_structure_confidence": "high", "major_arterial_crossing_score": 0, "major_arterial_crossing_confidence": "high", "restricted_military_area_score": 0, "restricted_military_area_confidence": "low", "eht_line_crossing_score": 0, "eht_line_crossing_confidence": "low", "dam_check_structure_score": 0, "dam_check_structure_confidence": "medium", "curve_severity_score": 0, "curve_severity_confidence": "high", "irc86_min_radius_m": 150, "entry_exit_distance_to_arterial_m": 706.63575814591502, "entry_exit_feasibility_score": 0, "entry_exit_feasibility_confidence": "medium", "land_availability_frac_built": 0.0, "land_availability_score": 0, "land_availability_confidence": "high", "habitation_building_count": 0, "habitation_population_sum": 4117.2978515625, "habitation_proximity_score": 0, "habitation_proximity_confidence": "high", "hydraulic_sensitivity_index": 0.5806359106713983, "hydraulic_sensitivity_confidence": "low", "composite_score": 0.14515897766784958, "severity_band": "low", "robust_hotspot": false }, "geometry": { "type": "LineString", "coordinates": [ [ 75.784325136546073, 26.829827567814057 ], [ 75.784704778151792, 26.828991464410969 ] ] } },
{ "type": "Feature", "properties": { "chainage_m": 17100, "segment_length_m": 100.0, "radius_m": 100000.0, "railway_crossing_score": 0, "railway_crossing_confidence": "high", "metro_interface_score": 0, "metro_interface_confidence": "high", "existing_elevated_structure_score": 0, "existing_elevated_structure_confidence": "high", "major_arterial_crossing_score": 0, "major_arterial_crossing_confidence": "high", "restricted_military_area_score": 0, "restricted_military_area_confidence": "low", "eht_line_crossing_score": 0, "eht_line_crossing_confidence": "low", "dam_check_structure_score": 0, "dam_check_structure_confidence": "medium", "curve_severity_score": 0, "curve_severity_confidence": "high", "irc86_min_radius_m": 150, "entry_exit_distance_to_arterial_m": 699.62783839380177, "entry_exit_feasibility_score": 0, "entry_exit_feasibility_confidence": "medium", "land_availability_frac_built": 0.0, "land_availability_score": 0, "land_availability_confidence": "high", "habitation_building_count": 0, "habitation_population_sum": 4117.2978515625, "habitation_proximity_score": 0, "habitation_proximity_confidence": "high", "hydraulic_sensitivity_index": 0.5806359106713983, "hydraulic_sensitivity_confidence": "low", "composite_score": 0.14515897766784958, "severity_band": "low", "robust_hotspot": false }, "geometry": { "type": "LineString", "coordinates": [ [ 75.784704778151792, 26.828991464410969 ], [ 75.785084414321275, 26.828155360012776 ] ] } },
{ "type": "Feature", "properties": { "chainage_m": 17200, "segment_length_m": 100.0, "radius_m": 100000.0, "railway_crossing_score": 0, "railway_crossing_confidence": "high", "metro_interface_score": 0, "metro_interface_confidence": "high", "existing_elevated_structure_score": 0, "existing_elevated_structure_confidence": "high", "major_arterial_crossing_score": 0, "major_arterial_crossing_confidence": "high", "restricted_military_area_score": 0, "restricted_military_area_confidence": "low", "eht_line_crossing_score": 0, "eht_line_crossing_confidence": "low", "dam_check_structure_score": 0, "dam_check_structure_confidence": "medium", "curve_severity_score": 0, "curve_severity_confidence": "high", "irc86_min_radius_m": 150, "entry_exit_distance_to_arterial_m": 694.80709994391134, "entry_exit_feasibility_score": 0, "entry_exit_feasibility_confidence": "medium", "land_availability_frac_built": 0.0, "land_availability_score": 0, "land_availability_confidence": "high", "habitation_building_count": 0, "habitation_population_sum": 4117.2978515625, "habitation_proximity_score": 0, "habitation_proximity_confidence": "high", "hydraulic_sensitivity_index": 0.5806359106713983, "hydraulic_sensitivity_confidence": "low", "composite_score": 0.14515897766784958, "severity_band": "low", "robust_hotspot": false }, "geometry": { "type": "LineString", "coordinates": [ [ 75.785084414321275, 26.828155360012776 ], [ 75.78546404505488, 26.82731925461961 ] ] } },
{ "type": "Feature", "properties": { "chainage_m": 17300, "segment_length_m": 100.0, "radius_m": 100000.0, "railway_crossing_score": 0, "railway_crossing_confidence": "high", "metro_interface_score": 0, "metro_interface_confidence": "high", "existing_elevated_structure_score": 0, "existing_elevated_structure_confidence": "high", "major_arterial_crossing_score": 0, "major_arterial_crossing_confidence": "high", "restricted_military_area_score": 0, "restricted_military_area_confidence": "low", "eht_line_crossing_score": 0, "eht_line_crossing_confidence": "low", "dam_check_structure_score": 0, "dam_check_structure_confidence": "medium", "curve_severity_score": 0, "curve_severity_confidence": "high", "irc86_min_radius_m": 150, "entry_exit_distance_to_arterial_m": 693.46680737764348, "entry_exit_feasibility_score": 0, "entry_exit_feasibility_confidence": "medium", "land_availability_frac_built": 0.0, "land_availability_score": 0, "land_availability_confidence": "high", "habitation_building_count": 0, "habitation_population_sum": 4117.2978515625, "habitation_proximity_score": 0, "habitation_proximity_confidence": "high", "hydraulic_sensitivity_index": 0.5806359106713983, "hydraulic_sensitivity_confidence": "low", "composite_score": 0.14515897766784958, "severity_band": "low", "robust_hotspot": false }, "geometry": { "type": "LineString", "coordinates": [ [ 75.78546404505488, 26.82731925461961 ], [ 75.785843670352932, 26.826483148231581 ] ] } },
{ "type": "Feature", "properties": { "chainage_m": 17400, "segment_length_m": 100.0, "radius_m": 100000.0, "railway_crossing_score": 0, "railway_crossing_confidence": "high", "metro_interface_score": 0, "metro_interface_confidence": "high", "existing_elevated_structure_score": 0, "existing_elevated_structure_confidence": "high", "major_arterial_crossing_score": 0, "major_arterial_crossing_confidence": "high", "restricted_military_area_score": 0, "restricted_military_area_confidence": "low", "eht_line_crossing_score": 0, "eht_line_crossing_confidence": "low", "dam_check_structure_score": 0, "dam_check_structure_confidence": "medium", "curve_severity_score": 0, "curve_severity_confidence": "high", "irc86_min_radius_m": 150, "entry_exit_distance_to_arterial_m": 692.30770559678899, "entry_exit_feasibility_score": 0, "entry_exit_feasibility_confidence": "medium", "land_availability_frac_built": 0.0, "land_availability_score": 0, "land_availability_confidence": "high", "habitation_building_count": 0, "habitation_population_sum": 4117.2978515625, "habitation_proximity_score": 0, "habitation_proximity_confidence": "high", "hydraulic_sensitivity_index": 0.5806359106713983, "hydraulic_sensitivity_confidence": "low", "composite_score": 0.14515897766784958, "severity_band": "low", "robust_hotspot": false }, "geometry": { "type": "LineString", "coordinates": [ [ 75.785843670352932, 26.826483148231581 ], [ 75.786223290215787, 26.8256470408488 ] ] } },
{ "type": "Feature", "properties": { "chainage_m": 17500, "segment_length_m": 100.0, "radius_m": 100000.0, "railway_crossing_score": 0, "railway_crossing_confidence": "high", "metro_interface_score": 0, "metro_interface_confidence": "high", "existing_elevated_structure_score": 0, "existing_elevated_structure_confidence": "high", "major_arterial_crossing_score": 0, "major_arterial_crossing_confidence": "high", "restricted_military_area_score": 0, "restricted_military_area_confidence": "low", "eht_line_crossing_score": 0, "eht_line_crossing_confidence": "low", "dam_check_structure_score": 0, "dam_check_structure_confidence": "medium", "curve_severity_score": 0, "curve_severity_confidence": "high", "irc86_min_radius_m": 150, "entry_exit_distance_to_arterial_m": 686.56400492642149, "entry_exit_feasibility_score": 0, "entry_exit_feasibility_confidence": "medium", "land_availability_frac_built": 0.0, "land_availability_score": 0, "land_availability_confidence": "high", "habitation_building_count": 0, "habitation_population_sum": 9414.8310546875, "habitation_proximity_score": 0, "habitation_proximity_confidence": "high", "hydraulic_sensitivity_index": 0.5806359106713983, "hydraulic_sensitivity_confidence": "low", "composite_score": 0.14515897766784958, "severity_band": "low", "robust_hotspot": false }, "geometry": { "type": "LineString", "coordinates": [ [ 75.786223290215787, 26.8256470408488 ], [ 75.786602904643772, 26.824810932471376 ] ] } },
{ "type": "Feature", "properties": { "chainage_m": 17600, "segment_length_m": 100.0, "radius_m": 100000.0, "railway_crossing_score": 0, "railway_crossing_confidence": "high", "metro_interface_score": 0, "metro_interface_confidence": "high", "existing_elevated_structure_score": 0, "existing_elevated_structure_confidence": "high", "major_arterial_crossing_score": 0, "major_arterial_crossing_confidence": "high", "restricted_military_area_score": 0, "restricted_military_area_confidence": "low", "eht_line_crossing_score": 0, "eht_line_crossing_confidence": "low", "dam_check_structure_score": 0, "dam_check_structure_confidence": "medium", "curve_severity_score": 0, "curve_severity_confidence": "high", "irc86_min_radius_m": 150, "entry_exit_distance_to_arterial_m": 598.68514140348429, "entry_exit_feasibility_score": 0, "entry_exit_feasibility_confidence": "medium", "land_availability_frac_built": 0.0, "land_availability_score": 0, "land_availability_confidence": "high", "habitation_building_count": 0, "habitation_population_sum": 9414.8310546875, "habitation_proximity_score": 0, "habitation_proximity_confidence": "high", "hydraulic_sensitivity_index": 0.5806359106713983, "hydraulic_sensitivity_confidence": "low", "composite_score": 0.14515897766784958, "severity_band": "low", "robust_hotspot": false }, "geometry": { "type": "LineString", "coordinates": [ [ 75.786602904643772, 26.824810932471376 ], [ 75.786982513637241, 26.82397482309943 ] ] } },
{ "type": "Feature", "properties": { "chainage_m": 17700, "segment_length_m": 100.0, "radius_m": 100000.0, "railway_crossing_score": 0, "railway_crossing_confidence": "high", "metro_interface_score": 0, "metro_interface_confidence": "high", "existing_elevated_structure_score": 0, "existing_elevated_structure_confidence": "high", "major_arterial_crossing_score": 0, "major_arterial_crossing_confidence": "high", "restricted_military_area_score": 0, "restricted_military_area_confidence": "low", "eht_line_crossing_score": 0, "eht_line_crossing_confidence": "low", "dam_check_structure_score": 0, "dam_check_structure_confidence": "medium", "curve_severity_score": 0, "curve_severity_confidence": "high", "irc86_min_radius_m": 150, "entry_exit_distance_to_arterial_m": 508.95596708023641, "entry_exit_feasibility_score": 0, "entry_exit_feasibility_confidence": "medium", "land_availability_frac_built": 0.0, "land_availability_score": 0, "land_availability_confidence": "high", "habitation_building_count": 0, "habitation_population_sum": 9414.8310546875, "habitation_proximity_score": 0, "habitation_proximity_confidence": "high", "hydraulic_sensitivity_index": 0.5806359106713983, "hydraulic_sensitivity_confidence": "low", "composite_score": 0.14515897766784958, "severity_band": "low", "robust_hotspot": false }, "geometry": { "type": "LineString", "coordinates": [ [ 75.786982513637241, 26.82397482309943 ], [ 75.787362117196551, 26.823138712733066 ] ] } },
{ "type": "Feature", "properties": { "chainage_m": 17800, "segment_length_m": 100.0, "radius_m": 100000.0, "railway_crossing_score": 0, "railway_crossing_confidence": "high", "metro_interface_score": 0, "metro_interface_confidence": "high", "existing_elevated_structure_score": 0, "existing_elevated_structure_confidence": "high", "major_arterial_crossing_score": 0, "major_arterial_crossing_confidence": "high", "restricted_military_area_score": 0, "restricted_military_area_confidence": "low", "eht_line_crossing_score": 0, "eht_line_crossing_confidence": "low", "dam_check_structure_score": 0, "dam_check_structure_confidence": "medium", "curve_severity_score": 0, "curve_severity_confidence": "high", "irc86_min_radius_m": 150, "entry_exit_distance_to_arterial_m": 416.18200783777326, "entry_exit_feasibility_score": 0, "entry_exit_feasibility_confidence": "medium", "land_availability_frac_built": 0.0, "land_availability_score": 0, "land_availability_confidence": "high", "habitation_building_count": 0, "habitation_population_sum": 5297.533203125, "habitation_proximity_score": 0, "habitation_proximity_confidence": "high", "hydraulic_sensitivity_index": 0.5806359106713983, "hydraulic_sensitivity_confidence": "low", "composite_score": 0.14515897766784958, "severity_band": "low", "robust_hotspot": false }, "geometry": { "type": "LineString", "coordinates": [ [ 75.787362117196551, 26.823138712733066 ], [ 75.787741715322014, 26.822302601372396 ] ] } },
{ "type": "Feature", "properties": { "chainage_m": 17900, "segment_length_m": 100.0, "radius_m": 100000.0, "railway_crossing_score": 0, "railway_crossing_confidence": "high", "metro_interface_score": 0, "metro_interface_confidence": "high", "existing_elevated_structure_score": 0, "existing_elevated_structure_confidence": "high", "major_arterial_crossing_score": 0, "major_arterial_crossing_confidence": "high", "restricted_military_area_score": 0, "restricted_military_area_confidence": "low", "eht_line_crossing_score": 0, "eht_line_crossing_confidence": "low", "dam_check_structure_score": 0, "dam_check_structure_confidence": "medium", "curve_severity_score": 0, "curve_severity_confidence": "high", "irc86_min_radius_m": 150, "entry_exit_distance_to_arterial_m": 322.42013753426153, "entry_exit_feasibility_score": 0, "entry_exit_feasibility_confidence": "medium", "land_availability_frac_built": 0.0, "land_availability_score": 0, "land_availability_confidence": "high", "habitation_building_count": 0, "habitation_population_sum": 5297.533203125, "habitation_proximity_score": 0, "habitation_proximity_confidence": "high", "hydraulic_sensitivity_index": 0.5806359106713983, "hydraulic_sensitivity_confidence": "low", "composite_score": 0.14515897766784958, "severity_band": "low", "robust_hotspot": false }, "geometry": { "type": "LineString", "coordinates": [ [ 75.787741715322014, 26.822302601372396 ], [ 75.788121308013999, 26.821466489017535 ] ] } },
{ "type": "Feature", "properties": { "chainage_m": 18000, "segment_length_m": 100.0, "radius_m": 100000.0, "railway_crossing_score": 0, "railway_crossing_confidence": "high", "metro_interface_score": 0, "metro_interface_confidence": "high", "existing_elevated_structure_score": 0, "existing_elevated_structure_confidence": "high", "major_arterial_crossing_score": 0, "major_arterial_crossing_confidence": "high", "restricted_military_area_score": 0, "restricted_military_area_confidence": "low", "eht_line_crossing_score": 0, "eht_line_crossing_confidence": "low", "dam_check_structure_score": 0, "dam_check_structure_confidence": "medium", "curve_severity_score": 0, "curve_severity_confidence": "high", "irc86_min_radius_m": 150, "entry_exit_distance_to_arterial_m": 228.66429327734366, "entry_exit_feasibility_score": 0, "entry_exit_feasibility_confidence": "medium", "land_availability_frac_built": 0.0, "land_availability_score": 0, "land_availability_confidence": "high", "habitation_building_count": 0, "habitation_population_sum": 5297.533203125, "habitation_proximity_score": 0, "habitation_proximity_confidence": "high", "hydraulic_sensitivity_index": 0.5806359106713983, "hydraulic_sensitivity_confidence": "low", "composite_score": 0.14515897766784958, "severity_band": "low", "robust_hotspot": false }, "geometry": { "type": "LineString", "coordinates": [ [ 75.788121308013999, 26.821466489017535 ], [ 75.788500895272833, 26.820630375668596 ] ] } },
{ "type": "Feature", "properties": { "chainage_m": 18100, "segment_length_m": 100.0, "radius_m": 100000.0, "railway_crossing_score": 0, "railway_crossing_confidence": "high", "metro_interface_score": 0, "metro_interface_confidence": "high", "existing_elevated_structure_score": 0, "existing_elevated_structure_confidence": "high", "major_arterial_crossing_score": 0, "major_arterial_crossing_confidence": "high", "restricted_military_area_score": 0, "restricted_military_area_confidence": "low", "eht_line_crossing_score": 0, "eht_line_crossing_confidence": "low", "dam_check_structure_score": 0, "dam_check_structure_confidence": "medium", "curve_severity_score": 0, "curve_severity_confidence": "high", "irc86_min_radius_m": 150, "entry_exit_distance_to_arterial_m": 134.47969347391162, "entry_exit_feasibility_score": 0, "entry_exit_feasibility_confidence": "medium", "land_availability_frac_built": 0.0, "land_availability_score": 0, "land_availability_confidence": "high", "habitation_building_count": 0, "habitation_population_sum": 5297.533203125, "habitation_proximity_score": 0, "habitation_proximity_confidence": "high", "hydraulic_sensitivity_index": 0.5806359106713983, "hydraulic_sensitivity_confidence": "low", "composite_score": 0.14515897766784958, "severity_band": "low", "robust_hotspot": false }, "geometry": { "type": "LineString", "coordinates": [ [ 75.788500895272833, 26.820630375668596 ], [ 75.788880477098857, 26.819794261325697 ] ] } },
{ "type": "Feature", "properties": { "chainage_m": 18200, "segment_length_m": 100.0, "radius_m": 100000.0, "railway_crossing_score": 0, "railway_crossing_confidence": "high", "metro_interface_score": 0, "metro_interface_confidence": "high", "existing_elevated_structure_score": 3, "existing_elevated_structure_confidence": "high", "major_arterial_crossing_score": 3, "major_arterial_crossing_confidence": "high", "restricted_military_area_score": 0, "restricted_military_area_confidence": "low", "eht_line_crossing_score": 0, "eht_line_crossing_confidence": "low", "dam_check_structure_score": 0, "dam_check_structure_confidence": "medium", "curve_severity_score": 0, "curve_severity_confidence": "high", "irc86_min_radius_m": 150, "entry_exit_distance_to_arterial_m": 40.304808154452694, "entry_exit_feasibility_score": 0, "entry_exit_feasibility_confidence": "medium", "land_availability_frac_built": 0.0, "land_availability_score": 0, "land_availability_confidence": "high", "habitation_building_count": 0, "habitation_population_sum": 5297.533203125, "habitation_proximity_score": 0, "habitation_proximity_confidence": "high", "hydraulic_sensitivity_index": 0.5806359106713983, "hydraulic_sensitivity_confidence": "low", "composite_score": 0.64515897766784958, "severity_band": "medium", "robust_hotspot": false }, "geometry": { "type": "LineString", "coordinates": [ [ 75.788880477098857, 26.819794261325697 ], [ 75.789260053492413, 26.81895814598894 ] ] } },
{ "type": "Feature", "properties": { "chainage_m": 18300, "segment_length_m": 100.0, "radius_m": 100000.0, "railway_crossing_score": 0, "railway_crossing_confidence": "high", "metro_interface_score": 0, "metro_interface_confidence": "high", "existing_elevated_structure_score": 3, "existing_elevated_structure_confidence": "high", "major_arterial_crossing_score": 3, "major_arterial_crossing_confidence": "high", "restricted_military_area_score": 0, "restricted_military_area_confidence": "low", "eht_line_crossing_score": 0, "eht_line_crossing_confidence": "low", "dam_check_structure_score": 0, "dam_check_structure_confidence": "medium", "curve_severity_score": 0, "curve_severity_confidence": "high", "irc86_min_radius_m": 150, "entry_exit_distance_to_arterial_m": 0.0, "entry_exit_feasibility_score": 0, "entry_exit_feasibility_confidence": "medium", "land_availability_frac_built": 0.0, "land_availability_score": 0, "land_availability_confidence": "high", "habitation_building_count": 1, "habitation_population_sum": 10284.482421875, "habitation_proximity_score": 1, "habitation_proximity_confidence": "high", "hydraulic_sensitivity_index": 0.5806359106713983, "hydraulic_sensitivity_confidence": "low", "composite_score": 0.72849231100118284, "severity_band": "high", "robust_hotspot": false }, "geometry": { "type": "LineString", "coordinates": [ [ 75.789260053492413, 26.81895814598894 ], [ 75.789639624453869, 26.818122029658451 ] ] } },
{ "type": "Feature", "properties": { "chainage_m": 18400, "segment_length_m": 100.0, "radius_m": 100000.0, "railway_crossing_score": 0, "railway_crossing_confidence": "high", "metro_interface_score": 0, "metro_interface_confidence": "high", "existing_elevated_structure_score": 3, "existing_elevated_structure_confidence": "high", "major_arterial_crossing_score": 3, "major_arterial_crossing_confidence": "high", "restricted_military_area_score": 0, "restricted_military_area_confidence": "low", "eht_line_crossing_score": 0, "eht_line_crossing_confidence": "low", "dam_check_structure_score": 0, "dam_check_structure_confidence": "medium", "curve_severity_score": 0, "curve_severity_confidence": "high", "irc86_min_radius_m": 150, "entry_exit_distance_to_arterial_m": 46.139363400993389, "entry_exit_feasibility_score": 0, "entry_exit_feasibility_confidence": "medium", "land_availability_frac_built": 0.0, "land_availability_score": 0, "land_availability_confidence": "high", "habitation_building_count": 0, "habitation_population_sum": 10284.482421875, "habitation_proximity_score": 0, "habitation_proximity_confidence": "high", "hydraulic_sensitivity_index": 0.5806359106713983, "hydraulic_sensitivity_confidence": "low", "composite_score": 0.64515897766784958, "severity_band": "medium", "robust_hotspot": false }, "geometry": { "type": "LineString", "coordinates": [ [ 75.789639624453869, 26.818122029658451 ], [ 75.790019189983539, 26.817285912334324 ] ] } },
{ "type": "Feature", "properties": { "chainage_m": 18500, "segment_length_m": 100.0, "radius_m": 100000.0, "railway_crossing_score": 0, "railway_crossing_confidence": "high", "metro_interface_score": 0, "metro_interface_confidence": "high", "existing_elevated_structure_score": 0, "existing_elevated_structure_confidence": "high", "major_arterial_crossing_score": 0, "major_arterial_crossing_confidence": "high", "restricted_military_area_score": 0, "restricted_military_area_confidence": "low", "eht_line_crossing_score": 0, "eht_line_crossing_confidence": "low", "dam_check_structure_score": 0, "dam_check_structure_confidence": "medium", "curve_severity_score": 0, "curve_severity_confidence": "high", "irc86_min_radius_m": 150, "entry_exit_distance_to_arterial_m": 140.87395532167065, "entry_exit_feasibility_score": 0, "entry_exit_feasibility_confidence": "medium", "land_availability_frac_built": 0.0, "land_availability_score": 0, "land_availability_confidence": "high", "habitation_building_count": 0, "habitation_population_sum": 20479.498046875, "habitation_proximity_score": 0, "habitation_proximity_confidence": "high", "hydraulic_sensitivity_index": 0.5806359106713983, "hydraulic_sensitivity_confidence": "low", "composite_score": 0.14515897766784958, "severity_band": "low", "robust_hotspot": false }, "geometry": { "type": "LineString", "coordinates": [ [ 75.790019189983539, 26.817285912334324 ], [ 75.790398750081778, 26.816449794016691 ] ] } },
{ "type": "Feature", "properties": { "chainage_m": 18600, "segment_length_m": 100.0, "radius_m": 100000.0, "railway_crossing_score": 0, "railway_crossing_confidence": "high", "metro_interface_score": 0, "metro_interface_confidence": "high", "existing_elevated_structure_score": 0, "existing_elevated_structure_confidence": "high", "major_arterial_crossing_score": 0, "major_arterial_crossing_confidence": "high", "restricted_military_area_score": 0, "restricted_military_area_confidence": "low", "eht_line_crossing_score": 0, "eht_line_crossing_confidence": "low", "dam_check_structure_score": 0, "dam_check_structure_confidence": "medium", "curve_severity_score": 0, "curve_severity_confidence": "high", "irc86_min_radius_m": 150, "entry_exit_distance_to_arterial_m": 235.45113601129091, "entry_exit_feasibility_score": 0, "entry_exit_feasibility_confidence": "medium", "land_availability_frac_built": 0.0, "land_availability_score": 0, "land_availability_confidence": "high", "habitation_building_count": 0, "habitation_population_sum": 20479.498046875, "habitation_proximity_score": 0, "habitation_proximity_confidence": "high", "hydraulic_sensitivity_index": 0.5806359106713983, "hydraulic_sensitivity_confidence": "low", "composite_score": 0.14515897766784958, "severity_band": "low", "robust_hotspot": false }, "geometry": { "type": "LineString", "coordinates": [ [ 75.790398750081778, 26.816449794016691 ], [ 75.790778304748926, 26.815613674705656 ] ] } },
{ "type": "Feature", "properties": { "chainage_m": 18700, "segment_length_m": 100.0, "radius_m": 100000.0, "railway_crossing_score": 0, "railway_crossing_confidence": "high", "metro_interface_score": 0, "metro_interface_confidence": "high", "existing_elevated_structure_score": 0, "existing_elevated_structure_confidence": "high", "major_arterial_crossing_score": 0, "major_arterial_crossing_confidence": "high", "restricted_military_area_score": 0, "restricted_military_area_confidence": "low", "eht_line_crossing_score": 0, "eht_line_crossing_confidence": "low", "dam_check_structure_score": 0, "dam_check_structure_confidence": "medium", "curve_severity_score": 0, "curve_severity_confidence": "high", "irc86_min_radius_m": 150, "entry_exit_distance_to_arterial_m": 330.02776671119568, "entry_exit_feasibility_score": 0, "entry_exit_feasibility_confidence": "medium", "land_availability_frac_built": 0.0, "land_availability_score": 0, "land_availability_confidence": "high", "habitation_building_count": 0, "habitation_population_sum": 20479.498046875, "habitation_proximity_score": 0, "habitation_proximity_confidence": "high", "hydraulic_sensitivity_index": 0.5806359106713983, "hydraulic_sensitivity_confidence": "low", "composite_score": 0.14515897766784958, "severity_band": "low", "robust_hotspot": false }, "geometry": { "type": "LineString", "coordinates": [ [ 75.790778304748926, 26.815613674705656 ], [ 75.791157853985311, 26.814777554401324 ] ] } },
{ "type": "Feature", "properties": { "chainage_m": 18800, "segment_length_m": 100.0, "radius_m": 100000.0, "railway_crossing_score": 0, "railway_crossing_confidence": "high", "metro_interface_score": 0, "metro_interface_confidence": "high", "existing_elevated_structure_score": 0, "existing_elevated_structure_confidence": "high", "major_arterial_crossing_score": 0, "major_arterial_crossing_confidence": "high", "restricted_military_area_score": 0, "restricted_military_area_confidence": "low", "eht_line_crossing_score": 0, "eht_line_crossing_confidence": "low", "dam_check_structure_score": 0, "dam_check_structure_confidence": "medium", "curve_severity_score": 0, "curve_severity_confidence": "high", "irc86_min_radius_m": 150, "entry_exit_distance_to_arterial_m": 424.60374073843985, "entry_exit_feasibility_score": 0, "entry_exit_feasibility_confidence": "medium", "land_availability_frac_built": 0.0, "land_availability_score": 0, "land_availability_confidence": "high", "habitation_building_count": 0, "habitation_population_sum": 10195.015625, "habitation_proximity_score": 0, "habitation_proximity_confidence": "high", "hydraulic_sensitivity_index": 0.5806359106713983, "hydraulic_sensitivity_confidence": "low", "composite_score": 0.14515897766784958, "severity_band": "low", "robust_hotspot": false }, "geometry": { "type": "LineString", "coordinates": [ [ 75.791157853985311, 26.814777554401324 ], [ 75.791537397791288, 26.813941433103818 ] ] } },
{ "type": "Feature", "properties": { "chainage_m": 18900, "segment_length_m": 100.0, "radius_m": 2607.5203529856103, "railway_crossing_score": 0, "railway_crossing_confidence": "high", "metro_interface_score": 0, "metro_interface_confidence": "high", "existing_elevated_structure_score": 0, "existing_elevated_structure_confidence": "high", "major_arterial_crossing_score": 0, "major_arterial_crossing_confidence": "high", "restricted_military_area_score": 0, "restricted_military_area_confidence": "low", "eht_line_crossing_score": 0, "eht_line_crossing_confidence": "low", "dam_check_structure_score": 0, "dam_check_structure_confidence": "medium", "curve_severity_score": 0, "curve_severity_confidence": "high", "irc86_min_radius_m": 150, "entry_exit_distance_to_arterial_m": 518.70703974197863, "entry_exit_feasibility_score": 0, "entry_exit_feasibility_confidence": "medium", "land_availability_frac_built": 0.0, "land_availability_score": 0, "land_availability_confidence": "high", "habitation_building_count": 0, "habitation_population_sum": 4499.70166015625, "habitation_proximity_score": 0, "habitation_proximity_confidence": "high", "hydraulic_sensitivity_index": 0.5806359106713983, "hydraulic_sensitivity_confidence": "low", "composite_score": 0.14515897766784958, "severity_band": "low", "robust_hotspot": false }, "geometry": { "type": "LineString", "coordinates": [ [ 75.791537397791288, 26.813941433103818 ], [ 75.791735482149818, 26.813505055270507 ], [ 75.791880665665246, 26.813093553308718 ] ] } },
{ "type": "Feature", "properties": { "chainage_m": 19000, "segment_length_m": 100.0, "radius_m": 2388.536668232397, "railway_crossing_score": 0, "railway_crossing_confidence": "high", "metro_interface_score": 0, "metro_interface_confidence": "high", "existing_elevated_structure_score": 0, "existing_elevated_structure_confidence": "high", "major_arterial_crossing_score": 0, "major_arterial_crossing_confidence": "high", "restricted_military_area_score": 0, "restricted_military_area_confidence": "low", "eht_line_crossing_score": 0, "eht_line_crossing_confidence": "low", "dam_check_structure_score": 0, "dam_check_structure_confidence": "medium", "curve_severity_score": 0, "curve_severity_confidence": "high", "irc86_min_radius_m": 150, "entry_exit_distance_to_arterial_m": 613.2781317978023, "entry_exit_feasibility_score": 0, "entry_exit_feasibility_confidence": "medium", "land_availability_frac_built": 0.0, "land_availability_score": 0, "land_availability_confidence": "high", "habitation_building_count": 0, "habitation_population_sum": 4499.70166015625, "habitation_proximity_score": 0, "habitation_proximity_confidence": "high", "hydraulic_sensitivity_index": 0.59517869304943183, "hydraulic_sensitivity_confidence": "low", "composite_score": 0.14879467326235796, "severity_band": "low", "robust_hotspot": false }, "geometry": { "type": "LineString", "coordinates": [ [ 75.791880665665246, 26.813093553308718 ], [ 75.792184334423865, 26.812232837777774 ] ] } },
{ "type": "Feature", "properties": { "chainage_m": 19100, "segment_length_m": 100.0, "radius_m": 100000.0, "railway_crossing_score": 0, "railway_crossing_confidence": "high", "metro_interface_score": 0, "metro_interface_confidence": "high", "existing_elevated_structure_score": 0, "existing_elevated_structure_confidence": "high", "major_arterial_crossing_score": 0, "major_arterial_crossing_confidence": "high", "restricted_military_area_score": 0, "restricted_military_area_confidence": "low", "eht_line_crossing_score": 0, "eht_line_crossing_confidence": "low", "dam_check_structure_score": 0, "dam_check_structure_confidence": "medium", "curve_severity_score": 0, "curve_severity_confidence": "high", "irc86_min_radius_m": 150, "entry_exit_distance_to_arterial_m": 709.23102280638557, "entry_exit_feasibility_score": 0, "entry_exit_feasibility_confidence": "medium", "land_availability_frac_built": 0.0, "land_availability_score": 0, "land_availability_confidence": "high", "habitation_building_count": 0, "habitation_population_sum": 4499.70166015625, "habitation_proximity_score": 0, "habitation_proximity_confidence": "high", "hydraulic_sensitivity_index": 0.59517869304943183, "hydraulic_sensitivity_confidence": "low", "composite_score": 0.14879467326235796, "severity_band": "low", "robust_hotspot": false }, "geometry": { "type": "LineString", "coordinates": [ [ 75.792184334423865, 26.812232837777774 ], [ 75.792487998755306, 26.811372121592694 ] ] } },
{ "type": "Feature", "properties": { "chainage_m": 19200, "segment_length_m": 100.0, "radius_m": 100000.0, "railway_crossing_score": 0, "railway_crossing_confidence": "high", "metro_interface_score": 0, "metro_interface_confidence": "high", "existing_elevated_structure_score": 0, "existing_elevated_structure_confidence": "high", "major_arterial_crossing_score": 0, "major_arterial_crossing_confidence": "high", "restricted_military_area_score": 0, "restricted_military_area_confidence": "low", "eht_line_crossing_score": 0, "eht_line_crossing_confidence": "low", "dam_check_structure_score": 0, "dam_check_structure_confidence": "medium", "curve_severity_score": 0, "curve_severity_confidence": "high", "irc86_min_radius_m": 150, "entry_exit_distance_to_arterial_m": 805.57305778940895, "entry_exit_feasibility_score": 0, "entry_exit_feasibility_confidence": "medium", "land_availability_frac_built": 0.0, "land_availability_score": 0, "land_availability_confidence": "high", "habitation_building_count": 0, "habitation_population_sum": 4499.70166015625, "habitation_proximity_score": 0, "habitation_proximity_confidence": "high", "hydraulic_sensitivity_index": 0.59517869304943183, "hydraulic_sensitivity_confidence": "low", "composite_score": 0.14879467326235796, "severity_band": "low", "robust_hotspot": false }, "geometry": { "type": "LineString", "coordinates": [ [ 75.792487998755306, 26.811372121592694 ], [ 75.79279165865988, 26.81051140475353 ] ] } },
{ "type": "Feature", "properties": { "chainage_m": 19300, "segment_length_m": 100.0, "radius_m": 100000.0, "railway_crossing_score": 0, "railway_crossing_confidence": "high", "metro_interface_score": 0, "metro_interface_confidence": "high", "existing_elevated_structure_score": 0, "existing_elevated_structure_confidence": "high", "major_arterial_crossing_score": 0, "major_arterial_crossing_confidence": "high", "restricted_military_area_score": 0, "restricted_military_area_confidence": "low", "eht_line_crossing_score": 0, "eht_line_crossing_confidence": "low", "dam_check_structure_score": 0, "dam_check_structure_confidence": "medium", "curve_severity_score": 0, "curve_severity_confidence": "high", "irc86_min_radius_m": 150, "entry_exit_distance_to_arterial_m": 863.82955699361287, "entry_exit_feasibility_score": 0, "entry_exit_feasibility_confidence": "medium", "land_availability_frac_built": 0.0, "land_availability_score": 0, "land_availability_confidence": "high", "habitation_building_count": 0, "habitation_population_sum": 4499.70166015625, "habitation_proximity_score": 0, "habitation_proximity_confidence": "high", "hydraulic_sensitivity_index": 0.59517869304943183, "hydraulic_sensitivity_confidence": "low", "composite_score": 0.14879467326235796, "severity_band": "low", "robust_hotspot": false }, "geometry": { "type": "LineString", "coordinates": [ [ 75.79279165865988, 26.81051140475353 ], [ 75.793095314137872, 26.809650687260373 ] ] } },
{ "type": "Feature", "properties": { "chainage_m": 19400, "segment_length_m": 100.0, "radius_m": 100000.0, "railway_crossing_score": 0, "railway_crossing_confidence": "high", "metro_interface_score": 0, "metro_interface_confidence": "high", "existing_elevated_structure_score": 0, "existing_elevated_structure_confidence": "high", "major_arterial_crossing_score": 0, "major_arterial_crossing_confidence": "high", "restricted_military_area_score": 0, "restricted_military_area_confidence": "low", "eht_line_crossing_score": 0, "eht_line_crossing_confidence": "low", "dam_check_structure_score": 0, "dam_check_structure_confidence": "medium", "curve_severity_score": 0, "curve_severity_confidence": "high", "irc86_min_radius_m": 150, "entry_exit_distance_to_arterial_m": 888.42409153232711, "entry_exit_feasibility_score": 0, "entry_exit_feasibility_confidence": "medium", "land_availability_frac_built": 0.0, "land_availability_score": 0, "land_availability_confidence": "high", "habitation_building_count": 0, "habitation_population_sum": 8545.4580078125, "habitation_proximity_score": 0, "habitation_proximity_confidence": "high", "hydraulic_sensitivity_index": 0.59517869304943183, "hydraulic_sensitivity_confidence": "low", "composite_score": 0.14879467326235796, "severity_band": "low", "robust_hotspot": false }, "geometry": { "type": "LineString", "coordinates": [ [ 75.793095314137872, 26.809650687260373 ], [ 75.793398965189581, 26.808789969113295 ] ] } },
{ "type": "Feature", "properties": { "chainage_m": 19500, "segment_length_m": 100.0, "radius_m": 100000.0, "railway_crossing_score": 0, "railway_crossing_confidence": "high", "metro_interface_score": 0, "metro_interface_confidence": "high", "existing_elevated_structure_score": 0, "existing_elevated_structure_confidence": "high", "major_arterial_crossing_score": 0, "major_arterial_crossing_confidence": "high", "restricted_military_area_score": 0, "restricted_military_area_confidence": "low", "eht_line_crossing_score": 0, "eht_line_crossing_confidence": "low", "dam_check_structure_score": 3, "dam_check_structure_confidence": "medium", "curve_severity_score": 0, "curve_severity_confidence": "high", "irc86_min_radius_m": 150, "entry_exit_distance_to_arterial_m": 915.03205111707859, "entry_exit_feasibility_score": 0, "entry_exit_feasibility_confidence": "medium", "land_availability_frac_built": 0.0, "land_availability_score": 0, "land_availability_confidence": "high", "habitation_building_count": 0, "habitation_population_sum": 8545.4580078125, "habitation_proximity_score": 0, "habitation_proximity_confidence": "high", "hydraulic_sensitivity_index": 0.59517869304943183, "hydraulic_sensitivity_confidence": "low", "composite_score": 0.39879467326235796, "severity_band": "low", "robust_hotspot": false }, "geometry": { "type": "LineString", "coordinates": [ [ 75.793398965189581, 26.808789969113295 ], [ 75.793702611815306, 26.80792925031238 ] ] } },
{ "type": "Feature", "properties": { "chainage_m": 19600, "segment_length_m": 100.0, "radius_m": 100000.0, "railway_crossing_score": 0, "railway_crossing_confidence": "high", "metro_interface_score": 0, "metro_interface_confidence": "high", "existing_elevated_structure_score": 0, "existing_elevated_structure_confidence": "high", "major_arterial_crossing_score": 0, "major_arterial_crossing_confidence": "high", "restricted_military_area_score": 0, "restricted_military_area_confidence": "low", "eht_line_crossing_score": 0, "eht_line_crossing_confidence": "low", "dam_check_structure_score": 3, "dam_check_structure_confidence": "medium", "curve_severity_score": 0, "curve_severity_confidence": "high", "irc86_min_radius_m": 150, "entry_exit_distance_to_arterial_m": 942.43840646699414, "entry_exit_feasibility_score": 0, "entry_exit_feasibility_confidence": "medium", "land_availability_frac_built": 0.0, "land_availability_score": 0, "land_availability_confidence": "high", "habitation_building_count": 0, "habitation_population_sum": 8545.4580078125, "habitation_proximity_score": 0, "habitation_proximity_confidence": "high", "hydraulic_sensitivity_index": 0.59517869304943183, "hydraulic_sensitivity_confidence": "low", "composite_score": 0.39879467326235796, "severity_band": "low", "robust_hotspot": false }, "geometry": { "type": "LineString", "coordinates": [ [ 75.793702611815306, 26.80792925031238 ], [ 75.794006254015343, 26.807068530857681 ] ] } },
{ "type": "Feature", "properties": { "chainage_m": 19700, "segment_length_m": 100.0, "radius_m": 505.40308169728445, "railway_crossing_score": 0, "railway_crossing_confidence": "high", "metro_interface_score": 0, "metro_interface_confidence": "high", "existing_elevated_structure_score": 0, "existing_elevated_structure_confidence": "high", "major_arterial_crossing_score": 0, "major_arterial_crossing_confidence": "high", "restricted_military_area_score": 0, "restricted_military_area_confidence": "low", "eht_line_crossing_score": 0, "eht_line_crossing_confidence": "low", "dam_check_structure_score": 3, "dam_check_structure_confidence": "medium", "curve_severity_score": 0, "curve_severity_confidence": "high", "irc86_min_radius_m": 150, "entry_exit_distance_to_arterial_m": 970.5129373048419, "entry_exit_feasibility_score": 0, "entry_exit_feasibility_confidence": "medium", "land_availability_frac_built": 0.0, "land_availability_score": 0, "land_availability_confidence": "high", "habitation_building_count": 0, "habitation_population_sum": 8545.4580078125, "habitation_proximity_score": 0, "habitation_proximity_confidence": "high", "hydraulic_sensitivity_index": 0.59674158511667919, "hydraulic_sensitivity_confidence": "low", "composite_score": 0.39918539627916977, "severity_band": "low", "robust_hotspot": false }, "geometry": { "type": "LineString", "coordinates": [ [ 75.794006254015343, 26.807068530857681 ], [ 75.794203868919723, 26.806508354618803 ], [ 75.794472383966209, 26.806305074521561 ] ] } },
{ "type": "Feature", "properties": { "chainage_m": 19800, "segment_length_m": 100.0, "radius_m": 267.82868794466231, "railway_crossing_score": 0, "railway_crossing_confidence": "high", "metro_interface_score": 0, "metro_interface_confidence": "high", "existing_elevated_structure_score": 0, "existing_elevated_structure_confidence": "high", "major_arterial_crossing_score": 0, "major_arterial_crossing_confidence": "high", "restricted_military_area_score": 0, "restricted_military_area_confidence": "low", "eht_line_crossing_score": 0, "eht_line_crossing_confidence": "low", "dam_check_structure_score": 3, "dam_check_structure_confidence": "medium", "curve_severity_score": 0, "curve_severity_confidence": "high", "irc86_min_radius_m": 150, "entry_exit_distance_to_arterial_m": 953.44183203064642, "entry_exit_feasibility_score": 0, "entry_exit_feasibility_confidence": "medium", "land_availability_frac_built": 0.0, "land_availability_score": 0, "land_availability_confidence": "high", "habitation_building_count": 0, "habitation_population_sum": 4045.756591796875, "habitation_proximity_score": 0, "habitation_proximity_confidence": "high", "hydraulic_sensitivity_index": 0.59674158511667919, "hydraulic_sensitivity_confidence": "low", "composite_score": 0.39918539627916977, "severity_band": "low", "robust_hotspot": false }, "geometry": { "type": "LineString", "coordinates": [ [ 75.794472383966209, 26.806305074521561 ], [ 75.795241372394301, 26.805722902833317 ] ] } },
{ "type": "Feature", "properties": { "chainage_m": 19900, "segment_length_m": 100.0, "radius_m": 100000.0, "railway_crossing_score": 0, "railway_crossing_confidence": "high", "metro_interface_score": 0, "metro_interface_confidence": "high", "existing_elevated_structure_score": 0, "existing_elevated_structure_confidence": "high", "major_arterial_crossing_score": 0, "major_arterial_crossing_confidence": "high", "restricted_military_area_score": 0, "restricted_military_area_confidence": "low", "eht_line_crossing_score": 0, "eht_line_crossing_confidence": "low", "dam_check_structure_score": 0, "dam_check_structure_confidence": "medium", "curve_severity_score": 0, "curve_severity_confidence": "high", "irc86_min_radius_m": 150, "entry_exit_distance_to_arterial_m": 926.38237359760251, "entry_exit_feasibility_score": 0, "entry_exit_feasibility_confidence": "medium", "land_availability_frac_built": 0.0, "land_availability_score": 0, "land_availability_confidence": "high", "habitation_building_count": 0, "habitation_population_sum": 4045.756591796875, "habitation_proximity_score": 0, "habitation_proximity_confidence": "high", "hydraulic_sensitivity_index": 0.59817901566476683, "hydraulic_sensitivity_confidence": "low", "composite_score": 0.14954475391619171, "severity_band": "low", "robust_hotspot": false }, "geometry": { "type": "LineString", "coordinates": [ [ 75.795241372394301, 26.805722902833317 ], [ 75.796010352934502, 26.805140727094244 ] ] } },
{ "type": "Feature", "properties": { "chainage_m": 20000, "segment_length_m": 100.0, "radius_m": 100000.0, "railway_crossing_score": 0, "railway_crossing_confidence": "high", "metro_interface_score": 0, "metro_interface_confidence": "high", "existing_elevated_structure_score": 0, "existing_elevated_structure_confidence": "high", "major_arterial_crossing_score": 0, "major_arterial_crossing_confidence": "high", "restricted_military_area_score": 0, "restricted_military_area_confidence": "low", "eht_line_crossing_score": 0, "eht_line_crossing_confidence": "low", "dam_check_structure_score": 0, "dam_check_structure_confidence": "medium", "curve_severity_score": 0, "curve_severity_confidence": "high", "irc86_min_radius_m": 150, "entry_exit_distance_to_arterial_m": 899.07142054323822, "entry_exit_feasibility_score": 0, "entry_exit_feasibility_confidence": "medium", "land_availability_frac_built": 0.0, "land_availability_score": 0, "land_availability_confidence": "high", "habitation_building_count": 0, "habitation_population_sum": 4045.756591796875, "habitation_proximity_score": 0, "habitation_proximity_confidence": "high", "hydraulic_sensitivity_index": 0.59817901566476683, "hydraulic_sensitivity_confidence": "low", "composite_score": 0.14954475391619171, "severity_band": "low", "robust_hotspot": false }, "geometry": { "type": "LineString", "coordinates": [ [ 75.796010352934502, 26.805140727094244 ], [ 75.796779325587025, 26.804558547304655 ] ] } },
{ "type": "Feature", "properties": { "chainage_m": 20100, "segment_length_m": 100.0, "radius_m": 100000.0, "railway_crossing_score": 0, "railway_crossing_confidence": "high", "metro_interface_score": 0, "metro_interface_confidence": "high", "existing_elevated_structure_score": 0, "existing_elevated_structure_confidence": "high", "major_arterial_crossing_score": 0, "major_arterial_crossing_confidence": "high", "restricted_military_area_score": 0, "restricted_military_area_confidence": "low", "eht_line_crossing_score": 0, "eht_line_crossing_confidence": "low", "dam_check_structure_score": 0, "dam_check_structure_confidence": "medium", "curve_severity_score": 0, "curve_severity_confidence": "high", "irc86_min_radius_m": 150, "entry_exit_distance_to_arterial_m": 871.41391294948619, "entry_exit_feasibility_score": 0, "entry_exit_feasibility_confidence": "medium", "land_availability_frac_built": 0.0, "land_availability_score": 0, "land_availability_confidence": "high", "habitation_building_count": 0, "habitation_population_sum": 4045.756591796875, "habitation_proximity_score": 0, "habitation_proximity_confidence": "high", "hydraulic_sensitivity_index": 0.59817901566476683, "hydraulic_sensitivity_confidence": "low", "composite_score": 0.14954475391619171, "severity_band": "low", "robust_hotspot": false }, "geometry": { "type": "LineString", "coordinates": [ [ 75.796779325587025, 26.804558547304655 ], [ 75.79754829035204, 26.803976363464862 ] ] } },
{ "type": "Feature", "properties": { "chainage_m": 20200, "segment_length_m": 100.0, "radius_m": 100000.0, "railway_crossing_score": 0, "railway_crossing_confidence": "high", "metro_interface_score": 0, "metro_interface_confidence": "high", "existing_elevated_structure_score": 0, "existing_elevated_structure_confidence": "high", "major_arterial_crossing_score": 0, "major_arterial_crossing_confidence": "high", "restricted_military_area_score": 0, "restricted_military_area_confidence": "low", "eht_line_crossing_score": 0, "eht_line_crossing_confidence": "low", "dam_check_structure_score": 0, "dam_check_structure_confidence": "medium", "curve_severity_score": 0, "curve_severity_confidence": "high", "irc86_min_radius_m": 150, "entry_exit_distance_to_arterial_m": 844.1082856628351, "entry_exit_feasibility_score": 0, "entry_exit_feasibility_confidence": "medium", "land_availability_frac_built": 0.0, "land_availability_score": 0, "land_availability_confidence": "high", "habitation_building_count": 0, "habitation_population_sum": 8929.91796875, "habitation_proximity_score": 0, "habitation_proximity_confidence": "high", "hydraulic_sensitivity_index": 0.59817901566476683, "hydraulic_sensitivity_confidence": "low", "composite_score": 0.14954475391619171, "severity_band": "low", "robust_hotspot": false }, "geometry": { "type": "LineString", "coordinates": [ [ 75.79754829035204, 26.803976363464862 ], [ 75.798317247229761, 26.803394175575193 ] ] } },
{ "type": "Feature", "properties": { "chainage_m": 20300, "segment_length_m": 100.0, "radius_m": 100000.0, "railway_crossing_score": 0, "railway_crossing_confidence": "high", "metro_interface_score": 0, "metro_interface_confidence": "high", "existing_elevated_structure_score": 0, "existing_elevated_structure_confidence": "high", "major_arterial_crossing_score": 0, "major_arterial_crossing_confidence": "high", "restricted_military_area_score": 0, "restricted_military_area_confidence": "low", "eht_line_crossing_score": 0, "eht_line_crossing_confidence": "low", "dam_check_structure_score": 0, "dam_check_structure_confidence": "medium", "curve_severity_score": 0, "curve_severity_confidence": "high", "irc86_min_radius_m": 150, "entry_exit_distance_to_arterial_m": 815.22516048687976, "entry_exit_feasibility_score": 0, "entry_exit_feasibility_confidence": "medium", "land_availability_frac_built": 0.0, "land_availability_score": 0, "land_availability_confidence": "high", "habitation_building_count": 0, "habitation_population_sum": 8929.91796875, "habitation_proximity_score": 0, "habitation_proximity_confidence": "high", "hydraulic_sensitivity_index": 0.59817901566476683, "hydraulic_sensitivity_confidence": "low", "composite_score": 0.14954475391619171, "severity_band": "low", "robust_hotspot": false }, "geometry": { "type": "LineString", "coordinates": [ [ 75.798317247229761, 26.803394175575193 ], [ 75.799086196220358, 26.802811983635959 ] ] } },
{ "type": "Feature", "properties": { "chainage_m": 20400, "segment_length_m": 100.0, "radius_m": 100000.0, "railway_crossing_score": 0, "railway_crossing_confidence": "high", "metro_interface_score": 0, "metro_interface_confidence": "high", "existing_elevated_structure_score": 0, "existing_elevated_structure_confidence": "high", "major_arterial_crossing_score": 0, "major_arterial_crossing_confidence": "high", "restricted_military_area_score": 0, "restricted_military_area_confidence": "low", "eht_line_crossing_score": 0, "eht_line_crossing_confidence": "low", "dam_check_structure_score": 0, "dam_check_structure_confidence": "medium", "curve_severity_score": 0, "curve_severity_confidence": "high", "irc86_min_radius_m": 150, "entry_exit_distance_to_arterial_m": 787.72703879974745, "entry_exit_feasibility_score": 0, "entry_exit_feasibility_confidence": "medium", "land_availability_frac_built": 0.0, "land_availability_score": 0, "land_availability_confidence": "high", "habitation_building_count": 0, "habitation_population_sum": 8929.91796875, "habitation_proximity_score": 0, "habitation_proximity_confidence": "high", "hydraulic_sensitivity_index": 0.59817901566476683, "hydraulic_sensitivity_confidence": "low", "composite_score": 0.14954475391619171, "severity_band": "low", "robust_hotspot": false }, "geometry": { "type": "LineString", "coordinates": [ [ 75.799086196220358, 26.802811983635959 ], [ 75.79985513732403, 26.802229787647477 ] ] } },
{ "type": "Feature", "properties": { "chainage_m": 20500, "segment_length_m": 100.0, "radius_m": 100000.0, "railway_crossing_score": 0, "railway_crossing_confidence": "high", "metro_interface_score": 0, "metro_interface_confidence": "high", "existing_elevated_structure_score": 0, "existing_elevated_structure_confidence": "high", "major_arterial_crossing_score": 0, "major_arterial_crossing_confidence": "high", "restricted_military_area_score": 0, "restricted_military_area_confidence": "low", "eht_line_crossing_score": 0, "eht_line_crossing_confidence": "low", "dam_check_structure_score": 0, "dam_check_structure_confidence": "medium", "curve_severity_score": 0, "curve_severity_confidence": "high", "irc86_min_radius_m": 150, "entry_exit_distance_to_arterial_m": 760.34238514113053, "entry_exit_feasibility_score": 0, "entry_exit_feasibility_confidence": "medium", "land_availability_frac_built": 0.0, "land_availability_score": 0, "land_availability_confidence": "high", "habitation_building_count": 0, "habitation_population_sum": 4884.1611328125, "habitation_proximity_score": 0, "habitation_proximity_confidence": "high", "hydraulic_sensitivity_index": 0.59817901566476683, "hydraulic_sensitivity_confidence": "low", "composite_score": 0.14954475391619171, "severity_band": "low", "robust_hotspot": false }, "geometry": { "type": "LineString", "coordinates": [ [ 75.79985513732403, 26.802229787647477 ], [ 75.800624070540977, 26.801647587610063 ] ] } },
{ "type": "Feature", "properties": { "chainage_m": 20600, "segment_length_m": 100.0, "radius_m": 100000.0, "railway_crossing_score": 0, "railway_crossing_confidence": "high", "metro_interface_score": 0, "metro_interface_confidence": "high", "existing_elevated_structure_score": 3, "existing_elevated_structure_confidence": "high", "major_arterial_crossing_score": 0, "major_arterial_crossing_confidence": "high", "restricted_military_area_score": 0, "restricted_military_area_confidence": "low", "eht_line_crossing_score": 0, "eht_line_crossing_confidence": "low", "dam_check_structure_score": 0, "dam_check_structure_confidence": "medium", "curve_severity_score": 0, "curve_severity_confidence": "high", "irc86_min_radius_m": 150, "entry_exit_distance_to_arterial_m": 733.86009863580193, "entry_exit_feasibility_score": 0, "entry_exit_feasibility_confidence": "medium", "land_availability_frac_built": 0.0, "land_availability_score": 0, "land_availability_confidence": "high", "habitation_building_count": 0, "habitation_population_sum": 4884.1611328125, "habitation_proximity_score": 0, "habitation_proximity_confidence": "high", "hydraulic_sensitivity_index": 0.59817901566476683, "hydraulic_sensitivity_confidence": "low", "composite_score": 0.39954475391619165, "severity_band": "low", "robust_hotspot": false }, "geometry": { "type": "LineString", "coordinates": [ [ 75.800624070540977, 26.801647587610063 ], [ 75.801392995871396, 26.80106538352403 ] ] } },
{ "type": "Feature", "properties": { "chainage_m": 20700, "segment_length_m": 100.0, "radius_m": 100000.0, "railway_crossing_score": 0, "railway_crossing_confidence": "high", "metro_interface_score": 0, "metro_interface_confidence": "high", "existing_elevated_structure_score": 3, "existing_elevated_structure_confidence": "high", "major_arterial_crossing_score": 0, "major_arterial_crossing_confidence": "high", "restricted_military_area_score": 0, "restricted_military_area_confidence": "low", "eht_line_crossing_score": 0, "eht_line_crossing_confidence": "low", "dam_check_structure_score": 0, "dam_check_structure_confidence": "medium", "curve_severity_score": 0, "curve_severity_confidence": "high", "irc86_min_radius_m": 150, "entry_exit_distance_to_arterial_m": 707.1433819316162, "entry_exit_feasibility_score": 0, "entry_exit_feasibility_confidence": "medium", "land_availability_frac_built": 0.0, "land_availability_score": 0, "land_availability_confidence": "high", "habitation_building_count": 0, "habitation_population_sum": 8966.447265625, "habitation_proximity_score": 0, "habitation_proximity_confidence": "high", "hydraulic_sensitivity_index": 0.59817901566476683, "hydraulic_sensitivity_confidence": "low", "composite_score": 0.39954475391619165, "severity_band": "low", "robust_hotspot": false }, "geometry": { "type": "LineString", "coordinates": [ [ 75.801392995871396, 26.80106538352403 ], [ 75.802161913315445, 26.800483175389708 ] ] } },
{ "type": "Feature", "properties": { "chainage_m": 20800, "segment_length_m": 100.0, "radius_m": 100000.0, "railway_crossing_score": 0, "railway_crossing_confidence": "high", "metro_interface_score": 0, "metro_interface_confidence": "high", "existing_elevated_structure_score": 3, "existing_elevated_structure_confidence": "high", "major_arterial_crossing_score": 0, "major_arterial_crossing_confidence": "high", "restricted_military_area_score": 0, "restricted_military_area_confidence": "low", "eht_line_crossing_score": 0, "eht_line_crossing_confidence": "low", "dam_check_structure_score": 0, "dam_check_structure_confidence": "medium", "curve_severity_score": 0, "curve_severity_confidence": "high", "irc86_min_radius_m": 150, "entry_exit_distance_to_arterial_m": 677.60566076841349, "entry_exit_feasibility_score": 0, "entry_exit_feasibility_confidence": "medium", "land_availability_frac_built": 0.0, "land_availability_score": 0, "land_availability_confidence": "high", "habitation_building_count": 0, "habitation_population_sum": 8966.447265625, "habitation_proximity_score": 0, "habitation_proximity_confidence": "high", "hydraulic_sensitivity_index": 0.60158439975624622, "hydraulic_sensitivity_confidence": "low", "composite_score": 0.4003960999390615, "severity_band": "low", "robust_hotspot": false }, "geometry": { "type": "LineString", "coordinates": [ [ 75.802161913315445, 26.800483175389708 ], [ 75.802930822873378, 26.799900963207396 ] ] } },
{ "type": "Feature", "properties": { "chainage_m": 20900, "segment_length_m": 100.0, "radius_m": 100000.0, "railway_crossing_score": 0, "railway_crossing_confidence": "high", "metro_interface_score": 0, "metro_interface_confidence": "high", "existing_elevated_structure_score": 0, "existing_elevated_structure_confidence": "high", "major_arterial_crossing_score": 0, "major_arterial_crossing_confidence": "high", "restricted_military_area_score": 0, "restricted_military_area_confidence": "low", "eht_line_crossing_score": 0, "eht_line_crossing_confidence": "low", "dam_check_structure_score": 0, "dam_check_structure_confidence": "medium", "curve_severity_score": 0, "curve_severity_confidence": "high", "irc86_min_radius_m": 150, "entry_exit_distance_to_arterial_m": 650.31167315330129, "entry_exit_feasibility_score": 0, "entry_exit_feasibility_confidence": "medium", "land_availability_frac_built": 0.0, "land_availability_score": 0, "land_availability_confidence": "high", "habitation_building_count": 0, "habitation_population_sum": 8966.447265625, "habitation_proximity_score": 0, "habitation_proximity_confidence": "high", "hydraulic_sensitivity_index": 0.60183532279456575, "hydraulic_sensitivity_confidence": "low", "composite_score": 0.15045883069864144, "severity_band": "low", "robust_hotspot": false }, "geometry": { "type": "LineString", "coordinates": [ [ 75.802930822873378, 26.799900963207396 ], [ 75.803699724545325, 26.799318746977423 ] ] } },
{ "type": "Feature", "properties": { "chainage_m": 21000, "segment_length_m": 100.0, "radius_m": 100000.0, "railway_crossing_score": 0, "railway_crossing_confidence": "high", "metro_interface_score": 0, "metro_interface_confidence": "high", "existing_elevated_structure_score": 0, "existing_elevated_structure_confidence": "high", "major_arterial_crossing_score": 0, "major_arterial_crossing_confidence": "high", "restricted_military_area_score": 0, "restricted_military_area_confidence": "low", "eht_line_crossing_score": 0, "eht_line_crossing_confidence": "low", "dam_check_structure_score": 0, "dam_check_structure_confidence": "medium", "curve_severity_score": 0, "curve_severity_confidence": "high", "irc86_min_radius_m": 150, "entry_exit_distance_to_arterial_m": 623.61675634773235, "entry_exit_feasibility_score": 0, "entry_exit_feasibility_confidence": "medium", "land_availability_frac_built": 0.0, "land_availability_score": 0, "land_availability_confidence": "high", "habitation_building_count": 0, "habitation_population_sum": 8966.447265625, "habitation_proximity_score": 0, "habitation_proximity_confidence": "high", "hydraulic_sensitivity_index": 0.60183532279456575, "hydraulic_sensitivity_confidence": "low", "composite_score": 0.15045883069864144, "severity_band": "low", "robust_hotspot": false }, "geometry": { "type": "LineString", "coordinates": [ [ 75.803699724545325, 26.799318746977423 ], [ 75.804468618331526, 26.798736526700115 ] ] } },
{ "type": "Feature", "properties": { "chainage_m": 21100, "segment_length_m": 100.0, "radius_m": 100000.0, "railway_crossing_score": 0, "railway_crossing_confidence": "high", "metro_interface_score": 0, "metro_interface_confidence": "high", "existing_elevated_structure_score": 0, "existing_elevated_structure_confidence": "high", "major_arterial_crossing_score": 0, "major_arterial_crossing_confidence": "high", "restricted_military_area_score": 0, "restricted_military_area_confidence": "low", "eht_line_crossing_score": 0, "eht_line_crossing_confidence": "low", "dam_check_structure_score": 0, "dam_check_structure_confidence": "medium", "curve_severity_score": 0, "curve_severity_confidence": "high", "irc86_min_radius_m": 150, "entry_exit_distance_to_arterial_m": 597.13793120229604, "entry_exit_feasibility_score": 0, "entry_exit_feasibility_confidence": "medium", "land_availability_frac_built": 0.0, "land_availability_score": 0, "land_availability_confidence": "high", "habitation_building_count": 0, "habitation_population_sum": 8966.447265625, "habitation_proximity_score": 0, "habitation_proximity_confidence": "high", "hydraulic_sensitivity_index": 0.60202530738072191, "hydraulic_sensitivity_confidence": "low", "composite_score": 0.15050632684518048, "severity_band": "low", "robust_hotspot": false }, "geometry": { "type": "LineString", "coordinates": [ [ 75.804468618331526, 26.798736526700115 ], [ 75.805237504232139, 26.798154302375764 ] ] } },
{ "type": "Feature", "properties": { "chainage_m": 21200, "segment_length_m": 100.0, "radius_m": 100000.0, "railway_crossing_score": 0, "railway_crossing_confidence": "high", "metro_interface_score": 0, "metro_interface_confidence": "high", "existing_elevated_structure_score": 0, "existing_elevated_structure_confidence": "high", "major_arterial_crossing_score": 0, "major_arterial_crossing_confidence": "high", "restricted_military_area_score": 0, "restricted_military_area_confidence": "low", "eht_line_crossing_score": 0, "eht_line_crossing_confidence": "low", "dam_check_structure_score": 0, "dam_check_structure_confidence": "medium", "curve_severity_score": 0, "curve_severity_confidence": "high", "irc86_min_radius_m": 150, "entry_exit_distance_to_arterial_m": 570.47609923448715, "entry_exit_feasibility_score": 0, "entry_exit_feasibility_confidence": "medium", "land_availability_frac_built": 0.0, "land_availability_score": 0, "land_availability_confidence": "high", "habitation_building_count": 0, "habitation_population_sum": 4082.285888671875, "habitation_proximity_score": 0, "habitation_proximity_confidence": "high", "hydraulic_sensitivity_index": 0.60202530738072191, "hydraulic_sensitivity_confidence": "low", "composite_score": 0.15050632684518048, "severity_band": "low", "robust_hotspot": false }, "geometry": { "type": "LineString", "coordinates": [ [ 75.805237504232139, 26.798154302375764 ], [ 75.806006382247389, 26.797572074004702 ] ] } },
{ "type": "Feature", "properties": { "chainage_m": 21300, "segment_length_m": 100.0, "radius_m": 100000.0, "railway_crossing_score": 0, "railway_crossing_confidence": "high", "metro_interface_score": 0, "metro_interface_confidence": "high", "existing_elevated_structure_score": 0, "existing_elevated_structure_confidence": "high", "major_arterial_crossing_score": 0, "major_arterial_crossing_confidence": "high", "restricted_military_area_score": 0, "restricted_military_area_confidence": "low", "eht_line_crossing_score": 0, "eht_line_crossing_confidence": "low", "dam_check_structure_score": 0, "dam_check_structure_confidence": "medium", "curve_severity_score": 0, "curve_severity_confidence": "high", "irc86_min_radius_m": 150, "entry_exit_distance_to_arterial_m": 544.2146022634015, "entry_exit_feasibility_score": 0, "entry_exit_feasibility_confidence": "medium", "land_availability_frac_built": 0.0, "land_availability_score": 0, "land_availability_confidence": "high", "habitation_building_count": 0, "habitation_population_sum": 8603.912109375, "habitation_proximity_score": 0, "habitation_proximity_confidence": "high", "hydraulic_sensitivity_index": 0.60202530738072191, "hydraulic_sensitivity_confidence": "low", "composite_score": 0.15050632684518048, "severity_band": "low", "robust_hotspot": false }, "geometry": { "type": "LineString", "coordinates": [ [ 75.806006382247389, 26.797572074004702 ], [ 75.806775252377435, 26.796989841587248 ] ] } },
{ "type": "Feature", "properties": { "chainage_m": 21400, "segment_length_m": 100.0, "radius_m": 100000.0, "railway_crossing_score": 0, "railway_crossing_confidence": "high", "metro_interface_score": 0, "metro_interface_confidence": "high", "existing_elevated_structure_score": 3, "existing_elevated_structure_confidence": "high", "major_arterial_crossing_score": 0, "major_arterial_crossing_confidence": "high", "restricted_military_area_score": 0, "restricted_military_area_confidence": "low", "eht_line_crossing_score": 0, "eht_line_crossing_confidence": "low", "dam_check_structure_score": 3, "dam_check_structure_confidence": "medium", "curve_severity_score": 0, "curve_severity_confidence": "high", "irc86_min_radius_m": 150, "entry_exit_distance_to_arterial_m": 518.05998500363808, "entry_exit_feasibility_score": 0, "entry_exit_feasibility_confidence": "medium", "land_availability_frac_built": 0.0, "land_availability_score": 0, "land_availability_confidence": "high", "habitation_building_count": 0, "habitation_population_sum": 8603.912109375, "habitation_proximity_score": 0, "habitation_proximity_confidence": "high", "hydraulic_sensitivity_index": 0.60202530738072191, "hydraulic_sensitivity_confidence": "low", "composite_score": 0.65050632684518039, "severity_band": "medium", "robust_hotspot": false }, "geometry": { "type": "LineString", "coordinates": [ [ 75.806775252377435, 26.796989841587248 ], [ 75.807544114622488, 26.796407605123711 ] ] } },
{ "type": "Feature", "properties": { "chainage_m": 21500, "segment_length_m": 100.0, "radius_m": 100000.0, "railway_crossing_score": 0, "railway_crossing_confidence": "high", "metro_interface_score": 0, "metro_interface_confidence": "high", "existing_elevated_structure_score": 3, "existing_elevated_structure_confidence": "high", "major_arterial_crossing_score": 0, "major_arterial_crossing_confidence": "high", "restricted_military_area_score": 0, "restricted_military_area_confidence": "low", "eht_line_crossing_score": 0, "eht_line_crossing_confidence": "low", "dam_check_structure_score": 3, "dam_check_structure_confidence": "medium", "curve_severity_score": 0, "curve_severity_confidence": "high", "irc86_min_radius_m": 150, "entry_exit_distance_to_arterial_m": 491.91025909196441, "entry_exit_feasibility_score": 0, "entry_exit_feasibility_confidence": "medium", "land_availability_frac_built": 0.0, "land_availability_score": 0, "land_availability_confidence": "high", "habitation_building_count": 0, "habitation_population_sum": 8603.912109375, "habitation_proximity_score": 0, "habitation_proximity_confidence": "high", "hydraulic_sensitivity_index": 0.60202530738072191, "hydraulic_sensitivity_confidence": "low", "composite_score": 0.65050632684518039, "severity_band": "medium", "robust_hotspot": false }, "geometry": { "type": "LineString", "coordinates": [ [ 75.807544114622488, 26.796407605123711 ], [ 75.808312968982747, 26.795825364614412 ] ] } },
{ "type": "Feature", "properties": { "chainage_m": 21600, "segment_length_m": 100.0, "radius_m": 100000.0, "railway_crossing_score": 0, "railway_crossing_confidence": "high", "metro_interface_score": 0, "metro_interface_confidence": "high", "existing_elevated_structure_score": 3, "existing_elevated_structure_confidence": "high", "major_arterial_crossing_score": 0, "major_arterial_crossing_confidence": "high", "restricted_military_area_score": 0, "restricted_military_area_confidence": "low", "eht_line_crossing_score": 0, "eht_line_crossing_confidence": "low", "dam_check_structure_score": 3, "dam_check_structure_confidence": "medium", "curve_severity_score": 0, "curve_severity_confidence": "high", "irc86_min_radius_m": 150, "entry_exit_distance_to_arterial_m": 464.08922802990298, "entry_exit_feasibility_score": 0, "entry_exit_feasibility_confidence": "medium", "land_availability_frac_built": 0.0, "land_availability_score": 0, "land_availability_confidence": "high", "habitation_building_count": 0, "habitation_population_sum": 4521.62646484375, "habitation_proximity_score": 0, "habitation_proximity_confidence": "high", "hydraulic_sensitivity_index": 0.60202530738072191, "hydraulic_sensitivity_confidence": "low", "composite_score": 0.65050632684518039, "severity_band": "medium", "robust_hotspot": false }, "geometry": { "type": "LineString", "coordinates": [ [ 75.808312968982747, 26.795825364614412 ], [ 75.809081815458384, 26.79524312005967 ] ] } },
{ "type": "Feature", "properties": { "chainage_m": 21700, "segment_length_m": 100.0, "radius_m": 100000.0, "railway_crossing_score": 0, "railway_crossing_confidence": "high", "metro_interface_score": 0, "metro_interface_confidence": "high", "existing_elevated_structure_score": 0, "existing_elevated_structure_confidence": "high", "major_arterial_crossing_score": 0, "major_arterial_crossing_confidence": "high", "restricted_military_area_score": 0, "restricted_military_area_confidence": "low", "eht_line_crossing_score": 0, "eht_line_crossing_confidence": "low", "dam_check_structure_score": 0, "dam_check_structure_confidence": "medium", "curve_severity_score": 0, "curve_severity_confidence": "high", "irc86_min_radius_m": 150, "entry_exit_distance_to_arterial_m": 437.75273620861213, "entry_exit_feasibility_score": 0, "entry_exit_feasibility_confidence": "medium", "land_availability_frac_built": 0.0, "land_availability_score": 0, "land_availability_confidence": "high", "habitation_building_count": 0, "habitation_population_sum": 4521.62646484375, "habitation_proximity_score": 0, "habitation_proximity_confidence": "high", "hydraulic_sensitivity_index": 0.60202530738072191, "hydraulic_sensitivity_confidence": "low", "composite_score": 0.15050632684518048, "severity_band": "low", "robust_hotspot": false }, "geometry": { "type": "LineString", "coordinates": [ [ 75.809081815458384, 26.79524312005967 ], [ 75.809850654049612, 26.794660871459801 ] ] } },
{ "type": "Feature", "properties": { "chainage_m": 21800, "segment_length_m": 100.0, "radius_m": 100000.0, "railway_crossing_score": 0, "railway_crossing_confidence": "high", "metro_interface_score": 0, "metro_interface_confidence": "high", "existing_elevated_structure_score": 0, "existing_elevated_structure_confidence": "high", "major_arterial_crossing_score": 0, "major_arterial_crossing_confidence": "high", "restricted_military_area_score": 0, "restricted_military_area_confidence": "low", "eht_line_crossing_score": 0, "eht_line_crossing_confidence": "low", "dam_check_structure_score": 0, "dam_check_structure_confidence": "medium", "curve_severity_score": 0, "curve_severity_confidence": "high", "irc86_min_radius_m": 150, "entry_exit_distance_to_arterial_m": 411.78821379581063, "entry_exit_feasibility_score": 0, "entry_exit_feasibility_confidence": "medium", "land_availability_frac_built": 0.0, "land_availability_score": 0, "land_availability_confidence": "high", "habitation_building_count": 0, "habitation_population_sum": 4521.62646484375, "habitation_proximity_score": 0, "habitation_proximity_confidence": "high", "hydraulic_sensitivity_index": 0.60202530738072191, "hydraulic_sensitivity_confidence": "low", "composite_score": 0.15050632684518048, "severity_band": "low", "robust_hotspot": false }, "geometry": { "type": "LineString", "coordinates": [ [ 75.809850654049612, 26.794660871459801 ], [ 75.810619484756614, 26.794078618815117 ] ] } },
{ "type": "Feature", "properties": { "chainage_m": 21900, "segment_length_m": 100.0, "radius_m": 100000.0, "railway_crossing_score": 0, "railway_crossing_confidence": "high", "metro_interface_score": 0, "metro_interface_confidence": "high", "existing_elevated_structure_score": 0, "existing_elevated_structure_confidence": "high", "major_arterial_crossing_score": 0, "major_arterial_crossing_confidence": "high", "restricted_military_area_score": 0, "restricted_military_area_confidence": "low", "eht_line_crossing_score": 0, "eht_line_crossing_confidence": "low", "dam_check_structure_score": 0, "dam_check_structure_confidence": "medium", "curve_severity_score": 0, "curve_severity_confidence": "high", "irc86_min_radius_m": 150, "entry_exit_distance_to_arterial_m": 385.13233094386095, "entry_exit_feasibility_score": 0, "entry_exit_feasibility_confidence": "medium", "land_availability_frac_built": 0.0, "land_availability_score": 0, "land_availability_confidence": "high", "habitation_building_count": 0, "habitation_population_sum": 4521.62646484375, "habitation_proximity_score": 0, "habitation_proximity_confidence": "high", "hydraulic_sensitivity_index": 0.60202530738072191, "hydraulic_sensitivity_confidence": "low", "composite_score": 0.15050632684518048, "severity_band": "low", "robust_hotspot": false }, "geometry": { "type": "LineString", "coordinates": [ [ 75.810619484756614, 26.794078618815117 ], [ 75.811388307579577, 26.793496362125936 ] ] } },
{ "type": "Feature", "properties": { "chainage_m": 22000, "segment_length_m": 100.0, "radius_m": 146.86989809446678, "railway_crossing_score": 0, "railway_crossing_confidence": "high", "metro_interface_score": 0, "metro_interface_confidence": "high", "existing_elevated_structure_score": 0, "existing_elevated_structure_confidence": "high", "major_arterial_crossing_score": 0, "major_arterial_crossing_confidence": "high", "restricted_military_area_score": 0, "restricted_military_area_confidence": "low", "eht_line_crossing_score": 0, "eht_line_crossing_confidence": "low", "dam_check_structure_score": 0, "dam_check_structure_confidence": "medium", "curve_severity_score": 3, "curve_severity_confidence": "high", "irc86_min_radius_m": 150, "entry_exit_distance_to_arterial_m": 306.95951711064322, "entry_exit_feasibility_score": 0, "entry_exit_feasibility_confidence": "medium", "land_availability_frac_built": 0.0, "land_availability_score": 0, "land_availability_confidence": "high", "habitation_building_count": 0, "habitation_population_sum": 4521.62646484375, "habitation_proximity_score": 0, "habitation_proximity_confidence": "high", "hydraulic_sensitivity_index": 0.60202530738072191, "hydraulic_sensitivity_confidence": "low", "composite_score": 0.40050632684518045, "severity_band": "low", "robust_hotspot": false }, "geometry": { "type": "LineString", "coordinates": [ [ 75.811388307579577, 26.793496362125936 ], [ 75.811504065714445, 26.793408693532765 ], [ 75.812355013649793, 26.793478820385278 ] ] } },
{ "type": "Feature", "properties": { "chainage_m": 22100, "segment_length_m": 100.0, "radius_m": 877.61207696245242, "railway_crossing_score": 0, "railway_crossing_confidence": "high", "metro_interface_score": 0, "metro_interface_confidence": "high", "existing_elevated_structure_score": 0, "existing_elevated_structure_confidence": "high", "major_arterial_crossing_score": 0, "major_arterial_crossing_confidence": "high", "restricted_military_area_score": 0, "restricted_military_area_confidence": "low", "eht_line_crossing_score": 0, "eht_line_crossing_confidence": "low", "dam_check_structure_score": 0, "dam_check_structure_confidence": "medium", "curve_severity_score": 0, "curve_severity_confidence": "high", "irc86_min_radius_m": 150, "entry_exit_distance_to_arterial_m": 219.96697068148868, "entry_exit_feasibility_score": 0, "entry_exit_feasibility_confidence": "medium", "land_availability_frac_built": 0.0, "land_availability_score": 0, "land_availability_confidence": "high", "habitation_building_count": 0, "habitation_population_sum": 4521.62646484375, "habitation_proximity_score": 0, "habitation_proximity_confidence": "high", "hydraulic_sensitivity_index": 0.60202530738072191, "hydraulic_sensitivity_confidence": "low", "composite_score": 0.15050632684518048, "severity_band": "low", "robust_hotspot": false }, "geometry": { "type": "LineString", "coordinates": [ [ 75.812355013649793, 26.793478820385278 ], [ 75.813356797464706, 26.793561370983884 ] ] } },
{ "type": "Feature", "properties": { "chainage_m": 22200, "segment_length_m": 100.0, "radius_m": 100000.0, "railway_crossing_score": 0, "railway_crossing_confidence": "high", "metro_interface_score": 0, "metro_interface_confidence": "high", "existing_elevated_structure_score": 0, "existing_elevated_structure_confidence": "high", "major_arterial_crossing_score": 0, "major_arterial_crossing_confidence": "high", "restricted_military_area_score": 0, "restricted_military_area_confidence": "low", "eht_line_crossing_score": 0, "eht_line_crossing_confidence": "low", "dam_check_structure_score": 0, "dam_check_structure_confidence": "medium", "curve_severity_score": 0, "curve_severity_confidence": "high", "irc86_min_radius_m": 150, "entry_exit_distance_to_arterial_m": 132.7041771355851, "entry_exit_feasibility_score": 0, "entry_exit_feasibility_confidence": "medium", "land_availability_frac_built": 0.0, "land_availability_score": 0, "land_availability_confidence": "high", "habitation_building_count": 0, "habitation_population_sum": 4521.62646484375, "habitation_proximity_score": 0, "habitation_proximity_confidence": "high", "hydraulic_sensitivity_index": 0.60202530738072191, "hydraulic_sensitivity_confidence": "low", "composite_score": 0.15050632684518048, "severity_band": "low", "robust_hotspot": false }, "geometry": { "type": "LineString", "coordinates": [ [ 75.813356797464706, 26.793561370983884 ], [ 75.814358582532265, 26.793643914461757 ] ] } },
{ "type": "Feature", "properties": { "chainage_m": 22300, "segment_length_m": 100.0, "radius_m": 100000.0, "railway_crossing_score": 0, "railway_crossing_confidence": "high", "metro_interface_score": 0, "metro_interface_confidence": "high", "existing_elevated_structure_score": 3, "existing_elevated_structure_confidence": "high", "major_arterial_crossing_score": 3, "major_arterial_crossing_confidence": "high", "restricted_military_area_score": 0, "restricted_military_area_confidence": "low", "eht_line_crossing_score": 0, "eht_line_crossing_confidence": "low", "dam_check_structure_score": 0, "dam_check_structure_confidence": "medium", "curve_severity_score": 0, "curve_severity_confidence": "high", "irc86_min_radius_m": 150, "entry_exit_distance_to_arterial_m": 45.441383589415501, "entry_exit_feasibility_score": 0, "entry_exit_feasibility_confidence": "medium", "land_availability_frac_built": 0.0, "land_availability_score": 0, "land_availability_confidence": "high", "habitation_building_count": 0, "habitation_population_sum": 8902.310546875, "habitation_proximity_score": 0, "habitation_proximity_confidence": "high", "hydraulic_sensitivity_index": 0.60202530738072191, "hydraulic_sensitivity_confidence": "low", "composite_score": 0.65050632684518039, "severity_band": "medium", "robust_hotspot": false }, "geometry": { "type": "LineString", "coordinates": [ [ 75.814358582532265, 26.793643914461757 ], [ 75.815360368852112, 26.793726450818824 ] ] } },
{ "type": "Feature", "properties": { "chainage_m": 22400, "segment_length_m": 100.0, "radius_m": 100000.0, "railway_crossing_score": 0, "railway_crossing_confidence": "high", "metro_interface_score": 0, "metro_interface_confidence": "high", "existing_elevated_structure_score": 3, "existing_elevated_structure_confidence": "high", "major_arterial_crossing_score": 3, "major_arterial_crossing_confidence": "high", "restricted_military_area_score": 0, "restricted_military_area_confidence": "low", "eht_line_crossing_score": 0, "eht_line_crossing_confidence": "low", "dam_check_structure_score": 0, "dam_check_structure_confidence": "medium", "curve_severity_score": 0, "curve_severity_confidence": "high", "irc86_min_radius_m": 150, "entry_exit_distance_to_arterial_m": 0.0, "entry_exit_feasibility_score": 0, "entry_exit_feasibility_confidence": "medium", "land_availability_frac_built": 0.0, "land_availability_score": 0, "land_availability_confidence": "high", "habitation_building_count": 0, "habitation_population_sum": 8902.310546875, "habitation_proximity_score": 0, "habitation_proximity_confidence": "high", "hydraulic_sensitivity_index": 0.60202530738072191, "hydraulic_sensitivity_confidence": "low", "composite_score": 0.65050632684518039, "severity_band": "medium", "robust_hotspot": false }, "geometry": { "type": "LineString", "coordinates": [ [ 75.815360368852112, 26.793726450818824 ], [ 75.816362156423892, 26.793808980055019 ] ] } },
{ "type": "Feature", "properties": { "chainage_m": 22500, "segment_length_m": 100.0, "radius_m": 100000.0, "railway_crossing_score": 0, "railway_crossing_confidence": "high", "metro_interface_score": 0, "metro_interface_confidence": "high", "existing_elevated_structure_score": 3, "existing_elevated_structure_confidence": "high", "major_arterial_crossing_score": 3, "major_arterial_crossing_confidence": "high", "restricted_military_area_score": 0, "restricted_military_area_confidence": "low", "eht_line_crossing_score": 0, "eht_line_crossing_confidence": "low", "dam_check_structure_score": 0, "dam_check_structure_confidence": "medium", "curve_severity_score": 0, "curve_severity_confidence": "high", "irc86_min_radius_m": 150, "entry_exit_distance_to_arterial_m": 29.692552760879963, "entry_exit_feasibility_score": 0, "entry_exit_feasibility_confidence": "medium", "land_availability_frac_built": 0.0, "land_availability_score": 0, "land_availability_confidence": "high", "habitation_building_count": 0, "habitation_population_sum": 8902.310546875, "habitation_proximity_score": 0, "habitation_proximity_confidence": "high", "hydraulic_sensitivity_index": 0.60202530738072191, "hydraulic_sensitivity_confidence": "low", "composite_score": 0.65050632684518039, "severity_band": "medium", "robust_hotspot": false }, "geometry": { "type": "LineString", "coordinates": [ [ 75.816362156423892, 26.793808980055019 ], [ 75.817363945247209, 26.793891502170275 ] ] } },
{ "type": "Feature", "properties": { "chainage_m": 22600, "segment_length_m": 100.0, "radius_m": 100000.0, "railway_crossing_score": 0, "railway_crossing_confidence": "high", "metro_interface_score": 0, "metro_interface_confidence": "high", "existing_elevated_structure_score": 0, "existing_elevated_structure_confidence": "high", "major_arterial_crossing_score": 0, "major_arterial_crossing_confidence": "high", "restricted_military_area_score": 0, "restricted_military_area_confidence": "low", "eht_line_crossing_score": 0, "eht_line_crossing_confidence": "low", "dam_check_structure_score": 0, "dam_check_structure_confidence": "medium", "curve_severity_score": 0, "curve_severity_confidence": "high", "irc86_min_radius_m": 150, "entry_exit_distance_to_arterial_m": 116.0725991179314, "entry_exit_feasibility_score": 0, "entry_exit_feasibility_confidence": "medium", "land_availability_frac_built": 0.0, "land_availability_score": 0, "land_availability_confidence": "high", "habitation_building_count": 0, "habitation_population_sum": 4380.6845703125, "habitation_proximity_score": 0, "habitation_proximity_confidence": "high", "hydraulic_sensitivity_index": 0.60202530738072191, "hydraulic_sensitivity_confidence": "low", "composite_score": 0.15050632684518048, "severity_band": "low", "robust_hotspot": false }, "geometry": { "type": "LineString", "coordinates": [ [ 75.817363945247209, 26.793891502170275 ], [ 75.818365735321734, 26.793974017164501 ] ] } },
{ "type": "Feature", "properties": { "chainage_m": 22700, "segment_length_m": 100.0, "radius_m": 100000.0, "railway_crossing_score": 0, "railway_crossing_confidence": "high", "metro_interface_score": 0, "metro_interface_confidence": "high", "existing_elevated_structure_score": 0, "existing_elevated_structure_confidence": "high", "major_arterial_crossing_score": 0, "major_arterial_crossing_confidence": "high", "restricted_military_area_score": 0, "restricted_military_area_confidence": "low", "eht_line_crossing_score": 0, "eht_line_crossing_confidence": "low", "dam_check_structure_score": 0, "dam_check_structure_confidence": "medium", "curve_severity_score": 0, "curve_severity_confidence": "high", "irc86_min_radius_m": 150, "entry_exit_distance_to_arterial_m": 197.32303125599174, "entry_exit_feasibility_score": 0, "entry_exit_feasibility_confidence": "medium", "land_availability_frac_built": 0.0, "land_availability_score": 0, "land_availability_confidence": "high", "habitation_building_count": 0, "habitation_population_sum": 4380.6845703125, "habitation_proximity_score": 0, "habitation_proximity_confidence": "high", "hydraulic_sensitivity_index": 0.60202530738072191, "hydraulic_sensitivity_confidence": "low", "composite_score": 0.15050632684518048, "severity_band": "low", "robust_hotspot": false }, "geometry": { "type": "LineString", "coordinates": [ [ 75.818365735321734, 26.793974017164501 ], [ 75.819367526647113, 26.794056525037632 ] ] } },
{ "type": "Feature", "properties": { "chainage_m": 22800, "segment_length_m": 100.0, "radius_m": 100000.0, "railway_crossing_score": 0, "railway_crossing_confidence": "high", "metro_interface_score": 0, "metro_interface_confidence": "high", "existing_elevated_structure_score": 0, "existing_elevated_structure_confidence": "high", "major_arterial_crossing_score": 0, "major_arterial_crossing_confidence": "high", "restricted_military_area_score": 0, "restricted_military_area_confidence": "low", "eht_line_crossing_score": 0, "eht_line_crossing_confidence": "low", "dam_check_structure_score": 0, "dam_check_structure_confidence": "medium", "curve_severity_score": 0, "curve_severity_confidence": "high", "irc86_min_radius_m": 150, "entry_exit_distance_to_arterial_m": 152.87184771416725, "entry_exit_feasibility_score": 0, "entry_exit_feasibility_confidence": "medium", "land_availability_frac_built": 0.0, "land_availability_score": 0, "land_availability_confidence": "high", "habitation_building_count": 0, "habitation_population_sum": 4380.6845703125, "habitation_proximity_score": 0, "habitation_proximity_confidence": "high", "hydraulic_sensitivity_index": 0.60202530738072191, "hydraulic_sensitivity_confidence": "low", "composite_score": 0.15050632684518048, "severity_band": "low", "robust_hotspot": false }, "geometry": { "type": "LineString", "coordinates": [ [ 75.819367526647113, 26.794056525037632 ], [ 75.820369319222962, 26.794139025789608 ] ] } },
{ "type": "Feature", "properties": { "chainage_m": 22900, "segment_length_m": 100.0, "radius_m": 100000.0, "railway_crossing_score": 0, "railway_crossing_confidence": "high", "metro_interface_score": 0, "metro_interface_confidence": "high", "existing_elevated_structure_score": 0, "existing_elevated_structure_confidence": "high", "major_arterial_crossing_score": 0, "major_arterial_crossing_confidence": "high", "restricted_military_area_score": 0, "restricted_military_area_confidence": "low", "eht_line_crossing_score": 0, "eht_line_crossing_confidence": "low", "dam_check_structure_score": 0, "dam_check_structure_confidence": "medium", "curve_severity_score": 0, "curve_severity_confidence": "high", "irc86_min_radius_m": 150, "entry_exit_distance_to_arterial_m": 127.66943438286964, "entry_exit_feasibility_score": 0, "entry_exit_feasibility_confidence": "medium", "land_availability_frac_built": 0.0, "land_availability_score": 0, "land_availability_confidence": "high", "habitation_building_count": 0, "habitation_population_sum": 4380.6845703125, "habitation_proximity_score": 0, "habitation_proximity_confidence": "high", "hydraulic_sensitivity_index": 0.60202530738072191, "hydraulic_sensitivity_confidence": "low", "composite_score": 0.15050632684518048, "severity_band": "low", "robust_hotspot": false }, "geometry": { "type": "LineString", "coordinates": [ [ 75.820369319222962, 26.794139025789608 ], [ 75.821371113048926, 26.794221519420336 ] ] } },
{ "type": "Feature", "properties": { "chainage_m": 23000, "segment_length_m": 100.0, "radius_m": 100000.0, "railway_crossing_score": 0, "railway_crossing_confidence": "high", "metro_interface_score": 0, "metro_interface_confidence": "high", "existing_elevated_structure_score": 0, "existing_elevated_structure_confidence": "high", "major_arterial_crossing_score": 0, "major_arterial_crossing_confidence": "high", "restricted_military_area_score": 0, "restricted_military_area_confidence": "low", "eht_line_crossing_score": 0, "eht_line_crossing_confidence": "low", "dam_check_structure_score": 0, "dam_check_structure_confidence": "medium", "curve_severity_score": 0, "curve_severity_confidence": "high", "irc86_min_radius_m": 150, "entry_exit_distance_to_arterial_m": 108.90946261741746, "entry_exit_feasibility_score": 0, "entry_exit_feasibility_confidence": "medium", "land_availability_frac_built": 0.0, "land_availability_score": 0, "land_availability_confidence": "high", "habitation_building_count": 0, "habitation_population_sum": 4380.6845703125, "habitation_proximity_score": 0, "habitation_proximity_confidence": "high", "hydraulic_sensitivity_index": 0.60202530738072191, "hydraulic_sensitivity_confidence": "low", "composite_score": 0.15050632684518048, "severity_band": "low", "robust_hotspot": false }, "geometry": { "type": "LineString", "coordinates": [ [ 75.821371113048926, 26.794221519420336 ], [ 75.822372908124649, 26.794304005929749 ] ] } },
{ "type": "Feature", "properties": { "chainage_m": 23100, "segment_length_m": 100.0, "radius_m": 100000.0, "railway_crossing_score": 0, "railway_crossing_confidence": "high", "metro_interface_score": 0, "metro_interface_confidence": "high", "existing_elevated_structure_score": 0, "existing_elevated_structure_confidence": "high", "major_arterial_crossing_score": 0, "major_arterial_crossing_confidence": "high", "restricted_military_area_score": 0, "restricted_military_area_confidence": "low", "eht_line_crossing_score": 0, "eht_line_crossing_confidence": "low", "dam_check_structure_score": 0, "dam_check_structure_confidence": "medium", "curve_severity_score": 0, "curve_severity_confidence": "high", "irc86_min_radius_m": 150, "entry_exit_distance_to_arterial_m": 108.90959604095087, "entry_exit_feasibility_score": 0, "entry_exit_feasibility_confidence": "medium", "land_availability_frac_built": 0.0039184387567343659, "land_availability_score": 0, "land_availability_confidence": "high", "habitation_building_count": 1, "habitation_population_sum": 8531.435546875, "habitation_proximity_score": 1, "habitation_proximity_confidence": "high", "hydraulic_sensitivity_index": 0.60202530738072191, "hydraulic_sensitivity_confidence": "low", "composite_score": 0.23383966017851379, "severity_band": "low", "robust_hotspot": false }, "geometry": { "type": "LineString", "coordinates": [ [ 75.822372908124649, 26.794304005929749 ], [ 75.823374704449776, 26.79438648531778 ] ] } },
{ "type": "Feature", "properties": { "chainage_m": 23200, "segment_length_m": 100.0, "radius_m": 100000.0, "railway_crossing_score": 0, "railway_crossing_confidence": "high", "metro_interface_score": 0, "metro_interface_confidence": "high", "existing_elevated_structure_score": 0, "existing_elevated_structure_confidence": "high", "major_arterial_crossing_score": 0, "major_arterial_crossing_confidence": "high", "restricted_military_area_score": 0, "restricted_military_area_confidence": "low", "eht_line_crossing_score": 0, "eht_line_crossing_confidence": "low", "dam_check_structure_score": 0, "dam_check_structure_confidence": "medium", "curve_severity_score": 0, "curve_severity_confidence": "high", "irc86_min_radius_m": 150, "entry_exit_distance_to_arterial_m": 109.2939687682337, "entry_exit_feasibility_score": 0, "entry_exit_feasibility_confidence": "medium", "land_availability_frac_built": 0.12206144064247761, "land_availability_score": 0, "land_availability_confidence": "high", "habitation_building_count": 1, "habitation_population_sum": 8531.435546875, "habitation_proximity_score": 1, "habitation_proximity_confidence": "high", "hydraulic_sensitivity_index": 0.60202530738072191, "hydraulic_sensitivity_confidence": "low", "composite_score": 0.23383966017851379, "severity_band": "low", "robust_hotspot": false }, "geometry": { "type": "LineString", "coordinates": [ [ 75.823374704449776, 26.79438648531778 ], [ 75.824376502023924, 26.79446895758435 ] ] } },
{ "type": "Feature", "properties": { "chainage_m": 23300, "segment_length_m": 100.0, "radius_m": 100000.0, "railway_crossing_score": 0, "railway_crossing_confidence": "high", "metro_interface_score": 0, "metro_interface_confidence": "high", "existing_elevated_structure_score": 0, "existing_elevated_structure_confidence": "high", "major_arterial_crossing_score": 0, "major_arterial_crossing_confidence": "high", "restricted_military_area_score": 0, "restricted_military_area_confidence": "low", "eht_line_crossing_score": 0, "eht_line_crossing_confidence": "low", "dam_check_structure_score": 0, "dam_check_structure_confidence": "medium", "curve_severity_score": 0, "curve_severity_confidence": "high", "irc86_min_radius_m": 150, "entry_exit_distance_to_arterial_m": 110.49866181291883, "entry_exit_feasibility_score": 0, "entry_exit_feasibility_confidence": "medium", "land_availability_frac_built": 0.1914658008530423, "land_availability_score": 0, "land_availability_confidence": "high", "habitation_building_count": 1, "habitation_population_sum": 8531.435546875, "habitation_proximity_score": 1, "habitation_proximity_confidence": "high", "hydraulic_sensitivity_index": 0.60202530738072191, "hydraulic_sensitivity_confidence": "low", "composite_score": 0.23383966017851379, "severity_band": "low", "robust_hotspot": false }, "geometry": { "type": "LineString", "coordinates": [ [ 75.824376502023924, 26.79446895758435 ], [ 75.825378300846737, 26.794551422729391 ] ] } },
{ "type": "Feature", "properties": { "chainage_m": 23400, "segment_length_m": 100.0, "radius_m": 100000.0, "railway_crossing_score": 0, "railway_crossing_confidence": "high", "metro_interface_score": 0, "metro_interface_confidence": "high", "existing_elevated_structure_score": 0, "existing_elevated_structure_confidence": "high", "major_arterial_crossing_score": 0, "major_arterial_crossing_confidence": "high", "restricted_military_area_score": 0, "restricted_military_area_confidence": "low", "eht_line_crossing_score": 0, "eht_line_crossing_confidence": "low", "dam_check_structure_score": 0, "dam_check_structure_confidence": "medium", "curve_severity_score": 0, "curve_severity_confidence": "high", "irc86_min_radius_m": 150, "entry_exit_distance_to_arterial_m": 109.91894161176828, "entry_exit_feasibility_score": 0, "entry_exit_feasibility_confidence": "medium", "land_availability_frac_built": 0.059063462186083916, "land_availability_score": 0, "land_availability_confidence": "high", "habitation_building_count": 1, "habitation_population_sum": 4150.75048828125, "habitation_proximity_score": 1, "habitation_proximity_confidence": "high", "hydraulic_sensitivity_index": 0.60202530738072191, "hydraulic_sensitivity_confidence": "low", "composite_score": 0.23383966017851379, "severity_band": "low", "robust_hotspot": false }, "geometry": { "type": "LineString", "coordinates": [ [ 75.825378300846737, 26.794551422729391 ], [ 75.826380100917874, 26.794633880752833 ] ] } },
{ "type": "Feature", "properties": { "chainage_m": 23500, "segment_length_m": 100.0, "radius_m": 100000.0, "railway_crossing_score": 0, "railway_crossing_confidence": "high", "metro_interface_score": 0, "metro_interface_confidence": "high", "existing_elevated_structure_score": 0, "existing_elevated_structure_confidence": "high", "major_arterial_crossing_score": 0, "major_arterial_crossing_confidence": "high", "restricted_military_area_score": 0, "restricted_military_area_confidence": "low", "eht_line_crossing_score": 0, "eht_line_crossing_confidence": "low", "dam_check_structure_score": 0, "dam_check_structure_confidence": "medium", "curve_severity_score": 0, "curve_severity_confidence": "high", "irc86_min_radius_m": 150, "entry_exit_distance_to_arterial_m": 110.67855549719194, "entry_exit_feasibility_score": 0, "entry_exit_feasibility_confidence": "medium", "land_availability_frac_built": 0.0, "land_availability_score": 0, "land_availability_confidence": "high", "habitation_building_count": 1, "habitation_population_sum": 4150.75048828125, "habitation_proximity_score": 1, "habitation_proximity_confidence": "high", "hydraulic_sensitivity_index": 0.60202530738072191, "hydraulic_sensitivity_confidence": "low", "composite_score": 0.23383966017851379, "severity_band": "low", "robust_hotspot": false }, "geometry": { "type": "LineString", "coordinates": [ [ 75.826380100917874, 26.794633880752833 ], [ 75.827381902236951, 26.794716331654595 ] ] } },
{ "type": "Feature", "properties": { "chainage_m": 23600, "segment_length_m": 100.0, "radius_m": 100000.0, "railway_crossing_score": 0, "railway_crossing_confidence": "high", "metro_interface_score": 0, "metro_interface_confidence": "high", "existing_elevated_structure_score": 0, "existing_elevated_structure_confidence": "high", "major_arterial_crossing_score": 0, "major_arterial_crossing_confidence": "high", "restricted_military_area_score": 0, "restricted_military_area_confidence": "low", "eht_line_crossing_score": 0, "eht_line_crossing_confidence": "low", "dam_check_structure_score": 0, "dam_check_structure_confidence": "medium", "curve_severity_score": 0, "curve_severity_confidence": "high", "irc86_min_radius_m": 150, "entry_exit_distance_to_arterial_m": 108.24390536574118, "entry_exit_feasibility_score": 0, "entry_exit_feasibility_confidence": "medium", "land_availability_frac_built": 0.0, "land_availability_score": 0, "land_availability_confidence": "high", "habitation_building_count": 0, "habitation_population_sum": 4150.75048828125, "habitation_proximity_score": 0, "habitation_proximity_confidence": "high", "hydraulic_sensitivity_index": 0.60202530738072191, "hydraulic_sensitivity_confidence": "low", "composite_score": 0.15050632684518048, "severity_band": "low", "robust_hotspot": false }, "geometry": { "type": "LineString", "coordinates": [ [ 75.827381902236951, 26.794716331654595 ], [ 75.828383704803628, 26.794798775434607 ] ] } },
{ "type": "Feature", "properties": { "chainage_m": 23700, "segment_length_m": 100.0, "radius_m": 100000.0, "railway_crossing_score": 0, "railway_crossing_confidence": "high", "metro_interface_score": 0, "metro_interface_confidence": "high", "existing_elevated_structure_score": 0, "existing_elevated_structure_confidence": "high", "major_arterial_crossing_score": 0, "major_arterial_crossing_confidence": "high", "restricted_military_area_score": 0, "restricted_military_area_confidence": "low", "eht_line_crossing_score": 0, "eht_line_crossing_confidence": "low", "dam_check_structure_score": 0, "dam_check_structure_confidence": "medium", "curve_severity_score": 0, "curve_severity_confidence": "high", "irc86_min_radius_m": 150, "entry_exit_distance_to_arterial_m": 108.70403497892949, "entry_exit_feasibility_score": 0, "entry_exit_feasibility_confidence": "medium", "land_availability_frac_built": 0.0, "land_availability_score": 0, "land_availability_confidence": "high", "habitation_building_count": 0, "habitation_population_sum": 4150.75048828125, "habitation_proximity_score": 0, "habitation_proximity_confidence": "high", "hydraulic_sensitivity_index": 0.60202530738072191, "hydraulic_sensitivity_confidence": "low", "composite_score": 0.15050632684518048, "severity_band": "low", "robust_hotspot": false }, "geometry": { "type": "LineString", "coordinates": [ [ 75.828383704803628, 26.794798775434607 ], [ 75.829385508617506, 26.79488121209279 ] ] } },
{ "type": "Feature", "properties": { "chainage_m": 23800, "segment_length_m": 100.0, "radius_m": 100000.0, "railway_crossing_score": 0, "railway_crossing_confidence": "high", "metro_interface_score": 0, "metro_interface_confidence": "high", "existing_elevated_structure_score": 0, "existing_elevated_structure_confidence": "high", "major_arterial_crossing_score": 0, "major_arterial_crossing_confidence": "high", "restricted_military_area_score": 0, "restricted_military_area_confidence": "low", "eht_line_crossing_score": 0, "eht_line_crossing_confidence": "low", "dam_check_structure_score": 0, "dam_check_structure_confidence": "medium", "curve_severity_score": 0, "curve_severity_confidence": "high", "irc86_min_radius_m": 150, "entry_exit_distance_to_arterial_m": 110.16201854599463, "entry_exit_feasibility_score": 0, "entry_exit_feasibility_confidence": "medium", "land_availability_frac_built": 0.0, "land_availability_score": 0, "land_availability_confidence": "high", "habitation_building_count": 0, "habitation_population_sum": 4150.75048828125, "habitation_proximity_score": 0, "habitation_proximity_confidence": "high", "hydraulic_sensitivity_index": 0.60202530738072191, "hydraulic_sensitivity_confidence": "low", "composite_score": 0.15050632684518048, "severity_band": "low", "robust_hotspot": false }, "geometry": { "type": "LineString", "coordinates": [ [ 75.829385508617506, 26.79488121209279 ], [ 75.830387313678287, 26.794963641629085 ] ] } },
{ "type": "Feature", "properties": { "chainage_m": 23900, "segment_length_m": 100.0, "radius_m": 100000.0, "railway_crossing_score": 0, "railway_crossing_confidence": "high", "metro_interface_score": 0, "metro_interface_confidence": "high", "existing_elevated_structure_score": 0, "existing_elevated_structure_confidence": "high", "major_arterial_crossing_score": 0, "major_arterial_crossing_confidence": "high", "restricted_military_area_score": 0, "restricted_military_area_confidence": "low", "eht_line_crossing_score": 0, "eht_line_crossing_confidence": "low", "dam_check_structure_score": 0, "dam_check_structure_confidence": "medium", "curve_severity_score": 0, "curve_severity_confidence": "high", "irc86_min_radius_m": 150, "entry_exit_distance_to_arterial_m": 116.64104125462451, "entry_exit_feasibility_score": 0, "entry_exit_feasibility_confidence": "medium", "land_availability_frac_built": 0.0, "land_availability_score": 0, "land_availability_confidence": "high", "habitation_building_count": 0, "habitation_population_sum": 8295.7666015625, "habitation_proximity_score": 0, "habitation_proximity_confidence": "high", "hydraulic_sensitivity_index": 0.64979746926192783, "hydraulic_sensitivity_confidence": "low", "composite_score": 0.16244936731548196, "severity_band": "low", "robust_hotspot": false }, "geometry": { "type": "LineString", "coordinates": [ [ 75.830387313678287, 26.794963641629085 ], [ 75.831389119985531, 26.795046064043412 ] ] } },
{ "type": "Feature", "properties": { "chainage_m": 24000, "segment_length_m": 100.0, "radius_m": 100000.0, "railway_crossing_score": 0, "railway_crossing_confidence": "high", "metro_interface_score": 0, "metro_interface_confidence": "high", "existing_elevated_structure_score": 0, "existing_elevated_structure_confidence": "high", "major_arterial_crossing_score": 0, "major_arterial_crossing_confidence": "high", "restricted_military_area_score": 0, "restricted_military_area_confidence": "low", "eht_line_crossing_score": 0, "eht_line_crossing_confidence": "low", "dam_check_structure_score": 0, "dam_check_structure_confidence": "medium", "curve_severity_score": 0, "curve_severity_confidence": "high", "irc86_min_radius_m": 150, "entry_exit_distance_to_arterial_m": 144.68521671425248, "entry_exit_feasibility_score": 0, "entry_exit_feasibility_confidence": "medium", "land_availability_frac_built": 0.0, "land_availability_score": 0, "land_availability_confidence": "high", "habitation_building_count": 0, "habitation_population_sum": 8295.7666015625, "habitation_proximity_score": 0, "habitation_proximity_confidence": "high", "hydraulic_sensitivity_index": 0.64979746926192783, "hydraulic_sensitivity_confidence": "low", "composite_score": 0.16244936731548196, "severity_band": "low", "robust_hotspot": false }, "geometry": { "type": "LineString", "coordinates": [ [ 75.831389119985531, 26.795046064043412 ], [ 75.832390927538938, 26.795128479335695 ] ] } },
{ "type": "Feature", "properties": { "chainage_m": 24100, "segment_length_m": 100.0, "radius_m": 100000.0, "railway_crossing_score": 0, "railway_crossing_confidence": "high", "metro_interface_score": 0, "metro_interface_confidence": "high", "existing_elevated_structure_score": 0, "existing_elevated_structure_confidence": "high", "major_arterial_crossing_score": 0, "major_arterial_crossing_confidence": "high", "restricted_military_area_score": 0, "restricted_military_area_confidence": "low", "eht_line_crossing_score": 0, "eht_line_crossing_confidence": "low", "dam_check_structure_score": 0, "dam_check_structure_confidence": "medium", "curve_severity_score": 0, "curve_severity_confidence": "high", "irc86_min_radius_m": 150, "entry_exit_distance_to_arterial_m": 183.84361522378987, "entry_exit_feasibility_score": 0, "entry_exit_feasibility_confidence": "medium", "land_availability_frac_built": 0.0, "land_availability_score": 0, "land_availability_confidence": "high", "habitation_building_count": 0, "habitation_population_sum": 8295.7666015625, "habitation_proximity_score": 0, "habitation_proximity_confidence": "high", "hydraulic_sensitivity_index": 0.64979746926192783, "hydraulic_sensitivity_confidence": "low", "composite_score": 0.16244936731548196, "severity_band": "low", "robust_hotspot": false }, "geometry": { "type": "LineString", "coordinates": [ [ 75.832390927538938, 26.795128479335695 ], [ 75.833392736338126, 26.795210887505867 ] ] } },
{ "type": "Feature", "properties": { "chainage_m": 24200, "segment_length_m": 100.0, "radius_m": 100000.0, "railway_crossing_score": 0, "railway_crossing_confidence": "high", "metro_interface_score": 0, "metro_interface_confidence": "high", "existing_elevated_structure_score": 3, "existing_elevated_structure_confidence": "high", "major_arterial_crossing_score": 0, "major_arterial_crossing_confidence": "high", "restricted_military_area_score": 0, "restricted_military_area_confidence": "low", "eht_line_crossing_score": 0, "eht_line_crossing_confidence": "low", "dam_check_structure_score": 0, "dam_check_structure_confidence": "medium", "curve_severity_score": 0, "curve_severity_confidence": "high", "irc86_min_radius_m": 150, "entry_exit_distance_to_arterial_m": 224.83297927745349, "entry_exit_feasibility_score": 0, "entry_exit_feasibility_confidence": "medium", "land_availability_frac_built": 0.0, "land_availability_score": 0, "land_availability_confidence": "high", "habitation_building_count": 0, "habitation_population_sum": 4145.01611328125, "habitation_proximity_score": 0, "habitation_proximity_confidence": "high", "hydraulic_sensitivity_index": 0.64979746926192783, "hydraulic_sensitivity_confidence": "low", "composite_score": 0.41244936731548193, "severity_band": "low", "robust_hotspot": false }, "geometry": { "type": "LineString", "coordinates": [ [ 75.833392736338126, 26.795210887505867 ], [ 75.83439454638274, 26.795293288553847 ] ] } },
{ "type": "Feature", "properties": { "chainage_m": 24300, "segment_length_m": 100.0, "radius_m": 152.76887669934064, "railway_crossing_score": 0, "railway_crossing_confidence": "high", "metro_interface_score": 0, "metro_interface_confidence": "high", "existing_elevated_structure_score": 3, "existing_elevated_structure_confidence": "high", "major_arterial_crossing_score": 0, "major_arterial_crossing_confidence": "high", "restricted_military_area_score": 0, "restricted_military_area_confidence": "low", "eht_line_crossing_score": 0, "eht_line_crossing_confidence": "low", "dam_check_structure_score": 0, "dam_check_structure_confidence": "medium", "curve_severity_score": 0, "curve_severity_confidence": "high", "irc86_min_radius_m": 150, "entry_exit_distance_to_arterial_m": 265.95657054631693, "entry_exit_feasibility_score": 0, "entry_exit_feasibility_confidence": "medium", "land_availability_frac_built": 0.0, "land_availability_score": 0, "land_availability_confidence": "high", "habitation_building_count": 0, "habitation_population_sum": 4145.01611328125, "habitation_proximity_score": 0, "habitation_proximity_confidence": "high", "hydraulic_sensitivity_index": 0.65112377675018818, "hydraulic_sensitivity_confidence": "low", "composite_score": 0.41278094418754702, "severity_band": "low", "robust_hotspot": false }, "geometry": { "type": "LineString", "coordinates": [ [ 75.83439454638274, 26.795293288553847 ], [ 75.834611070958815, 26.795311097220139 ], [ 75.835201956681701, 26.794842454480847 ] ] } },
{ "type": "Feature", "properties": { "chainage_m": 24400, "segment_length_m": 100.0, "radius_m": 582.4004899403327, "railway_crossing_score": 0, "railway_crossing_confidence": "high", "metro_interface_score": 0, "metro_interface_confidence": "high", "existing_elevated_structure_score": 3, "existing_elevated_structure_confidence": "high", "major_arterial_crossing_score": 0, "major_arterial_crossing_confidence": "high", "restricted_military_area_score": 0, "restricted_military_area_confidence": "low", "eht_line_crossing_score": 0, "eht_line_crossing_confidence": "low", "dam_check_structure_score": 0, "dam_check_structure_confidence": "medium", "curve_severity_score": 0, "curve_severity_confidence": "high", "irc86_min_radius_m": 150, "entry_exit_distance_to_arterial_m": 348.63448247290739, "entry_exit_feasibility_score": 0, "entry_exit_feasibility_confidence": "medium", "land_availability_frac_built": 0.0, "land_availability_score": 0, "land_availability_confidence": "high", "habitation_building_count": 0, "habitation_population_sum": 4145.01611328125, "habitation_proximity_score": 0, "habitation_proximity_confidence": "high", "hydraulic_sensitivity_index": 0.65112377675018818, "hydraulic_sensitivity_confidence": "low", "composite_score": 0.41278094418754702, "severity_band": "low", "robust_hotspot": false }, "geometry": { "type": "LineString", "coordinates": [ [ 75.835201956681701, 26.794842454480847 ], [ 75.835955758450766, 26.794244590848454 ] ] } },
{ "type": "Feature", "properties": { "chainage_m": 24500, "segment_length_m": 100.0, "radius_m": 100000.0, "railway_crossing_score": 0, "railway_crossing_confidence": "high", "metro_interface_score": 0, "metro_interface_confidence": "high", "existing_elevated_structure_score": 0, "existing_elevated_structure_confidence": "high", "major_arterial_crossing_score": 0, "major_arterial_crossing_confidence": "high", "restricted_military_area_score": 0, "restricted_military_area_confidence": "low", "eht_line_crossing_score": 0, "eht_line_crossing_confidence": "low", "dam_check_structure_score": 0, "dam_check_structure_confidence": "medium", "curve_severity_score": 0, "curve_severity_confidence": "high", "irc86_min_radius_m": 150, "entry_exit_distance_to_arterial_m": 442.84477466912443, "entry_exit_feasibility_score": 0, "entry_exit_feasibility_confidence": "medium", "land_availability_frac_built": 0.0, "land_availability_score": 0, "land_availability_confidence": "high", "habitation_building_count": 0, "habitation_population_sum": 4145.01611328125, "habitation_proximity_score": 0, "habitation_proximity_confidence": "high", "hydraulic_sensitivity_index": 0.65112377675018818, "hydraulic_sensitivity_confidence": "low", "composite_score": 0.16278094418754704, "severity_band": "low", "robust_hotspot": false }, "geometry": { "type": "LineString", "coordinates": [ [ 75.835955758450766, 26.794244590848454 ], [ 75.836709552291055, 26.793646723337329 ] ] } },
{ "type": "Feature", "properties": { "chainage_m": 24600, "segment_length_m": 100.0, "radius_m": 100000.0, "railway_crossing_score": 0, "railway_crossing_confidence": "high", "metro_interface_score": 0, "metro_interface_confidence": "high", "existing_elevated_structure_score": 0, "existing_elevated_structure_confidence": "high", "major_arterial_crossing_score": 0, "major_arterial_crossing_confidence": "high", "restricted_military_area_score": 0, "restricted_military_area_confidence": "low", "eht_line_crossing_score": 0, "eht_line_crossing_confidence": "low", "dam_check_structure_score": 0, "dam_check_structure_confidence": "medium", "curve_severity_score": 0, "curve_severity_confidence": "high", "irc86_min_radius_m": 150, "entry_exit_distance_to_arterial_m": 537.24396296168084, "entry_exit_feasibility_score": 0, "entry_exit_feasibility_confidence": "medium", "land_availability_frac_built": 0.0, "land_availability_score": 0, "land_availability_confidence": "high", "habitation_building_count": 0, "habitation_population_sum": 4145.01611328125, "habitation_proximity_score": 0, "habitation_proximity_confidence": "high", "hydraulic_sensitivity_index": 0.65112377675018818, "hydraulic_sensitivity_confidence": "low", "composite_score": 0.16278094418754704, "severity_band": "low", "robust_hotspot": false }, "geometry": { "type": "LineString", "coordinates": [ [ 75.836709552291055, 26.793646723337329 ], [ 75.837463338202753, 26.793048851947784 ] ] } },
{ "type": "Feature", "properties": { "chainage_m": 24700, "segment_length_m": 100.0, "radius_m": 100000.0, "railway_crossing_score": 0, "railway_crossing_confidence": "high", "metro_interface_score": 0, "metro_interface_confidence": "high", "existing_elevated_structure_score": 0, "existing_elevated_structure_confidence": "high", "major_arterial_crossing_score": 0, "major_arterial_crossing_confidence": "high", "restricted_military_area_score": 0, "restricted_military_area_confidence": "low", "eht_line_crossing_score": 0, "eht_line_crossing_confidence": "low", "dam_check_structure_score": 0, "dam_check_structure_confidence": "medium", "curve_severity_score": 0, "curve_severity_confidence": "high", "irc86_min_radius_m": 150, "entry_exit_distance_to_arterial_m": 633.07082425286296, "entry_exit_feasibility_score": 0, "entry_exit_feasibility_confidence": "medium", "land_availability_frac_built": 0.0, "land_availability_score": 0, "land_availability_confidence": "high", "habitation_building_count": 0, "habitation_population_sum": 4145.01611328125, "habitation_proximity_score": 0, "habitation_proximity_confidence": "high", "hydraulic_sensitivity_index": 0.65112377675018818, "hydraulic_sensitivity_confidence": "low", "composite_score": 0.16278094418754704, "severity_band": "low", "robust_hotspot": false }, "geometry": { "type": "LineString", "coordinates": [ [ 75.837463338202753, 26.793048851947784 ], [ 75.838217116186087, 26.792450976680129 ] ] } },
{ "type": "Feature", "properties": { "chainage_m": 24800, "segment_length_m": 100.0, "radius_m": 100000.0, "railway_crossing_score": 0, "railway_crossing_confidence": "high", "metro_interface_score": 0, "metro_interface_confidence": "high", "existing_elevated_structure_score": 0, "existing_elevated_structure_confidence": "high", "major_arterial_crossing_score": 0, "major_arterial_crossing_confidence": "high", "restricted_military_area_score": 0, "restricted_military_area_confidence": "low", "eht_line_crossing_score": 0, "eht_line_crossing_confidence": "low", "dam_check_structure_score": 0, "dam_check_structure_confidence": "medium", "curve_severity_score": 0, "curve_severity_confidence": "high", "irc86_min_radius_m": 150, "entry_exit_distance_to_arterial_m": 728.88428690848264, "entry_exit_feasibility_score": 0, "entry_exit_feasibility_confidence": "medium", "land_availability_frac_built": 0.0, "land_availability_score": 0, "land_availability_confidence": "high", "habitation_building_count": 0, "habitation_population_sum": 8707.9921875, "habitation_proximity_score": 0, "habitation_proximity_confidence": "high", "hydraulic_sensitivity_index": 0.65112377675018818, "hydraulic_sensitivity_confidence": "low", "composite_score": 0.16278094418754704, "severity_band": "low", "robust_hotspot": false }, "geometry": { "type": "LineString", "coordinates": [ [ 75.838217116186087, 26.792450976680129 ], [ 75.83897088624127, 26.791853097534688 ] ] } },
{ "type": "Feature", "properties": { "chainage_m": 24900, "segment_length_m": 100.0, "radius_m": 100000.0, "railway_crossing_score": 0, "railway_crossing_confidence": "high", "metro_interface_score": 0, "metro_interface_confidence": "high", "existing_elevated_structure_score": 0, "existing_elevated_structure_confidence": "high", "major_arterial_crossing_score": 0, "major_arterial_crossing_confidence": "high", "restricted_military_area_score": 0, "restricted_military_area_confidence": "low", "eht_line_crossing_score": 0, "eht_line_crossing_confidence": "low", "dam_check_structure_score": 0, "dam_check_structure_confidence": "medium", "curve_severity_score": 0, "curve_severity_confidence": "high", "irc86_min_radius_m": 150, "entry_exit_distance_to_arterial_m": 821.41406506216333, "entry_exit_feasibility_score": 0, "entry_exit_feasibility_confidence": "medium", "land_availability_frac_built": 0.0, "land_availability_score": 0, "land_availability_confidence": "high", "habitation_building_count": 0, "habitation_population_sum": 16972.015625, "habitation_proximity_score": 0, "habitation_proximity_confidence": "high", "hydraulic_sensitivity_index": 0.65112377675018818, "hydraulic_sensitivity_confidence": "low", "composite_score": 0.16278094418754704, "severity_band": "low", "robust_hotspot": false }, "geometry": { "type": "LineString", "coordinates": [ [ 75.83897088624127, 26.791853097534688 ], [ 75.839724648368517, 26.791255214511761 ] ] } },
{ "type": "Feature", "properties": { "chainage_m": 25000, "segment_length_m": 100.0, "radius_m": 100000.0, "railway_crossing_score": 0, "railway_crossing_confidence": "high", "metro_interface_score": 0, "metro_interface_confidence": "high", "existing_elevated_structure_score": 0, "existing_elevated_structure_confidence": "high", "major_arterial_crossing_score": 0, "major_arterial_crossing_confidence": "high", "restricted_military_area_score": 0, "restricted_military_area_confidence": "low", "eht_line_crossing_score": 0, "eht_line_crossing_confidence": "low", "dam_check_structure_score": 0, "dam_check_structure_confidence": "medium", "curve_severity_score": 0, "curve_severity_confidence": "high", "irc86_min_radius_m": 150, "entry_exit_distance_to_arterial_m": 915.41843912533307, "entry_exit_feasibility_score": 0, "entry_exit_feasibility_confidence": "medium", "land_availability_frac_built": 0.0, "land_availability_score": 0, "land_availability_confidence": "high", "habitation_building_count": 0, "habitation_population_sum": 16972.015625, "habitation_proximity_score": 0, "habitation_proximity_confidence": "high", "hydraulic_sensitivity_index": 0.65112377675018818, "hydraulic_sensitivity_confidence": "low", "composite_score": 0.16278094418754704, "severity_band": "low", "robust_hotspot": false }, "geometry": { "type": "LineString", "coordinates": [ [ 75.839724648368517, 26.791255214511761 ], [ 75.840478402568053, 26.790657327611665 ] ] } },
{ "type": "Feature", "properties": { "chainage_m": 25100, "segment_length_m": 100.0, "radius_m": 113.88781300369681, "railway_crossing_score": 0, "railway_crossing_confidence": "high", "metro_interface_score": 0, "metro_interface_confidence": "high", "existing_elevated_structure_score": 0, "existing_elevated_structure_confidence": "high", "major_arterial_crossing_score": 0, "major_arterial_crossing_confidence": "high", "restricted_military_area_score": 0, "restricted_military_area_confidence": "low", "eht_line_crossing_score": 0, "eht_line_crossing_confidence": "low", "dam_check_structure_score": 0, "dam_check_structure_confidence": "medium", "curve_severity_score": 3, "curve_severity_confidence": "high", "irc86_min_radius_m": 150, "entry_exit_distance_to_arterial_m": 1009.6720637045123, "entry_exit_feasibility_score": 0, "entry_exit_feasibility_confidence": "medium", "land_availability_frac_built": 0.0, "land_availability_score": 0, "land_availability_confidence": "high", "habitation_building_count": 0, "habitation_population_sum": 16972.015625, "habitation_proximity_score": 0, "habitation_proximity_confidence": "high", "hydraulic_sensitivity_index": 0.65112377675018818, "hydraulic_sensitivity_confidence": "low", "composite_score": 0.41278094418754702, "severity_band": "low", "robust_hotspot": false }, "geometry": { "type": "LineString", "coordinates": [ [ 75.840478402568053, 26.790657327611665 ], [ 75.840752510488244, 26.790439899390872 ], [ 75.841303472707011, 26.790732387090955 ] ] } },
{ "type": "Feature", "properties": { "chainage_m": 25200, "segment_length_m": 100.0, "radius_m": 212.30078181564298, "railway_crossing_score": 0, "railway_crossing_confidence": "high", "metro_interface_score": 0, "metro_interface_confidence": "high", "existing_elevated_structure_score": 0, "existing_elevated_structure_confidence": "high", "major_arterial_crossing_score": 0, "major_arterial_crossing_confidence": "high", "restricted_military_area_score": 0, "restricted_military_area_confidence": "low", "eht_line_crossing_score": 0, "eht_line_crossing_confidence": "low", "dam_check_structure_score": 0, "dam_check_structure_confidence": "medium", "curve_severity_score": 0, "curve_severity_confidence": "high", "irc86_min_radius_m": 150, "entry_exit_distance_to_arterial_m": 1039.3812140370412, "entry_exit_feasibility_score": 0, "entry_exit_feasibility_confidence": "medium", "land_availability_frac_built": 0.0, "land_availability_score": 0, "land_availability_confidence": "high", "habitation_building_count": 0, "habitation_population_sum": 16972.015625, "habitation_proximity_score": 0, "habitation_proximity_confidence": "high", "hydraulic_sensitivity_index": 0.65112377675018818, "hydraulic_sensitivity_confidence": "low", "composite_score": 0.16278094418754704, "severity_band": "low", "robust_hotspot": false }, "geometry": { "type": "LineString", "coordinates": [ [ 75.841303472707011, 26.790732387090955 ], [ 75.842169307604919, 26.79119202285202 ] ] } },
{ "type": "Feature", "properties": { "chainage_m": 25300, "segment_length_m": 100.0, "radius_m": 100000.0, "railway_crossing_score": 0, "railway_crossing_confidence": "high", "metro_interface_score": 0, "metro_interface_confidence": "high", "existing_elevated_structure_score": 0, "existing_elevated_structure_confidence": "high", "major_arterial_crossing_score": 0, "major_arterial_crossing_confidence": "high", "restricted_military_area_score": 0, "restricted_military_area_confidence": "low", "eht_line_crossing_score": 0, "eht_line_crossing_confidence": "low", "dam_check_structure_score": 0, "dam_check_structure_confidence": "medium", "curve_severity_score": 0, "curve_severity_confidence": "high", "irc86_min_radius_m": 150, "entry_exit_distance_to_arterial_m": 1036.6983360062247, "entry_exit_feasibility_score": 0, "entry_exit_feasibility_confidence": "medium", "land_availability_frac_built": 0.0, "land_availability_score": 0, "land_availability_confidence": "high", "habitation_building_count": 0, "habitation_population_sum": 8264.0234375, "habitation_proximity_score": 0, "habitation_proximity_confidence": "high", "hydraulic_sensitivity_index": 0.65112377675018818, "hydraulic_sensitivity_confidence": "low", "composite_score": 0.16278094418754704, "severity_band": "low", "robust_hotspot": false }, "geometry": { "type": "LineString", "coordinates": [ [ 75.842169307604919, 26.79119202285202 ], [ 75.843035149380924, 26.791651653126237 ] ] } },
{ "type": "Feature", "properties": { "chainage_m": 25400, "segment_length_m": 100.0, "radius_m": 100000.0, "railway_crossing_score": 0, "railway_crossing_confidence": "high", "metro_interface_score": 0, "metro_interface_confidence": "high", "existing_elevated_structure_score": 0, "existing_elevated_structure_confidence": "high", "major_arterial_crossing_score": 0, "major_arterial_crossing_confidence": "high", "restricted_military_area_score": 0, "restricted_military_area_confidence": "low", "eht_line_crossing_score": 0, "eht_line_crossing_confidence": "low", "dam_check_structure_score": 0, "dam_check_structure_confidence": "medium", "curve_severity_score": 0, "curve_severity_confidence": "high", "irc86_min_radius_m": 150, "entry_exit_distance_to_arterial_m": 994.98027430376737, "entry_exit_feasibility_score": 0, "entry_exit_feasibility_confidence": "medium", "land_availability_frac_built": 0.0, "land_availability_score": 0, "land_availability_confidence": "high", "habitation_building_count": 0, "habitation_population_sum": 8264.0234375, "habitation_proximity_score": 0, "habitation_proximity_confidence": "high", "hydraulic_sensitivity_index": 0.6535720686812202, "hydraulic_sensitivity_confidence": "low", "composite_score": 0.16339301717030505, "severity_band": "low", "robust_hotspot": false }, "geometry": { "type": "LineString", "coordinates": [ [ 75.843035149380924, 26.791651653126237 ], [ 75.843900998035053, 26.792111277913296 ] ] } },
{ "type": "Feature", "properties": { "chainage_m": 25500, "segment_length_m": 100.0, "radius_m": 100000.0, "railway_crossing_score": 0, "railway_crossing_confidence": "high", "metro_interface_score": 0, "metro_interface_confidence": "high", "existing_elevated_structure_score": 0, "existing_elevated_structure_confidence": "high", "major_arterial_crossing_score": 0, "major_arterial_crossing_confidence": "high", "restricted_military_area_score": 0, "restricted_military_area_confidence": "low", "eht_line_crossing_score": 0, "eht_line_crossing_confidence": "low", "dam_check_structure_score": 0, "dam_check_structure_confidence": "medium", "curve_severity_score": 0, "curve_severity_confidence": "high", "irc86_min_radius_m": 150, "entry_exit_distance_to_arterial_m": 951.27109457967947, "entry_exit_feasibility_score": 0, "entry_exit_feasibility_confidence": "medium", "land_availability_frac_built": 0.0, "land_availability_score": 0, "land_availability_confidence": "high", "habitation_building_count": 0, "habitation_population_sum": 8264.0234375, "habitation_proximity_score": 0, "habitation_proximity_confidence": "high", "hydraulic_sensitivity_index": 0.6535720686812202, "hydraulic_sensitivity_confidence": "low", "composite_score": 0.16339301717030505, "severity_band": "low", "robust_hotspot": false }, "geometry": { "type": "LineString", "coordinates": [ [ 75.843900998035053, 26.792111277913296 ], [ 75.844766853567293, 26.792570897212901 ] ] } },
{ "type": "Feature", "properties": { "chainage_m": 25600, "segment_length_m": 100.0, "radius_m": 100000.0, "railway_crossing_score": 0, "railway_crossing_confidence": "high", "metro_interface_score": 0, "metro_interface_confidence": "high", "existing_elevated_structure_score": 0, "existing_elevated_structure_confidence": "high", "major_arterial_crossing_score": 0, "major_arterial_crossing_confidence": "high", "restricted_military_area_score": 0, "restricted_military_area_confidence": "low", "eht_line_crossing_score": 0, "eht_line_crossing_confidence": "low", "dam_check_structure_score": 0, "dam_check_structure_confidence": "medium", "curve_severity_score": 0, "curve_severity_confidence": "high", "irc86_min_radius_m": 150, "entry_exit_distance_to_arterial_m": 908.65069294330624, "entry_exit_feasibility_score": 0, "entry_exit_feasibility_confidence": "medium", "land_availability_frac_built": 0.0, "land_availability_score": 0, "land_availability_confidence": "high", "habitation_building_count": 0, "habitation_population_sum": 3907.322998046875, "habitation_proximity_score": 0, "habitation_proximity_confidence": "high", "hydraulic_sensitivity_index": 0.6535720686812202, "hydraulic_sensitivity_confidence": "low", "composite_score": 0.16339301717030505, "severity_band": "low", "robust_hotspot": false }, "geometry": { "type": "LineString", "coordinates": [ [ 75.844766853567293, 26.792570897212901 ], [ 75.845632715977672, 26.793030511024721 ] ] } },
{ "type": "Feature", "properties": { "chainage_m": 25700, "segment_length_m": 100.0, "radius_m": 100000.0, "railway_crossing_score": 0, "railway_crossing_confidence": "high", "metro_interface_score": 0, "metro_interface_confidence": "high", "existing_elevated_structure_score": 0, "existing_elevated_structure_confidence": "high", "major_arterial_crossing_score": 0, "major_arterial_crossing_confidence": "high", "restricted_military_area_score": 0, "restricted_military_area_confidence": "low", "eht_line_crossing_score": 0, "eht_line_crossing_confidence": "low", "dam_check_structure_score": 0, "dam_check_structure_confidence": "medium", "curve_severity_score": 0, "curve_severity_confidence": "high", "irc86_min_radius_m": 150, "entry_exit_distance_to_arterial_m": 865.94314977145962, "entry_exit_feasibility_score": 0, "entry_exit_feasibility_confidence": "medium", "land_availability_frac_built": 0.0, "land_availability_score": 0, "land_availability_confidence": "high", "habitation_building_count": 0, "habitation_population_sum": 3907.322998046875, "habitation_proximity_score": 0, "habitation_proximity_confidence": "high", "hydraulic_sensitivity_index": 0.6535720686812202, "hydraulic_sensitivity_confidence": "low", "composite_score": 0.16339301717030505, "severity_band": "low", "robust_hotspot": false }, "geometry": { "type": "LineString", "coordinates": [ [ 75.845632715977672, 26.793030511024721 ], [ 75.846498585266204, 26.793490119348448 ] ] } },
{ "type": "Feature", "properties": { "chainage_m": 25800, "segment_length_m": 100.0, "radius_m": 100000.0, "railway_crossing_score": 0, "railway_crossing_confidence": "high", "metro_interface_score": 0, "metro_interface_confidence": "high", "existing_elevated_structure_score": 3, "existing_elevated_structure_confidence": "high", "major_arterial_crossing_score": 0, "major_arterial_crossing_confidence": "high", "restricted_military_area_score": 0, "restricted_military_area_confidence": "low", "eht_line_crossing_score": 0, "eht_line_crossing_confidence": "low", "dam_check_structure_score": 0, "dam_check_structure_confidence": "medium", "curve_severity_score": 0, "curve_severity_confidence": "high", "irc86_min_radius_m": 150, "entry_exit_distance_to_arterial_m": 822.56014727195759, "entry_exit_feasibility_score": 0, "entry_exit_feasibility_confidence": "medium", "land_availability_frac_built": 0.0, "land_availability_score": 0, "land_availability_confidence": "high", "habitation_building_count": 1, "habitation_population_sum": 3907.322998046875, "habitation_proximity_score": 1, "habitation_proximity_confidence": "high", "hydraulic_sensitivity_index": 0.6535720686812202, "hydraulic_sensitivity_confidence": "low", "composite_score": 0.49672635050363834, "severity_band": "low", "robust_hotspot": false }, "geometry": { "type": "LineString", "coordinates": [ [ 75.846498585266204, 26.793490119348448 ], [ 75.847364461432875, 26.793949722183761 ] ] } },
{ "type": "Feature", "properties": { "chainage_m": 25900, "segment_length_m": 100.0, "radius_m": 108.30303384386272, "railway_crossing_score": 0, "railway_crossing_confidence": "high", "metro_interface_score": 0, "metro_interface_confidence": "high", "existing_elevated_structure_score": 3, "existing_elevated_structure_confidence": "high", "major_arterial_crossing_score": 0, "major_arterial_crossing_confidence": "high", "restricted_military_area_score": 0, "restricted_military_area_confidence": "low", "eht_line_crossing_score": 0, "eht_line_crossing_confidence": "low", "dam_check_structure_score": 0, "dam_check_structure_confidence": "medium", "curve_severity_score": 3, "curve_severity_confidence": "high", "irc86_min_radius_m": 150, "entry_exit_distance_to_arterial_m": 801.59003096372999, "entry_exit_feasibility_score": 0, "entry_exit_feasibility_confidence": "medium", "land_availability_frac_built": 0.0, "land_availability_score": 0, "land_availability_confidence": "high", "habitation_building_count": 3, "habitation_population_sum": 7589.6259765625, "habitation_proximity_score": 1, "habitation_proximity_confidence": "high", "hydraulic_sensitivity_index": 0.6535720686812202, "hydraulic_sensitivity_confidence": "low", "composite_score": 0.74672635050363834, "severity_band": "high", "robust_hotspot": false }, "geometry": { "type": "LineString", "coordinates": [ [ 75.847364461432875, 26.793949722183761 ], [ 75.84778660248368, 26.794173789275284 ], [ 75.848047660868787, 26.79377482809339 ] ] } },
{ "type": "Feature", "properties": { "chainage_m": 26000, "segment_length_m": 100.0, "radius_m": 114.99171958092894, "railway_crossing_score": 0, "railway_crossing_confidence": "high", "metro_interface_score": 0, "metro_interface_confidence": "high", "existing_elevated_structure_score": 3, "existing_elevated_structure_confidence": "high", "major_arterial_crossing_score": 0, "major_arterial_crossing_confidence": "high", "restricted_military_area_score": 0, "restricted_military_area_confidence": "low", "eht_line_crossing_score": 0, "eht_line_crossing_confidence": "low", "dam_check_structure_score": 0, "dam_check_structure_confidence": "medium", "curve_severity_score": 3, "curve_severity_confidence": "high", "irc86_min_radius_m": 150, "entry_exit_distance_to_arterial_m": 848.16233559547425, "entry_exit_feasibility_score": 0, "entry_exit_feasibility_confidence": "medium", "land_availability_frac_built": 0.0, "land_availability_score": 0, "land_availability_confidence": "high", "habitation_building_count": 3, "habitation_population_sum": 7589.6259765625, "habitation_proximity_score": 1, "habitation_proximity_confidence": "high", "hydraulic_sensitivity_index": 0.6535720686812202, "hydraulic_sensitivity_confidence": "low", "composite_score": 0.74672635050363834, "severity_band": "high", "robust_hotspot": false }, "geometry": { "type": "LineString", "coordinates": [ [ 75.848047660868787, 26.79377482809339 ], [ 75.848557065366379, 26.792996323951858 ] ] } },
{ "type": "Feature", "properties": { "chainage_m": 26100, "segment_length_m": 100.0, "radius_m": 100000.0, "railway_crossing_score": 0, "railway_crossing_confidence": "high", "metro_interface_score": 0, "metro_interface_confidence": "high", "existing_elevated_structure_score": 0, "existing_elevated_structure_confidence": "high", "major_arterial_crossing_score": 0, "major_arterial_crossing_confidence": "high", "restricted_military_area_score": 0, "restricted_military_area_confidence": "low", "eht_line_crossing_score": 0, "eht_line_crossing_confidence": "low", "dam_check_structure_score": 0, "dam_check_structure_confidence": "medium", "curve_severity_score": 0, "curve_severity_confidence": "high", "irc86_min_radius_m": 150, "entry_exit_distance_to_arterial_m": 939.34383609127167, "entry_exit_feasibility_score": 0, "entry_exit_feasibility_confidence": "medium", "land_availability_frac_built": 0.0, "land_availability_score": 0, "land_availability_confidence": "high", "habitation_building_count": 4, "habitation_population_sum": 7589.6259765625, "habitation_proximity_score": 1, "habitation_proximity_confidence": "high", "hydraulic_sensitivity_index": 0.6535720686812202, "hydraulic_sensitivity_confidence": "low", "composite_score": 0.24672635050363836, "severity_band": "low", "robust_hotspot": false }, "geometry": { "type": "LineString", "coordinates": [ [ 75.848557065366379, 26.792996323951858 ], [ 75.849066463011695, 26.792217818057466 ] ] } },
{ "type": "Feature", "properties": { "chainage_m": 26200, "segment_length_m": 100.0, "radius_m": 100000.0, "railway_crossing_score": 0, "railway_crossing_confidence": "high", "metro_interface_score": 0, "metro_interface_confidence": "high", "existing_elevated_structure_score": 0, "existing_elevated_structure_confidence": "high", "major_arterial_crossing_score": 0, "major_arterial_crossing_confidence": "high", "restricted_military_area_score": 0, "restricted_military_area_confidence": "low", "eht_line_crossing_score": 0, "eht_line_crossing_confidence": "low", "dam_check_structure_score": 0, "dam_check_structure_confidence": "medium", "curve_severity_score": 0, "curve_severity_confidence": "high", "irc86_min_radius_m": 150, "entry_exit_distance_to_arterial_m": 1031.0697897212547, "entry_exit_feasibility_score": 0, "entry_exit_feasibility_confidence": "medium", "land_availability_frac_built": 0.0, "land_availability_score": 0, "land_availability_confidence": "high", "habitation_building_count": 1, "habitation_population_sum": 15970.4794921875, "habitation_proximity_score": 1, "habitation_proximity_confidence": "high", "hydraulic_sensitivity_index": 0.73649854823099259, "hydraulic_sensitivity_confidence": "low", "composite_score": 0.26745797039108149, "severity_band": "low", "robust_hotspot": false }, "geometry": { "type": "LineString", "coordinates": [ [ 75.849066463011695, 26.792217818057466 ], [ 75.849575853805163, 26.791439310410404 ] ] } },
{ "type": "Feature", "properties": { "chainage_m": 26300, "segment_length_m": 100.0, "radius_m": 727.73821025117002, "railway_crossing_score": 0, "railway_crossing_confidence": "high", "metro_interface_score": 0, "metro_interface_confidence": "high", "existing_elevated_structure_score": 0, "existing_elevated_structure_confidence": "high", "major_arterial_crossing_score": 0, "major_arterial_crossing_confidence": "high", "restricted_military_area_score": 0, "restricted_military_area_confidence": "low", "eht_line_crossing_score": 0, "eht_line_crossing_confidence": "low", "dam_check_structure_score": 0, "dam_check_structure_confidence": "medium", "curve_severity_score": 0, "curve_severity_confidence": "high", "irc86_min_radius_m": 150, "entry_exit_distance_to_arterial_m": 1019.8051386615327, "entry_exit_feasibility_score": 0, "entry_exit_feasibility_confidence": "medium", "land_availability_frac_built": 0.0, "land_availability_score": 0, "land_availability_confidence": "high", "habitation_building_count": 0, "habitation_population_sum": 15970.4794921875, "habitation_proximity_score": 0, "habitation_proximity_confidence": "high", "hydraulic_sensitivity_index": 0.73649854823099259, "hydraulic_sensitivity_confidence": "low", "composite_score": 0.18412463705774815, "severity_band": "low", "robust_hotspot": false }, "geometry": { "type": "LineString", "coordinates": [ [ 75.849575853805163, 26.791439310410404 ], [ 75.849901530321205, 26.790941568942269 ], [ 75.850188130730345, 26.790741931054143 ] ] } },
{ "type": "Feature", "properties": { "chainage_m": 26400, "segment_length_m": 100.0, "radius_m": 408.41752276818113, "railway_crossing_score": 0, "railway_crossing_confidence": "high", "metro_interface_score": 0, "metro_interface_confidence": "high", "existing_elevated_structure_score": 0, "existing_elevated_structure_confidence": "high", "major_arterial_crossing_score": 0, "major_arterial_crossing_confidence": "high", "restricted_military_area_score": 0, "restricted_military_area_confidence": "low", "eht_line_crossing_score": 0, "eht_line_crossing_confidence": "low", "dam_check_structure_score": 0, "dam_check_structure_confidence": "medium", "curve_severity_score": 0, "curve_severity_confidence": "high", "irc86_min_radius_m": 150, "entry_exit_distance_to_arterial_m": 963.081107096442, "entry_exit_feasibility_score": 0, "entry_exit_feasibility_confidence": "medium", "land_availability_frac_built": 0.0, "land_availability_score": 0, "land_availability_confidence": "high", "habitation_building_count": 0, "habitation_population_sum": 7706.4560546875, "habitation_proximity_score": 0, "habitation_proximity_confidence": "high", "hydraulic_sensitivity_index": 0.73649854823099259, "hydraulic_sensitivity_confidence": "low", "composite_score": 0.18412463705774815, "severity_band": "low", "robust_hotspot": false }, "geometry": { "type": "LineString", "coordinates": [ [ 75.850188130730345, 26.790741931054143 ], [ 75.850982807631482, 26.79018837456869 ] ] } },
{ "type": "Feature", "properties": { "chainage_m": 26500, "segment_length_m": 100.0, "radius_m": 100000.0, "railway_crossing_score": 0, "railway_crossing_confidence": "high", "metro_interface_score": 0, "metro_interface_confidence": "high", "existing_elevated_structure_score": 0, "existing_elevated_structure_confidence": "high", "major_arterial_crossing_score": 0, "major_arterial_crossing_confidence": "high", "restricted_military_area_score": 0, "restricted_military_area_confidence": "low", "eht_line_crossing_score": 0, "eht_line_crossing_confidence": "low", "dam_check_structure_score": 0, "dam_check_structure_confidence": "medium", "curve_severity_score": 0, "curve_severity_confidence": "high", "irc86_min_radius_m": 150, "entry_exit_distance_to_arterial_m": 901.97222517426394, "entry_exit_feasibility_score": 0, "entry_exit_feasibility_confidence": "medium", "land_availability_frac_built": 0.0, "land_availability_score": 0, "land_availability_confidence": "high", "habitation_building_count": 0, "habitation_population_sum": 4024.153076171875, "habitation_proximity_score": 0, "habitation_proximity_confidence": "high", "hydraulic_sensitivity_index": 0.73649854823099259, "hydraulic_sensitivity_confidence": "low", "composite_score": 0.18412463705774815, "severity_band": "low", "robust_hotspot": false }, "geometry": { "type": "LineString", "coordinates": [ [ 75.850982807631482, 26.79018837456869 ], [ 75.851777476767296, 26.789634813763964 ] ] } },
{ "type": "Feature", "properties": { "chainage_m": 26600, "segment_length_m": 100.0, "radius_m": 100000.0, "railway_crossing_score": 0, "railway_crossing_confidence": "high", "metro_interface_score": 0, "metro_interface_confidence": "high", "existing_elevated_structure_score": 0, "existing_elevated_structure_confidence": "high", "major_arterial_crossing_score": 0, "major_arterial_crossing_confidence": "high", "restricted_military_area_score": 0, "restricted_military_area_confidence": "low", "eht_line_crossing_score": 0, "eht_line_crossing_confidence": "low", "dam_check_structure_score": 0, "dam_check_structure_confidence": "medium", "curve_severity_score": 0, "curve_severity_confidence": "high", "irc86_min_radius_m": 150, "entry_exit_distance_to_arterial_m": 842.10550858293936, "entry_exit_feasibility_score": 0, "entry_exit_feasibility_confidence": "medium", "land_availability_frac_built": 0.0, "land_availability_score": 0, "land_availability_confidence": "high", "habitation_building_count": 0, "habitation_population_sum": 4024.153076171875, "habitation_proximity_score": 0, "habitation_proximity_confidence": "high", "hydraulic_sensitivity_index": 0.73649854823099259, "hydraulic_sensitivity_confidence": "low", "composite_score": 0.18412463705774815, "severity_band": "low", "robust_hotspot": false }, "geometry": { "type": "LineString", "coordinates": [ [ 75.851777476767296, 26.789634813763964 ], [ 75.852572138137901, 26.789081248640276 ] ] } },
{ "type": "Feature", "properties": { "chainage_m": 26700, "segment_length_m": 100.0, "radius_m": 100000.0, "railway_crossing_score": 0, "railway_crossing_confidence": "high", "metro_interface_score": 0, "metro_interface_confidence": "high", "existing_elevated_structure_score": 0, "existing_elevated_structure_confidence": "high", "major_arterial_crossing_score": 0, "major_arterial_crossing_confidence": "high", "restricted_military_area_score": 0, "restricted_military_area_confidence": "low", "eht_line_crossing_score": 0, "eht_line_crossing_confidence": "low", "dam_check_structure_score": 0, "dam_check_structure_confidence": "medium", "curve_severity_score": 0, "curve_severity_confidence": "high", "irc86_min_radius_m": 150, "entry_exit_distance_to_arterial_m": 782.98152245271785, "entry_exit_feasibility_score": 0, "entry_exit_feasibility_confidence": "medium", "land_availability_frac_built": 0.0, "land_availability_score": 0, "land_availability_confidence": "high", "habitation_building_count": 0, "habitation_population_sum": 4024.153076171875, "habitation_proximity_score": 0, "habitation_proximity_confidence": "high", "hydraulic_sensitivity_index": 0.73649854823099259, "hydraulic_sensitivity_confidence": "low", "composite_score": 0.18412463705774815, "severity_band": "low", "robust_hotspot": false }, "geometry": { "type": "LineString", "coordinates": [ [ 75.852572138137901, 26.789081248640276 ], [ 75.853366791743483, 26.788527679197951 ] ] } },
{ "type": "Feature", "properties": { "chainage_m": 26800, "segment_length_m": 100.0, "radius_m": 100000.0, "railway_crossing_score": 0, "railway_crossing_confidence": "high", "metro_interface_score": 0, "metro_interface_confidence": "high", "existing_elevated_structure_score": 0, "existing_elevated_structure_confidence": "high", "major_arterial_crossing_score": 0, "major_arterial_crossing_confidence": "high", "restricted_military_area_score": 0, "restricted_military_area_confidence": "low", "eht_line_crossing_score": 0, "eht_line_crossing_confidence": "low", "dam_check_structure_score": 0, "dam_check_structure_confidence": "medium", "curve_severity_score": 0, "curve_severity_confidence": "high", "irc86_min_radius_m": 150, "entry_exit_distance_to_arterial_m": 723.76032545689691, "entry_exit_feasibility_score": 0, "entry_exit_feasibility_confidence": "medium", "land_availability_frac_built": 0.0, "land_availability_score": 0, "land_availability_confidence": "high", "habitation_building_count": 0, "habitation_population_sum": 4024.153076171875, "habitation_proximity_score": 0, "habitation_proximity_confidence": "high", "hydraulic_sensitivity_index": 0.73649854823099259, "hydraulic_sensitivity_confidence": "low", "composite_score": 0.18412463705774815, "severity_band": "low", "robust_hotspot": false }, "geometry": { "type": "LineString", "coordinates": [ [ 75.853366791743483, 26.788527679197951 ], [ 75.854161437584182, 26.787974105437318 ] ] } },
{ "type": "Feature", "properties": { "chainage_m": 26900, "segment_length_m": 100.0, "radius_m": 100000.0, "railway_crossing_score": 0, "railway_crossing_confidence": "high", "metro_interface_score": 0, "metro_interface_confidence": "high", "existing_elevated_structure_score": 0, "existing_elevated_structure_confidence": "high", "major_arterial_crossing_score": 0, "major_arterial_crossing_confidence": "high", "restricted_military_area_score": 0, "restricted_military_area_confidence": "low", "eht_line_crossing_score": 0, "eht_line_crossing_confidence": "low", "dam_check_structure_score": 0, "dam_check_structure_confidence": "medium", "curve_severity_score": 0, "curve_severity_confidence": "high", "irc86_min_radius_m": 150, "entry_exit_distance_to_arterial_m": 665.17620326352869, "entry_exit_feasibility_score": 0, "entry_exit_feasibility_confidence": "medium", "land_availability_frac_built": 0.0, "land_availability_score": 0, "land_availability_confidence": "high", "habitation_building_count": 0, "habitation_population_sum": 4024.153076171875, "habitation_proximity_score": 0, "habitation_proximity_confidence": "high", "hydraulic_sensitivity_index": 0.76343334408717778, "hydraulic_sensitivity_confidence": "low", "composite_score": 0.19085833602179444, "severity_band": "low", "robust_hotspot": false }, "geometry": { "type": "LineString", "coordinates": [ [ 75.854161437584182, 26.787974105437318 ], [ 75.854956075660141, 26.787420527358694 ] ] } },
{ "type": "Feature", "properties": { "chainage_m": 27000, "segment_length_m": 100.0, "radius_m": 100000.0, "railway_crossing_score": 0, "railway_crossing_confidence": "high", "metro_interface_score": 0, "metro_interface_confidence": "high", "existing_elevated_structure_score": 0, "existing_elevated_structure_confidence": "high", "major_arterial_crossing_score": 0, "major_arterial_crossing_confidence": "high", "restricted_military_area_score": 0, "restricted_military_area_confidence": "low", "eht_line_crossing_score": 0, "eht_line_crossing_confidence": "low", "dam_check_structure_score": 0, "dam_check_structure_confidence": "medium", "curve_severity_score": 0, "curve_severity_confidence": "high", "irc86_min_radius_m": 150, "entry_exit_distance_to_arterial_m": 606.78891392740525, "entry_exit_feasibility_score": 0, "entry_exit_feasibility_confidence": "medium", "land_availability_frac_built": 0.0, "land_availability_score": 0, "land_availability_confidence": "high", "habitation_building_count": 0, "habitation_population_sum": 4024.153076171875, "habitation_proximity_score": 0, "habitation_proximity_confidence": "high", "hydraulic_sensitivity_index": 0.76343334408717778, "hydraulic_sensitivity_confidence": "low", "composite_score": 0.19085833602179444, "severity_band": "low", "robust_hotspot": false }, "geometry": { "type": "LineString", "coordinates": [ [ 75.854956075660141, 26.787420527358694 ], [ 75.855750705971516, 26.786866944962394 ] ] } },
{ "type": "Feature", "properties": { "chainage_m": 27100, "segment_length_m": 100.0, "radius_m": 100000.0, "railway_crossing_score": 0, "railway_crossing_confidence": "high", "metro_interface_score": 0, "metro_interface_confidence": "high", "existing_elevated_structure_score": 0, "existing_elevated_structure_confidence": "high", "major_arterial_crossing_score": 0, "major_arterial_crossing_confidence": "high", "restricted_military_area_score": 0, "restricted_military_area_confidence": "low", "eht_line_crossing_score": 0, "eht_line_crossing_confidence": "low", "dam_check_structure_score": 3, "dam_check_structure_confidence": "medium", "curve_severity_score": 0, "curve_severity_confidence": "high", "irc86_min_radius_m": 150, "entry_exit_distance_to_arterial_m": 546.73768895141063, "entry_exit_feasibility_score": 0, "entry_exit_feasibility_confidence": "medium", "land_availability_frac_built": 0.0, "land_availability_score": 0, "land_availability_confidence": "high", "habitation_building_count": 0, "habitation_population_sum": 7006.06396484375, "habitation_proximity_score": 0, "habitation_proximity_confidence": "high", "hydraulic_sensitivity_index": 0.76343334408717778, "hydraulic_sensitivity_confidence": "low", "composite_score": 0.44085833602179442, "severity_band": "low", "robust_hotspot": false }, "geometry": { "type": "LineString", "coordinates": [ [ 75.855750705971516, 26.786866944962394 ], [ 75.856545328518465, 26.786313358248751 ] ] } },
{ "type": "Feature", "properties": { "chainage_m": 27200, "segment_length_m": 100.0, "radius_m": 2412.8815740634327, "railway_crossing_score": 0, "railway_crossing_confidence": "high", "metro_interface_score": 0, "metro_interface_confidence": "high", "existing_elevated_structure_score": 0, "existing_elevated_structure_confidence": "high", "major_arterial_crossing_score": 0, "major_arterial_crossing_confidence": "high", "restricted_military_area_score": 0, "restricted_military_area_confidence": "low", "eht_line_crossing_score": 0, "eht_line_crossing_confidence": "low", "dam_check_structure_score": 3, "dam_check_structure_confidence": "medium", "curve_severity_score": 0, "curve_severity_confidence": "high", "irc86_min_radius_m": 150, "entry_exit_distance_to_arterial_m": 491.96731828162149, "entry_exit_feasibility_score": 0, "entry_exit_feasibility_confidence": "medium", "land_availability_frac_built": 0.0, "land_availability_score": 0, "land_availability_confidence": "high", "habitation_building_count": 0, "habitation_population_sum": 7006.06396484375, "habitation_proximity_score": 0, "habitation_proximity_confidence": "high", "hydraulic_sensitivity_index": 0.76343334408717778, "hydraulic_sensitivity_confidence": "low", "composite_score": 0.44085833602179442, "severity_band": "low", "robust_hotspot": false }, "geometry": { "type": "LineString", "coordinates": [ [ 75.856545328518465, 26.786313358248751 ], [ 75.857118938542314, 26.785913737457147 ], [ 75.857312020635732, 26.785732022713464 ] ] } },
{ "type": "Feature", "properties": { "chainage_m": 27300, "segment_length_m": 100.0, "radius_m": 928.5106506648583, "railway_crossing_score": 0, "railway_crossing_confidence": "high", "metro_interface_score": 0, "metro_interface_confidence": "high", "existing_elevated_structure_score": 0, "existing_elevated_structure_confidence": "high", "major_arterial_crossing_score": 0, "major_arterial_crossing_confidence": "high", "restricted_military_area_score": 0, "restricted_military_area_confidence": "low", "eht_line_crossing_score": 0, "eht_line_crossing_confidence": "low", "dam_check_structure_score": 3, "dam_check_structure_confidence": "medium", "curve_severity_score": 0, "curve_severity_confidence": "high", "irc86_min_radius_m": 150, "entry_exit_distance_to_arterial_m": 444.39588872746361, "entry_exit_feasibility_score": 0, "entry_exit_feasibility_confidence": "medium", "land_availability_frac_built": 0.0, "land_availability_score": 0, "land_availability_confidence": "high", "habitation_building_count": 0, "habitation_population_sum": 7006.06396484375, "habitation_proximity_score": 0, "habitation_proximity_confidence": "high", "hydraulic_sensitivity_index": 0.76343334408717778, "hydraulic_sensitivity_confidence": "low", "composite_score": 0.44085833602179442, "severity_band": "low", "robust_hotspot": false }, "geometry": { "type": "LineString", "coordinates": [ [ 75.857312020635732, 26.785732022713464 ], [ 75.858006232940625, 26.785078674001557 ] ] } },
{ "type": "Feature", "properties": { "chainage_m": 27400, "segment_length_m": 100.0, "radius_m": 100000.0, "railway_crossing_score": 0, "railway_crossing_confidence": "high", "metro_interface_score": 0, "metro_interface_confidence": "high", "existing_elevated_structure_score": 0, "existing_elevated_structure_confidence": "high", "major_arterial_crossing_score": 0, "major_arterial_crossing_confidence": "high", "restricted_military_area_score": 0, "restricted_military_area_confidence": "low", "eht_line_crossing_score": 0, "eht_line_crossing_confidence": "low", "dam_check_structure_score": 0, "dam_check_structure_confidence": "medium", "curve_severity_score": 0, "curve_severity_confidence": "high", "irc86_min_radius_m": 150, "entry_exit_distance_to_arterial_m": 397.9118655536713, "entry_exit_feasibility_score": 0, "entry_exit_feasibility_confidence": "medium", "land_availability_frac_built": 0.0, "land_availability_score": 0, "land_availability_confidence": "high", "habitation_building_count": 0, "habitation_population_sum": 7006.06396484375, "habitation_proximity_score": 0, "habitation_proximity_confidence": "high", "hydraulic_sensitivity_index": 0.76343334408717778, "hydraulic_sensitivity_confidence": "low", "composite_score": 0.19085833602179444, "severity_band": "low", "robust_hotspot": false }, "geometry": { "type": "LineString", "coordinates": [ [ 75.858006232940625, 26.785078674001557 ], [ 75.858700437304549, 26.784425322017476 ] ] } },
{ "type": "Feature", "properties": { "chainage_m": 27500, "segment_length_m": 100.0, "radius_m": 100000.0, "railway_crossing_score": 0, "railway_crossing_confidence": "high", "metro_interface_score": 0, "metro_interface_confidence": "high", "existing_elevated_structure_score": 0, "existing_elevated_structure_confidence": "high", "major_arterial_crossing_score": 0, "major_arterial_crossing_confidence": "high", "restricted_military_area_score": 0, "restricted_military_area_confidence": "low", "eht_line_crossing_score": 0, "eht_line_crossing_confidence": "low", "dam_check_structure_score": 0, "dam_check_structure_confidence": "medium", "curve_severity_score": 0, "curve_severity_confidence": "high", "irc86_min_radius_m": 150, "entry_exit_distance_to_arterial_m": 352.66050245727683, "entry_exit_feasibility_score": 0, "entry_exit_feasibility_confidence": "medium", "land_availability_frac_built": 0.0, "land_availability_score": 0, "land_availability_confidence": "high", "habitation_building_count": 0, "habitation_population_sum": 7005.35107421875, "habitation_proximity_score": 0, "habitation_proximity_confidence": "high", "hydraulic_sensitivity_index": 0.76343334408717778, "hydraulic_sensitivity_confidence": "low", "composite_score": 0.19085833602179444, "severity_band": "low", "robust_hotspot": false }, "geometry": { "type": "LineString", "coordinates": [ [ 75.858700437304549, 26.784425322017476 ], [ 75.859394633727788, 26.783771966761499 ] ] } },
{ "type": "Feature", "properties": { "chainage_m": 27600, "segment_length_m": 100.0, "radius_m": 100000.0, "railway_crossing_score": 0, "railway_crossing_confidence": "high", "metro_interface_score": 0, "metro_interface_confidence": "high", "existing_elevated_structure_score": 0, "existing_elevated_structure_confidence": "high", "major_arterial_crossing_score": 0, "major_arterial_crossing_confidence": "high", "restricted_military_area_score": 0, "restricted_military_area_confidence": "low", "eht_line_crossing_score": 0, "eht_line_crossing_confidence": "low", "dam_check_structure_score": 0, "dam_check_structure_confidence": "medium", "curve_severity_score": 0, "curve_severity_confidence": "high", "irc86_min_radius_m": 150, "entry_exit_distance_to_arterial_m": 305.83811516433553, "entry_exit_feasibility_score": 0, "entry_exit_feasibility_confidence": "medium", "land_availability_frac_built": 0.0, "land_availability_score": 0, "land_availability_confidence": "high", "habitation_building_count": 0, "habitation_population_sum": 7005.35107421875, "habitation_proximity_score": 0, "habitation_proximity_confidence": "high", "hydraulic_sensitivity_index": 0.76343334408717778, "hydraulic_sensitivity_confidence": "low", "composite_score": 0.19085833602179444, "severity_band": "low", "robust_hotspot": false }, "geometry": { "type": "LineString", "coordinates": [ [ 75.859394633727788, 26.783771966761499 ], [ 75.860088822210614, 26.783118608233931 ] ] } },
{ "type": "Feature", "properties": { "chainage_m": 27700, "segment_length_m": 100.0, "radius_m": 100000.0, "railway_crossing_score": 0, "railway_crossing_confidence": "high", "metro_interface_score": 0, "metro_interface_confidence": "high", "existing_elevated_structure_score": 3, "existing_elevated_structure_confidence": "high", "major_arterial_crossing_score": 0, "major_arterial_crossing_confidence": "high", "restricted_military_area_score": 0, "restricted_military_area_confidence": "low", "eht_line_crossing_score": 3, "eht_line_crossing_confidence": "low", "dam_check_structure_score": 0, "dam_check_structure_confidence": "medium", "curve_severity_score": 0, "curve_severity_confidence": "high", "irc86_min_radius_m": 150, "entry_exit_distance_to_arterial_m": 268.0295411628868, "entry_exit_feasibility_score": 0, "entry_exit_feasibility_confidence": "medium", "land_availability_frac_built": 0.0, "land_availability_score": 0, "land_availability_confidence": "high", "habitation_building_count": 0, "habitation_population_sum": 7005.35107421875, "habitation_proximity_score": 0, "habitation_proximity_confidence": "high", "hydraulic_sensitivity_index": 0.76343334408717778, "hydraulic_sensitivity_confidence": "low", "composite_score": 0.69085833602179447, "severity_band": "high", "robust_hotspot": false }, "geometry": { "type": "LineString", "coordinates": [ [ 75.860088822210614, 26.783118608233931 ], [ 75.860783002753323, 26.782465246435038 ] ] } },
{ "type": "Feature", "properties": { "chainage_m": 27800, "segment_length_m": 100.0, "radius_m": 100000.0, "railway_crossing_score": 0, "railway_crossing_confidence": "high", "metro_interface_score": 0, "metro_interface_confidence": "high", "existing_elevated_structure_score": 3, "existing_elevated_structure_confidence": "high", "major_arterial_crossing_score": 0, "major_arterial_crossing_confidence": "high", "restricted_military_area_score": 0, "restricted_military_area_confidence": "low", "eht_line_crossing_score": 3, "eht_line_crossing_confidence": "low", "dam_check_structure_score": 0, "dam_check_structure_confidence": "medium", "curve_severity_score": 0, "curve_severity_confidence": "high", "irc86_min_radius_m": 150, "entry_exit_distance_to_arterial_m": 225.91959289777748, "entry_exit_feasibility_score": 0, "entry_exit_feasibility_confidence": "medium", "land_availability_frac_built": 0.0, "land_availability_score": 0, "land_availability_confidence": "high", "habitation_building_count": 0, "habitation_population_sum": 7005.35107421875, "habitation_proximity_score": 0, "habitation_proximity_confidence": "high", "hydraulic_sensitivity_index": 0.7690110047675377, "hydraulic_sensitivity_confidence": "low", "composite_score": 0.69225275119188445, "severity_band": "high", "robust_hotspot": false }, "geometry": { "type": "LineString", "coordinates": [ [ 75.860783002753323, 26.782465246435038 ], [ 75.8614771753562, 26.781811881365137 ] ] } },
{ "type": "Feature", "properties": { "chainage_m": 27900, "segment_length_m": 100.0, "radius_m": 100000.0, "railway_crossing_score": 0, "railway_crossing_confidence": "high", "metro_interface_score": 0, "metro_interface_confidence": "high", "existing_elevated_structure_score": 3, "existing_elevated_structure_confidence": "high", "major_arterial_crossing_score": 0, "major_arterial_crossing_confidence": "high", "restricted_military_area_score": 0, "restricted_military_area_confidence": "low", "eht_line_crossing_score": 3, "eht_line_crossing_confidence": "low", "dam_check_structure_score": 0, "dam_check_structure_confidence": "medium", "curve_severity_score": 0, "curve_severity_confidence": "high", "irc86_min_radius_m": 150, "entry_exit_distance_to_arterial_m": 179.91730632492073, "entry_exit_feasibility_score": 0, "entry_exit_feasibility_confidence": "medium", "land_availability_frac_built": 0.0, "land_availability_score": 0, "land_availability_confidence": "high", "habitation_building_count": 1, "habitation_population_sum": 4023.440185546875, "habitation_proximity_score": 1, "habitation_proximity_confidence": "high", "hydraulic_sensitivity_index": 0.7690110047675377, "hydraulic_sensitivity_confidence": "low", "composite_score": 0.77558608452521771, "severity_band": "high", "robust_hotspot": false }, "geometry": { "type": "LineString", "coordinates": [ [ 75.8614771753562, 26.781811881365137 ], [ 75.862171340019515, 26.781158513024508 ] ] } },
{ "type": "Feature", "properties": { "chainage_m": 28000, "segment_length_m": 100.0, "radius_m": 100000.0, "railway_crossing_score": 0, "railway_crossing_confidence": "high", "metro_interface_score": 0, "metro_interface_confidence": "high", "existing_elevated_structure_score": 0, "existing_elevated_structure_confidence": "high", "major_arterial_crossing_score": 0, "major_arterial_crossing_confidence": "high", "restricted_military_area_score": 0, "restricted_military_area_confidence": "low", "eht_line_crossing_score": 3, "eht_line_crossing_confidence": "low", "dam_check_structure_score": 0, "dam_check_structure_confidence": "medium", "curve_severity_score": 0, "curve_severity_confidence": "high", "irc86_min_radius_m": 150, "entry_exit_distance_to_arterial_m": 133.91501975195243, "entry_exit_feasibility_score": 0, "entry_exit_feasibility_confidence": "medium", "land_availability_frac_built": 0.0, "land_availability_score": 0, "land_availability_confidence": "high", "habitation_building_count": 1, "habitation_population_sum": 4023.440185546875, "habitation_proximity_score": 1, "habitation_proximity_confidence": "high", "hydraulic_sensitivity_index": 0.76960963544467142, "hydraulic_sensitivity_confidence": "low", "composite_score": 0.52573574219450114, "severity_band": "medium", "robust_hotspot": false }, "geometry": { "type": "LineString", "coordinates": [ [ 75.862171340019515, 26.781158513024508 ], [ 75.862865496743566, 26.780505141413428 ] ] } },
{ "type": "Feature", "properties": { "chainage_m": 28100, "segment_length_m": 100.0, "radius_m": 151.52271311942914, "railway_crossing_score": 0, "railway_crossing_confidence": "high", "metro_interface_score": 0, "metro_interface_confidence": "high", "existing_elevated_structure_score": 3, "existing_elevated_structure_confidence": "high", "major_arterial_crossing_score": 0, "major_arterial_crossing_confidence": "high", "restricted_military_area_score": 0, "restricted_military_area_confidence": "low", "eht_line_crossing_score": 3, "eht_line_crossing_confidence": "low", "dam_check_structure_score": 0, "dam_check_structure_confidence": "medium", "curve_severity_score": 0, "curve_severity_confidence": "high", "irc86_min_radius_m": 150, "entry_exit_distance_to_arterial_m": 52.680806420327109, "entry_exit_feasibility_score": 0, "entry_exit_feasibility_confidence": "medium", "land_availability_frac_built": 0.0, "land_availability_score": 0, "land_availability_confidence": "high", "habitation_building_count": 0, "habitation_population_sum": 4023.440185546875, "habitation_proximity_score": 0, "habitation_proximity_confidence": "high", "hydraulic_sensitivity_index": 0.76960963544467142, "hydraulic_sensitivity_confidence": "low", "composite_score": 0.69240240886116788, "severity_band": "high", "robust_hotspot": false }, "geometry": { "type": "LineString", "coordinates": [ [ 75.862865496743566, 26.780505141413428 ], [ 75.863101075872109, 26.780283401272829 ], [ 75.863759052891794, 26.78036677356404 ] ] } },
{ "type": "Feature", "properties": { "chainage_m": 28200, "segment_length_m": 100.0, "radius_m": 306.85266171617559, "railway_crossing_score": 0, "railway_crossing_confidence": "high", "metro_interface_score": 0, "metro_interface_confidence": "high", "existing_elevated_structure_score": 3, "existing_elevated_structure_confidence": "high", "major_arterial_crossing_score": 3, "major_arterial_crossing_confidence": "high", "restricted_military_area_score": 0, "restricted_military_area_confidence": "low", "eht_line_crossing_score": 3, "eht_line_crossing_confidence": "low", "dam_check_structure_score": 0, "dam_check_structure_confidence": "medium", "curve_severity_score": 0, "curve_severity_confidence": "high", "irc86_min_radius_m": 150, "entry_exit_distance_to_arterial_m": 0.0, "entry_exit_feasibility_score": 0, "entry_exit_feasibility_confidence": "medium", "land_availability_frac_built": 0.0, "land_availability_score": 0, "land_availability_confidence": "high", "habitation_building_count": 0, "habitation_population_sum": 6502.57373046875, "habitation_proximity_score": 0, "habitation_proximity_confidence": "high", "hydraulic_sensitivity_index": 0.76960963544467142, "hydraulic_sensitivity_confidence": "low", "composite_score": 0.94240240886116788, "severity_band": "high", "robust_hotspot": true }, "geometry": { "type": "LineString", "coordinates": [ [ 75.863759052891794, 26.78036677356404 ], [ 75.864755049501383, 26.780492970258543 ] ] } },
{ "type": "Feature", "properties": { "chainage_m": 28300, "segment_length_m": 100.0, "radius_m": 100000.0, "railway_crossing_score": 0, "railway_crossing_confidence": "high", "metro_interface_score": 0, "metro_interface_confidence": "high", "existing_elevated_structure_score": 3, "existing_elevated_structure_confidence": "high", "major_arterial_crossing_score": 3, "major_arterial_crossing_confidence": "high", "restricted_military_area_score": 0, "restricted_military_area_confidence": "low", "eht_line_crossing_score": 3, "eht_line_crossing_confidence": "low", "dam_check_structure_score": 3, "dam_check_structure_confidence": "medium", "curve_severity_score": 0, "curve_severity_confidence": "high", "irc86_min_radius_m": 150, "entry_exit_distance_to_arterial_m": 26.517174848384371, "entry_exit_feasibility_score": 0, "entry_exit_feasibility_confidence": "medium", "land_availability_frac_built": 0.0, "land_availability_score": 0, "land_availability_confidence": "high", "habitation_building_count": 0, "habitation_population_sum": 6502.57373046875, "habitation_proximity_score": 0, "habitation_proximity_confidence": "high", "hydraulic_sensitivity_index": 0.76960963544467142, "hydraulic_sensitivity_confidence": "low", "composite_score": 1.1924024088611678, "severity_band": "high", "robust_hotspot": true }, "geometry": { "type": "LineString", "coordinates": [ [ 75.864755049501383, 26.780492970258543 ], [ 75.865751048108692, 26.780619159894648 ] ] } },
{ "type": "Feature", "properties": { "chainage_m": 28400, "segment_length_m": 100.0, "radius_m": 100000.0, "railway_crossing_score": 0, "railway_crossing_confidence": "high", "metro_interface_score": 0, "metro_interface_confidence": "high", "existing_elevated_structure_score": 0, "existing_elevated_structure_confidence": "high", "major_arterial_crossing_score": 0, "major_arterial_crossing_confidence": "high", "restricted_military_area_score": 0, "restricted_military_area_confidence": "low", "eht_line_crossing_score": 3, "eht_line_crossing_confidence": "low", "dam_check_structure_score": 3, "dam_check_structure_confidence": "medium", "curve_severity_score": 0, "curve_severity_confidence": "high", "irc86_min_radius_m": 150, "entry_exit_distance_to_arterial_m": 125.55766132931754, "entry_exit_feasibility_score": 0, "entry_exit_feasibility_confidence": "medium", "land_availability_frac_built": 0.0, "land_availability_score": 0, "land_availability_confidence": "high", "habitation_building_count": 0, "habitation_population_sum": 6502.57373046875, "habitation_proximity_score": 0, "habitation_proximity_confidence": "high", "hydraulic_sensitivity_index": 0.76960963544467142, "hydraulic_sensitivity_confidence": "low", "composite_score": 0.69240240886116788, "severity_band": "high", "robust_hotspot": false }, "geometry": { "type": "LineString", "coordinates": [ [ 75.865751048108692, 26.780619159894648 ], [ 75.866747048713336, 26.780745342472251 ] ] } },
{ "type": "Feature", "properties": { "chainage_m": 28500, "segment_length_m": 100.0, "radius_m": 100000.0, "railway_crossing_score": 0, "railway_crossing_confidence": "high", "metro_interface_score": 0, "metro_interface_confidence": "high", "existing_elevated_structure_score": 0, "existing_elevated_structure_confidence": "high", "major_arterial_crossing_score": 0, "major_arterial_crossing_confidence": "high", "restricted_military_area_score": 0, "restricted_military_area_confidence": "low", "eht_line_crossing_score": 0, "eht_line_crossing_confidence": "low", "dam_check_structure_score": 3, "dam_check_structure_confidence": "medium", "curve_severity_score": 0, "curve_severity_confidence": "high", "irc86_min_radius_m": 150, "entry_exit_distance_to_arterial_m": 224.59814781011949, "entry_exit_feasibility_score": 0, "entry_exit_feasibility_confidence": "medium", "land_availability_frac_built": 0.0, "land_availability_score": 0, "land_availability_confidence": "high", "habitation_building_count": 0, "habitation_population_sum": 2479.133544921875, "habitation_proximity_score": 0, "habitation_proximity_confidence": "high", "hydraulic_sensitivity_index": 0.76960963544467142, "hydraulic_sensitivity_confidence": "low", "composite_score": 0.44240240886116783, "severity_band": "low", "robust_hotspot": false }, "geometry": { "type": "LineString", "coordinates": [ [ 75.866747048713336, 26.780745342472251 ], [ 75.867743051314989, 26.78087151799124 ] ] } },
{ "type": "Feature", "properties": { "chainage_m": 28600, "segment_length_m": 100.0, "radius_m": 100000.0, "railway_crossing_score": 0, "railway_crossing_confidence": "high", "metro_interface_score": 0, "metro_interface_confidence": "high", "existing_elevated_structure_score": 0, "existing_elevated_structure_confidence": "high", "major_arterial_crossing_score": 0, "major_arterial_crossing_confidence": "high", "restricted_military_area_score": 0, "restricted_military_area_confidence": "low", "eht_line_crossing_score": 0, "eht_line_crossing_confidence": "low", "dam_check_structure_score": 0, "dam_check_structure_confidence": "medium", "curve_severity_score": 0, "curve_severity_confidence": "high", "irc86_min_radius_m": 150, "entry_exit_distance_to_arterial_m": 323.63863429092146, "entry_exit_feasibility_score": 0, "entry_exit_feasibility_confidence": "medium", "land_availability_frac_built": 0.0, "land_availability_score": 0, "land_availability_confidence": "high", "habitation_building_count": 0, "habitation_population_sum": 2479.133544921875, "habitation_proximity_score": 0, "habitation_proximity_confidence": "high", "hydraulic_sensitivity_index": 0.76960963544467142, "hydraulic_sensitivity_confidence": "low", "composite_score": 0.19240240886116786, "severity_band": "low", "robust_hotspot": false }, "geometry": { "type": "LineString", "coordinates": [ [ 75.867743051314989, 26.78087151799124 ], [ 75.868739055913295, 26.780997686451499 ] ] } },
{ "type": "Feature", "properties": { "chainage_m": 28700, "segment_length_m": 100.0, "radius_m": 100000.0, "railway_crossing_score": 0, "railway_crossing_confidence": "high", "metro_interface_score": 0, "metro_interface_confidence": "high", "existing_elevated_structure_score": 0, "existing_elevated_structure_confidence": "high", "major_arterial_crossing_score": 0, "major_arterial_crossing_confidence": "high", "restricted_military_area_score": 0, "restricted_military_area_confidence": "low", "eht_line_crossing_score": 0, "eht_line_crossing_confidence": "low", "dam_check_structure_score": 0, "dam_check_structure_confidence": "medium", "curve_severity_score": 0, "curve_severity_confidence": "high", "irc86_min_radius_m": 150, "entry_exit_distance_to_arterial_m": 422.67912077185457, "entry_exit_feasibility_score": 0, "entry_exit_feasibility_confidence": "medium", "land_availability_frac_built": 0.0, "land_availability_score": 0, "land_availability_confidence": "high", "habitation_building_count": 0, "habitation_population_sum": 2479.133544921875, "habitation_proximity_score": 0, "habitation_proximity_confidence": "high", "hydraulic_sensitivity_index": 0.76960963544467142, "hydraulic_sensitivity_confidence": "low", "composite_score": 0.19240240886116786, "severity_band": "low", "robust_hotspot": false }, "geometry": { "type": "LineString", "coordinates": [ [ 75.868739055913295, 26.780997686451499 ], [ 75.869735062507928, 26.781123847852932 ] ] } },
{ "type": "Feature", "properties": { "chainage_m": 28800, "segment_length_m": 100.0, "radius_m": 100000.0, "railway_crossing_score": 0, "railway_crossing_confidence": "high", "metro_interface_score": 0, "metro_interface_confidence": "high", "existing_elevated_structure_score": 0, "existing_elevated_structure_confidence": "high", "major_arterial_crossing_score": 0, "major_arterial_crossing_confidence": "high", "restricted_military_area_score": 0, "restricted_military_area_confidence": "low", "eht_line_crossing_score": 0, "eht_line_crossing_confidence": "low", "dam_check_structure_score": 0, "dam_check_structure_confidence": "medium", "curve_severity_score": 0, "curve_severity_confidence": "high", "irc86_min_radius_m": 150, "entry_exit_distance_to_arterial_m": 521.7196072526566, "entry_exit_feasibility_score": 0, "entry_exit_feasibility_confidence": "medium", "land_availability_frac_built": 0.0, "land_availability_score": 0, "land_availability_confidence": "high", "habitation_building_count": 0, "habitation_population_sum": 2479.133544921875, "habitation_proximity_score": 0, "habitation_proximity_confidence": "high", "hydraulic_sensitivity_index": 0.76960963544467142, "hydraulic_sensitivity_confidence": "low", "composite_score": 0.19240240886116786, "severity_band": "low", "robust_hotspot": false }, "geometry": { "type": "LineString", "coordinates": [ [ 75.869735062507928, 26.781123847852932 ], [ 75.870731071098547, 26.781250002195399 ] ] } },
{ "type": "Feature", "properties": { "chainage_m": 28900, "segment_length_m": 100.0, "radius_m": 100000.0, "railway_crossing_score": 0, "railway_crossing_confidence": "high", "metro_interface_score": 0, "metro_interface_confidence": "high", "existing_elevated_structure_score": 3, "existing_elevated_structure_confidence": "high", "major_arterial_crossing_score": 0, "major_arterial_crossing_confidence": "high", "restricted_military_area_score": 0, "restricted_military_area_confidence": "low", "eht_line_crossing_score": 0, "eht_line_crossing_confidence": "low", "dam_check_structure_score": 0, "dam_check_structure_confidence": "medium", "curve_severity_score": 0, "curve_severity_confidence": "high", "irc86_min_radius_m": 150, "entry_exit_distance_to_arterial_m": 620.46166569819411, "entry_exit_feasibility_score": 0, "entry_exit_feasibility_confidence": "medium", "land_availability_frac_built": 0.0, "land_availability_score": 0, "land_availability_confidence": "high", "habitation_building_count": 0, "habitation_population_sum": 2479.133544921875, "habitation_proximity_score": 0, "habitation_proximity_confidence": "high", "hydraulic_sensitivity_index": 0.76960963544467142, "hydraulic_sensitivity_confidence": "low", "composite_score": 0.44240240886116783, "severity_band": "low", "robust_hotspot": false }, "geometry": { "type": "LineString", "coordinates": [ [ 75.870731071098547, 26.781250002195399 ], [ 75.871727081684782, 26.781376149478813 ] ] } },
{ "type": "Feature", "properties": { "chainage_m": 29000, "segment_length_m": 100.0, "radius_m": 100000.0, "railway_crossing_score": 0, "railway_crossing_confidence": "high", "metro_interface_score": 0, "metro_interface_confidence": "high", "existing_elevated_structure_score": 0, "existing_elevated_structure_confidence": "high", "major_arterial_crossing_score": 0, "major_arterial_crossing_confidence": "high", "restricted_military_area_score": 0, "restricted_military_area_confidence": "low", "eht_line_crossing_score": 0, "eht_line_crossing_confidence": "low", "dam_check_structure_score": 0, "dam_check_structure_confidence": "medium", "curve_severity_score": 0, "curve_severity_confidence": "high", "irc86_min_radius_m": 150, "entry_exit_distance_to_arterial_m": 718.88736316121526, "entry_exit_feasibility_score": 0, "entry_exit_feasibility_confidence": "medium", "land_availability_frac_built": 0.0, "land_availability_score": 0, "land_availability_confidence": "high", "habitation_building_count": 0, "habitation_population_sum": 2479.133544921875, "habitation_proximity_score": 0, "habitation_proximity_confidence": "high", "hydraulic_sensitivity_index": 0.76960963544467142, "hydraulic_sensitivity_confidence": "low", "composite_score": 0.19240240886116786, "severity_band": "low", "robust_hotspot": false }, "geometry": { "type": "LineString", "coordinates": [ [ 75.871727081684782, 26.781376149478813 ], [ 75.872723094266334, 26.781502289703056 ] ] } },
{ "type": "Feature", "properties": { "chainage_m": 29100, "segment_length_m": 100.0, "radius_m": 100000.0, "railway_crossing_score": 0, "railway_crossing_confidence": "high", "metro_interface_score": 0, "metro_interface_confidence": "high", "existing_elevated_structure_score": 0, "existing_elevated_structure_confidence": "high", "major_arterial_crossing_score": 0, "major_arterial_crossing_confidence": "high", "restricted_military_area_score": 0, "restricted_military_area_confidence": "low", "eht_line_crossing_score": 0, "eht_line_crossing_confidence": "low", "dam_check_structure_score": 0, "dam_check_structure_confidence": "medium", "curve_severity_score": 0, "curve_severity_confidence": "high", "irc86_min_radius_m": 150, "entry_exit_distance_to_arterial_m": 817.35414885530702, "entry_exit_feasibility_score": 0, "entry_exit_feasibility_confidence": "medium", "land_availability_frac_built": 0.0, "land_availability_score": 0, "land_availability_confidence": "high", "habitation_building_count": 0, "habitation_population_sum": 4732.7548828125, "habitation_proximity_score": 0, "habitation_proximity_confidence": "high", "hydraulic_sensitivity_index": 0.76960963544467142, "hydraulic_sensitivity_confidence": "low", "composite_score": 0.19240240886116786, "severity_band": "low", "robust_hotspot": false }, "geometry": { "type": "LineString", "coordinates": [ [ 75.872723094266334, 26.781502289703056 ], [ 75.873719108842806, 26.78162842286801 ] ] } },
{ "type": "Feature", "properties": { "chainage_m": 29200, "segment_length_m": 100.0, "radius_m": 100000.0, "railway_crossing_score": 0, "railway_crossing_confidence": "high", "metro_interface_score": 0, "metro_interface_confidence": "high", "existing_elevated_structure_score": 0, "existing_elevated_structure_confidence": "high", "major_arterial_crossing_score": 0, "major_arterial_crossing_confidence": "high", "restricted_military_area_score": 0, "restricted_military_area_confidence": "low", "eht_line_crossing_score": 0, "eht_line_crossing_confidence": "low", "dam_check_structure_score": 0, "dam_check_structure_confidence": "medium", "curve_severity_score": 0, "curve_severity_confidence": "high", "irc86_min_radius_m": 150, "entry_exit_distance_to_arterial_m": 916.05517647506781, "entry_exit_feasibility_score": 0, "entry_exit_feasibility_confidence": "medium", "land_availability_frac_built": 0.0, "land_availability_score": 0, "land_availability_confidence": "high", "habitation_building_count": 0, "habitation_population_sum": 4732.7548828125, "habitation_proximity_score": 0, "habitation_proximity_confidence": "high", "hydraulic_sensitivity_index": 0.76960963544467142, "hydraulic_sensitivity_confidence": "low", "composite_score": 0.19240240886116786, "severity_band": "low", "robust_hotspot": false }, "geometry": { "type": "LineString", "coordinates": [ [ 75.873719108842806, 26.78162842286801 ], [ 75.8747151254139, 26.78175454897357 ] ] } },
{ "type": "Feature", "properties": { "chainage_m": 29300, "segment_length_m": 100.0, "radius_m": 100000.0, "railway_crossing_score": 0, "railway_crossing_confidence": "high", "metro_interface_score": 0, "metro_interface_confidence": "high", "existing_elevated_structure_score": 0, "existing_elevated_structure_confidence": "high", "major_arterial_crossing_score": 0, "major_arterial_crossing_confidence": "high", "restricted_military_area_score": 0, "restricted_military_area_confidence": "low", "eht_line_crossing_score": 0, "eht_line_crossing_confidence": "low", "dam_check_structure_score": 0, "dam_check_structure_confidence": "medium", "curve_severity_score": 0, "curve_severity_confidence": "high", "irc86_min_radius_m": 150, "entry_exit_distance_to_arterial_m": 1014.7815870708143, "entry_exit_feasibility_score": 0, "entry_exit_feasibility_confidence": "medium", "land_availability_frac_built": 0.0, "land_availability_score": 0, "land_availability_confidence": "high", "habitation_building_count": 0, "habitation_population_sum": 4732.7548828125, "habitation_proximity_score": 0, "habitation_proximity_confidence": "high", "hydraulic_sensitivity_index": 0.76960963544467142, "hydraulic_sensitivity_confidence": "low", "composite_score": 0.19240240886116786, "severity_band": "low", "robust_hotspot": false }, "geometry": { "type": "LineString", "coordinates": [ [ 75.8747151254139, 26.78175454897357 ], [ 75.875711143979245, 26.781880668019625 ] ] } },
{ "type": "Feature", "properties": { "chainage_m": 29400, "segment_length_m": 100.0, "radius_m": 100000.0, "railway_crossing_score": 0, "railway_crossing_confidence": "high", "metro_interface_score": 0, "metro_interface_confidence": "high", "existing_elevated_structure_score": 0, "existing_elevated_structure_confidence": "high", "major_arterial_crossing_score": 0, "major_arterial_crossing_confidence": "high", "restricted_military_area_score": 0, "restricted_military_area_confidence": "low", "eht_line_crossing_score": 0, "eht_line_crossing_confidence": "low", "dam_check_structure_score": 0, "dam_check_structure_confidence": "medium", "curve_severity_score": 0, "curve_severity_confidence": "high", "irc86_min_radius_m": 150, "entry_exit_distance_to_arterial_m": 1113.5079976667016, "entry_exit_feasibility_score": 0, "entry_exit_feasibility_confidence": "medium", "land_availability_frac_built": 0.0, "land_availability_score": 0, "land_availability_confidence": "high", "habitation_building_count": 0, "habitation_population_sum": 2253.621337890625, "habitation_proximity_score": 0, "habitation_proximity_confidence": "high", "hydraulic_sensitivity_index": 0.76960963544467142, "hydraulic_sensitivity_confidence": "low", "composite_score": 0.19240240886116786, "severity_band": "low", "robust_hotspot": false }, "geometry": { "type": "LineString", "coordinates": [ [ 75.875711143979245, 26.781880668019625 ], [ 75.876707164538516, 26.782006780006057 ] ] } },
{ "type": "Feature", "properties": { "chainage_m": 29500, "segment_length_m": 100.0, "radius_m": 100000.0, "railway_crossing_score": 0, "railway_crossing_confidence": "high", "metro_interface_score": 0, "metro_interface_confidence": "high", "existing_elevated_structure_score": 0, "existing_elevated_structure_confidence": "high", "major_arterial_crossing_score": 0, "major_arterial_crossing_confidence": "high", "restricted_military_area_score": 0, "restricted_military_area_confidence": "low", "eht_line_crossing_score": 0, "eht_line_crossing_confidence": "low", "dam_check_structure_score": 0, "dam_check_structure_confidence": "medium", "curve_severity_score": 0, "curve_severity_confidence": "high", "irc86_min_radius_m": 150, "entry_exit_distance_to_arterial_m": 1212.2527350084952, "entry_exit_feasibility_score": 0, "entry_exit_feasibility_confidence": "medium", "land_availability_frac_built": 0.0, "land_availability_score": 0, "land_availability_confidence": "high", "habitation_building_count": 0, "habitation_population_sum": 3261.32080078125, "habitation_proximity_score": 0, "habitation_proximity_confidence": "high", "hydraulic_sensitivity_index": 0.76960963544467142, "hydraulic_sensitivity_confidence": "low", "composite_score": 0.19240240886116786, "severity_band": "low", "robust_hotspot": false }, "geometry": { "type": "LineString", "coordinates": [ [ 75.876707164538516, 26.782006780006057 ], [ 75.877703187091342, 26.782132884932761 ] ] } },
{ "type": "Feature", "properties": { "chainage_m": 29600, "segment_length_m": 100.0, "radius_m": 100000.0, "railway_crossing_score": 0, "railway_crossing_confidence": "high", "metro_interface_score": 0, "metro_interface_confidence": "high", "existing_elevated_structure_score": 0, "existing_elevated_structure_confidence": "high", "major_arterial_crossing_score": 0, "major_arterial_crossing_confidence": "high", "restricted_military_area_score": 0, "restricted_military_area_confidence": "low", "eht_line_crossing_score": 0, "eht_line_crossing_confidence": "low", "dam_check_structure_score": 0, "dam_check_structure_confidence": "medium", "curve_severity_score": 0, "curve_severity_confidence": "high", "irc86_min_radius_m": 150, "entry_exit_distance_to_arterial_m": 1311.1178283561576, "entry_exit_feasibility_score": 1, "entry_exit_feasibility_confidence": "medium", "land_availability_frac_built": 0.0, "land_availability_score": 0, "land_availability_confidence": "high", "habitation_building_count": 0, "habitation_population_sum": 3261.32080078125, "habitation_proximity_score": 0, "habitation_proximity_confidence": "high", "hydraulic_sensitivity_index": 0.76960963544467142, "hydraulic_sensitivity_confidence": "low", "composite_score": 0.2757357421945012, "severity_band": "low", "robust_hotspot": false }, "geometry": { "type": "LineString", "coordinates": [ [ 75.877703187091342, 26.782132884932761 ], [ 75.878699211637425, 26.782258982799622 ] ] } },
{ "type": "Feature", "properties": { "chainage_m": 29700, "segment_length_m": 100.0, "radius_m": 100000.0, "railway_crossing_score": 0, "railway_crossing_confidence": "high", "metro_interface_score": 0, "metro_interface_confidence": "high", "existing_elevated_structure_score": 0, "existing_elevated_structure_confidence": "high", "major_arterial_crossing_score": 0, "major_arterial_crossing_confidence": "high", "restricted_military_area_score": 0, "restricted_military_area_confidence": "low", "eht_line_crossing_score": 0, "eht_line_crossing_confidence": "low", "dam_check_structure_score": 0, "dam_check_structure_confidence": "medium", "curve_severity_score": 0, "curve_severity_confidence": "high", "irc86_min_radius_m": 150, "entry_exit_distance_to_arterial_m": 1409.9934718295149, "entry_exit_feasibility_score": 1, "entry_exit_feasibility_confidence": "medium", "land_availability_frac_built": 0.0, "land_availability_score": 0, "land_availability_confidence": "high", "habitation_building_count": 0, "habitation_population_sum": 3261.32080078125, "habitation_proximity_score": 0, "habitation_proximity_confidence": "high", "hydraulic_sensitivity_index": 0.76960963544467142, "hydraulic_sensitivity_confidence": "low", "composite_score": 0.2757357421945012, "severity_band": "low", "robust_hotspot": false }, "geometry": { "type": "LineString", "coordinates": [ [ 75.878699211637425, 26.782258982799622 ], [ 75.879695238176382, 26.782385073606534 ] ] } },
{ "type": "Feature", "properties": { "chainage_m": 29800, "segment_length_m": 100.0, "radius_m": 100000.0, "railway_crossing_score": 0, "railway_crossing_confidence": "high", "metro_interface_score": 0, "metro_interface_confidence": "high", "existing_elevated_structure_score": 0, "existing_elevated_structure_confidence": "high", "major_arterial_crossing_score": 0, "major_arterial_crossing_confidence": "high", "restricted_military_area_score": 0, "restricted_military_area_confidence": "low", "eht_line_crossing_score": 0, "eht_line_crossing_confidence": "low", "dam_check_structure_score": 0, "dam_check_structure_confidence": "medium", "curve_severity_score": 0, "curve_severity_confidence": "high", "irc86_min_radius_m": 150, "entry_exit_distance_to_arterial_m": 1508.8691153030088, "entry_exit_feasibility_score": 1, "entry_exit_feasibility_confidence": "medium", "land_availability_frac_built": 0.0, "land_availability_score": 0, "land_availability_confidence": "high", "habitation_building_count": 0, "habitation_population_sum": 3261.32080078125, "habitation_proximity_score": 0, "habitation_proximity_confidence": "high", "hydraulic_sensitivity_index": 0.76960963544467142, "hydraulic_sensitivity_confidence": "low", "composite_score": 0.2757357421945012, "severity_band": "low", "robust_hotspot": false }, "geometry": { "type": "LineString", "coordinates": [ [ 75.879695238176382, 26.782385073606534 ], [ 75.880691266707885, 26.782511157353373 ] ] } },
{ "type": "Feature", "properties": { "chainage_m": 29900, "segment_length_m": 100.0, "radius_m": 100000.0, "railway_crossing_score": 0, "railway_crossing_confidence": "high", "metro_interface_score": 0, "metro_interface_confidence": "high", "existing_elevated_structure_score": 0, "existing_elevated_structure_confidence": "high", "major_arterial_crossing_score": 0, "major_arterial_crossing_confidence": "high", "restricted_military_area_score": 0, "restricted_military_area_confidence": "low", "eht_line_crossing_score": 0, "eht_line_crossing_confidence": "low", "dam_check_structure_score": 0, "dam_check_structure_confidence": "medium", "curve_severity_score": 0, "curve_severity_confidence": "high", "irc86_min_radius_m": 150, "entry_exit_distance_to_arterial_m": 1607.7447587763663, "entry_exit_feasibility_score": 1, "entry_exit_feasibility_confidence": "medium", "land_availability_frac_built": 0.0, "land_availability_score": 0, "land_availability_confidence": "high", "habitation_building_count": 0, "habitation_population_sum": 6034.8291015625, "habitation_proximity_score": 0, "habitation_proximity_confidence": "high", "hydraulic_sensitivity_index": 0.76960963544467142, "hydraulic_sensitivity_confidence": "low", "composite_score": 0.2757357421945012, "severity_band": "low", "robust_hotspot": false }, "geometry": { "type": "LineString", "coordinates": [ [ 75.880691266707885, 26.782511157353373 ], [ 75.881687297231608, 26.782637234040042 ] ] } },
{ "type": "Feature", "properties": { "chainage_m": 30000, "segment_length_m": 100.0, "radius_m": 259.39221010292363, "railway_crossing_score": 0, "railway_crossing_confidence": "high", "metro_interface_score": 0, "metro_interface_confidence": "high", "existing_elevated_structure_score": 0, "existing_elevated_structure_confidence": "high", "major_arterial_crossing_score": 0, "major_arterial_crossing_confidence": "high", "restricted_military_area_score": 0, "restricted_military_area_confidence": "low", "eht_line_crossing_score": 0, "eht_line_crossing_confidence": "low", "dam_check_structure_score": 0, "dam_check_structure_confidence": "medium", "curve_severity_score": 0, "curve_severity_confidence": "high", "irc86_min_radius_m": 150, "entry_exit_distance_to_arterial_m": 1706.6204022497241, "entry_exit_feasibility_score": 1, "entry_exit_feasibility_confidence": "medium", "land_availability_frac_built": 0.0, "land_availability_score": 0, "land_availability_confidence": "high", "habitation_building_count": 0, "habitation_population_sum": 6034.8291015625, "habitation_proximity_score": 0, "habitation_proximity_confidence": "high", "hydraulic_sensitivity_index": 0.76960963544467142, "hydraulic_sensitivity_confidence": "low", "composite_score": 0.2757357421945012, "severity_band": "low", "robust_hotspot": false }, "geometry": { "type": "LineString", "coordinates": [ [ 75.881687297231608, 26.782637234040042 ], [ 75.882131578731673, 26.782693468451747 ], [ 75.882610158905223, 26.782437331858084 ] ] } },
{ "type": "Feature", "properties": { "chainage_m": 30100, "segment_length_m": 100.0, "radius_m": 324.23809108078154, "railway_crossing_score": 0, "railway_crossing_confidence": "high", "metro_interface_score": 0, "metro_interface_confidence": "high", "existing_elevated_structure_score": 0, "existing_elevated_structure_confidence": "high", "major_arterial_crossing_score": 0, "major_arterial_crossing_confidence": "high", "restricted_military_area_score": 0, "restricted_military_area_confidence": "low", "eht_line_crossing_score": 3, "eht_line_crossing_confidence": "low", "dam_check_structure_score": 0, "dam_check_structure_confidence": "medium", "curve_severity_score": 0, "curve_severity_confidence": "high", "irc86_min_radius_m": 150, "entry_exit_distance_to_arterial_m": 1787.963456395657, "entry_exit_feasibility_score": 1, "entry_exit_feasibility_confidence": "medium", "land_availability_frac_built": 0.0, "land_availability_score": 0, "land_availability_confidence": "high", "habitation_building_count": 0, "habitation_population_sum": 6034.8291015625, "habitation_proximity_score": 0, "habitation_proximity_confidence": "high", "hydraulic_sensitivity_index": 0.76960963544467142, "hydraulic_sensitivity_confidence": "low", "composite_score": 0.52573574219450114, "severity_band": "medium", "robust_hotspot": false }, "geometry": { "type": "LineString", "coordinates": [ [ 75.882610158905223, 26.782437331858084 ], [ 75.883474096745218, 26.781974944512502 ] ] } },
{ "type": "Feature", "properties": { "chainage_m": 30200, "segment_length_m": 100.0, "radius_m": 100000.0, "railway_crossing_score": 0, "railway_crossing_confidence": "high", "metro_interface_score": 0, "metro_interface_confidence": "high", "existing_elevated_structure_score": 0, "existing_elevated_structure_confidence": "high", "major_arterial_crossing_score": 0, "major_arterial_crossing_confidence": "high", "restricted_military_area_score": 0, "restricted_military_area_confidence": "low", "eht_line_crossing_score": 3, "eht_line_crossing_confidence": "low", "dam_check_structure_score": 0, "dam_check_structure_confidence": "medium", "curve_severity_score": 0, "curve_severity_confidence": "high", "irc86_min_radius_m": 150, "entry_exit_distance_to_arterial_m": 1855.778444436485, "entry_exit_feasibility_score": 1, "entry_exit_feasibility_confidence": "medium", "land_availability_frac_built": 0.0, "land_availability_score": 0, "land_availability_confidence": "high", "habitation_building_count": 0, "habitation_population_sum": 1934.3406982421875, "habitation_proximity_score": 0, "habitation_proximity_confidence": "high", "hydraulic_sensitivity_index": 0.76960963544467142, "hydraulic_sensitivity_confidence": "low", "composite_score": 0.52573574219450114, "severity_band": "medium", "robust_hotspot": false }, "geometry": { "type": "LineString", "coordinates": [ [ 75.883474096745218, 26.781974944512502 ], [ 75.884338027479501, 26.781512552040045 ] ] } },
{ "type": "Feature", "properties": { "chainage_m": 30300, "segment_length_m": 100.0, "radius_m": 100000.0, "railway_crossing_score": 0, "railway_crossing_confidence": "high", "metro_interface_score": 0, "metro_interface_confidence": "high", "existing_elevated_structure_score": 0, "existing_elevated_structure_confidence": "high", "major_arterial_crossing_score": 0, "major_arterial_crossing_confidence": "high", "restricted_military_area_score": 0, "restricted_military_area_confidence": "low", "eht_line_crossing_score": 3, "eht_line_crossing_confidence": "low", "dam_check_structure_score": 0, "dam_check_structure_confidence": "medium", "curve_severity_score": 0, "curve_severity_confidence": "high", "irc86_min_radius_m": 150, "entry_exit_distance_to_arterial_m": 1924.7863596002849, "entry_exit_feasibility_score": 1, "entry_exit_feasibility_confidence": "medium", "land_availability_frac_built": 0.0, "land_availability_score": 0, "land_availability_confidence": "high", "habitation_building_count": 0, "habitation_population_sum": 1934.3406982421875, "habitation_proximity_score": 0, "habitation_proximity_confidence": "high", "hydraulic_sensitivity_index": 0.76960963544467142, "hydraulic_sensitivity_confidence": "low", "composite_score": 0.52573574219450114, "severity_band": "medium", "robust_hotspot": false }, "geometry": { "type": "LineString", "coordinates": [ [ 75.884338027479501, 26.781512552040045 ], [ 75.885201951108058, 26.781050154441026 ] ] } },
{ "type": "Feature", "properties": { "chainage_m": 30400, "segment_length_m": 100.0, "radius_m": 100000.0, "railway_crossing_score": 0, "railway_crossing_confidence": "high", "metro_interface_score": 0, "metro_interface_confidence": "high", "existing_elevated_structure_score": 0, "existing_elevated_structure_confidence": "high", "major_arterial_crossing_score": 0, "major_arterial_crossing_confidence": "high", "restricted_military_area_score": 0, "restricted_military_area_confidence": "low", "eht_line_crossing_score": 3, "eht_line_crossing_confidence": "low", "dam_check_structure_score": 0, "dam_check_structure_confidence": "medium", "curve_severity_score": 0, "curve_severity_confidence": "high", "irc86_min_radius_m": 150, "entry_exit_distance_to_arterial_m": 1995.0595560720972, "entry_exit_feasibility_score": 1, "entry_exit_feasibility_confidence": "medium", "land_availability_frac_built": 0.0, "land_availability_score": 0, "land_availability_confidence": "high", "habitation_building_count": 0, "habitation_population_sum": 1934.3406982421875, "habitation_proximity_score": 0, "habitation_proximity_confidence": "high", "hydraulic_sensitivity_index": 0.76960963544467142, "hydraulic_sensitivity_confidence": "low", "composite_score": 0.52573574219450114, "severity_band": "medium", "robust_hotspot": false }, "geometry": { "type": "LineString", "coordinates": [ [ 75.885201951108058, 26.781050154441026 ], [ 75.886065867630947, 26.78058775171576 ] ] } },
{ "type": "Feature", "properties": { "chainage_m": 30500, "segment_length_m": 100.0, "radius_m": 100000.0, "railway_crossing_score": 0, "railway_crossing_confidence": "high", "metro_interface_score": 0, "metro_interface_confidence": "high", "existing_elevated_structure_score": 0, "existing_elevated_structure_confidence": "high", "major_arterial_crossing_score": 0, "major_arterial_crossing_confidence": "high", "restricted_military_area_score": 0, "restricted_military_area_confidence": "low", "eht_line_crossing_score": 3, "eht_line_crossing_confidence": "low", "dam_check_structure_score": 3, "dam_check_structure_confidence": "medium", "curve_severity_score": 0, "curve_severity_confidence": "high", "irc86_min_radius_m": 150, "entry_exit_distance_to_arterial_m": 2065.5603573423186, "entry_exit_feasibility_score": 1, "entry_exit_feasibility_confidence": "medium", "land_availability_frac_built": 0.0, "land_availability_score": 0, "land_availability_confidence": "high", "habitation_building_count": 0, "habitation_population_sum": 1934.3406982421875, "habitation_proximity_score": 0, "habitation_proximity_confidence": "high", "hydraulic_sensitivity_index": 0.76960963544467142, "hydraulic_sensitivity_confidence": "low", "composite_score": 0.77573574219450114, "severity_band": "high", "robust_hotspot": false }, "geometry": { "type": "LineString", "coordinates": [ [ 75.886065867630947, 26.78058775171576 ], [ 75.886929777048167, 26.780125343864576 ] ] } },
{ "type": "Feature", "properties": { "chainage_m": 30600, "segment_length_m": 100.0, "radius_m": 100000.0, "railway_crossing_score": 0, "railway_crossing_confidence": "high", "metro_interface_score": 0, "metro_interface_confidence": "high", "existing_elevated_structure_score": 0, "existing_elevated_structure_confidence": "high", "major_arterial_crossing_score": 0, "major_arterial_crossing_confidence": "high", "restricted_military_area_score": 0, "restricted_military_area_confidence": "low", "eht_line_crossing_score": 0, "eht_line_crossing_confidence": "low", "dam_check_structure_score": 3, "dam_check_structure_confidence": "medium", "curve_severity_score": 0, "curve_severity_confidence": "high", "irc86_min_radius_m": 150, "entry_exit_distance_to_arterial_m": 2136.3589198097202, "entry_exit_feasibility_score": 1, "entry_exit_feasibility_confidence": "medium", "land_availability_frac_built": 0.0, "land_availability_score": 0, "land_availability_confidence": "high", "habitation_building_count": 0, "habitation_population_sum": 1934.3406982421875, "habitation_proximity_score": 0, "habitation_proximity_confidence": "high", "hydraulic_sensitivity_index": 0.76960963544467142, "hydraulic_sensitivity_confidence": "low", "composite_score": 0.52573574219450114, "severity_band": "medium", "robust_hotspot": false }, "geometry": { "type": "LineString", "coordinates": [ [ 75.886929777048167, 26.780125343864576 ], [ 75.887793679359731, 26.779662930887781 ] ] } },
{ "type": "Feature", "properties": { "chainage_m": 30700, "segment_length_m": 100.0, "radius_m": 100000.0, "railway_crossing_score": 0, "railway_crossing_confidence": "high", "metro_interface_score": 0, "metro_interface_confidence": "high", "existing_elevated_structure_score": 0, "existing_elevated_structure_confidence": "high", "major_arterial_crossing_score": 0, "major_arterial_crossing_confidence": "high", "restricted_military_area_score": 0, "restricted_military_area_confidence": "low", "eht_line_crossing_score": 3, "eht_line_crossing_confidence": "low", "dam_check_structure_score": 3, "dam_check_structure_confidence": "medium", "curve_severity_score": 0, "curve_severity_confidence": "high", "irc86_min_radius_m": 150, "entry_exit_distance_to_arterial_m": 2207.15818283526, "entry_exit_feasibility_score": 1, "entry_exit_feasibility_confidence": "medium", "land_availability_frac_built": 0.0, "land_availability_score": 0, "land_availability_confidence": "high", "habitation_building_count": 0, "habitation_population_sum": 1934.3406982421875, "habitation_proximity_score": 0, "habitation_proximity_confidence": "high", "hydraulic_sensitivity_index": 0.76960963544467142, "hydraulic_sensitivity_confidence": "low", "composite_score": 0.77573574219450114, "severity_band": "high", "robust_hotspot": false }, "geometry": { "type": "LineString", "coordinates": [ [ 75.887793679359731, 26.779662930887781 ], [ 75.88865757456567, 26.77920051278571 ] ] } },
{ "type": "Feature", "properties": { "chainage_m": 30800, "segment_length_m": 100.0, "radius_m": 100000.0, "railway_crossing_score": 0, "railway_crossing_confidence": "high", "metro_interface_score": 0, "metro_interface_confidence": "high", "existing_elevated_structure_score": 0, "existing_elevated_structure_confidence": "high", "major_arterial_crossing_score": 0, "major_arterial_crossing_confidence": "high", "restricted_military_area_score": 0, "restricted_military_area_confidence": "low", "eht_line_crossing_score": 3, "eht_line_crossing_confidence": "low", "dam_check_structure_score": 0, "dam_check_structure_confidence": "medium", "curve_severity_score": 0, "curve_severity_confidence": "high", "irc86_min_radius_m": 150, "entry_exit_distance_to_arterial_m": 2279.1056983633753, "entry_exit_feasibility_score": 1, "entry_exit_feasibility_confidence": "medium", "land_availability_frac_built": 0.0, "land_availability_score": 0, "land_availability_confidence": "high", "habitation_building_count": 0, "habitation_population_sum": 2820.82177734375, "habitation_proximity_score": 0, "habitation_proximity_confidence": "high", "hydraulic_sensitivity_index": 0.76960963544467142, "hydraulic_sensitivity_confidence": "low", "composite_score": 0.52573574219450114, "severity_band": "medium", "robust_hotspot": false }, "geometry": { "type": "LineString", "coordinates": [ [ 75.88865757456567, 26.77920051278571 ], [ 75.889521462665996, 26.778738089558665 ] ] } },
{ "type": "Feature", "properties": { "chainage_m": 30900, "segment_length_m": 100.0, "radius_m": 100000.0, "railway_crossing_score": 0, "railway_crossing_confidence": "high", "metro_interface_score": 0, "metro_interface_confidence": "high", "existing_elevated_structure_score": 0, "existing_elevated_structure_confidence": "high", "major_arterial_crossing_score": 0, "major_arterial_crossing_confidence": "high", "restricted_military_area_score": 0, "restricted_military_area_confidence": "low", "eht_line_crossing_score": 3, "eht_line_crossing_confidence": "low", "dam_check_structure_score": 0, "dam_check_structure_confidence": "medium", "curve_severity_score": 0, "curve_severity_confidence": "high", "irc86_min_radius_m": 150, "entry_exit_distance_to_arterial_m": 2353.1039765740588, "entry_exit_feasibility_score": 1, "entry_exit_feasibility_confidence": "medium", "land_availability_frac_built": 0.0, "land_availability_score": 0, "land_availability_confidence": "high", "habitation_building_count": 0, "habitation_population_sum": 2820.82177734375, "habitation_proximity_score": 0, "habitation_proximity_confidence": "high", "hydraulic_sensitivity_index": 0.76960963544467142, "hydraulic_sensitivity_confidence": "low", "composite_score": 0.52573574219450114, "severity_band": "medium", "robust_hotspot": false }, "geometry": { "type": "LineString", "coordinates": [ [ 75.889521462665996, 26.778738089558665 ], [ 75.890385343660753, 26.778275661206969 ] ] } },
{ "type": "Feature", "properties": { "chainage_m": 31000, "segment_length_m": 100.0, "radius_m": 100000.0, "railway_crossing_score": 0, "railway_crossing_confidence": "high", "metro_interface_score": 0, "metro_interface_confidence": "high", "existing_elevated_structure_score": 0, "existing_elevated_structure_confidence": "high", "major_arterial_crossing_score": 0, "major_arterial_crossing_confidence": "high", "restricted_military_area_score": 0, "restricted_military_area_confidence": "low", "eht_line_crossing_score": 3, "eht_line_crossing_confidence": "low", "dam_check_structure_score": 0, "dam_check_structure_confidence": "medium", "curve_severity_score": 0, "curve_severity_confidence": "high", "irc86_min_radius_m": 150, "entry_exit_distance_to_arterial_m": 2428.8876272576799, "entry_exit_feasibility_score": 1, "entry_exit_feasibility_confidence": "medium", "land_availability_frac_built": 0.0, "land_availability_score": 0, "land_availability_confidence": "high", "habitation_building_count": 0, "habitation_population_sum": 2820.82177734375, "habitation_proximity_score": 0, "habitation_proximity_confidence": "high", "hydraulic_sensitivity_index": 0.76960963544467142, "hydraulic_sensitivity_confidence": "low", "composite_score": 0.52573574219450114, "severity_band": "medium", "robust_hotspot": false }, "geometry": { "type": "LineString", "coordinates": [ [ 75.890385343660753, 26.778275661206969 ], [ 75.891249217549912, 26.777813227730935 ] ] } },
{ "type": "Feature", "properties": { "chainage_m": 31100, "segment_length_m": 100.0, "radius_m": 100000.0, "railway_crossing_score": 0, "railway_crossing_confidence": "high", "metro_interface_score": 0, "metro_interface_confidence": "high", "existing_elevated_structure_score": 0, "existing_elevated_structure_confidence": "high", "major_arterial_crossing_score": 0, "major_arterial_crossing_confidence": "high", "restricted_military_area_score": 0, "restricted_military_area_confidence": "low", "eht_line_crossing_score": 0, "eht_line_crossing_confidence": "low", "dam_check_structure_score": 0, "dam_check_structure_confidence": "medium", "curve_severity_score": 0, "curve_severity_confidence": "high", "irc86_min_radius_m": 150, "entry_exit_distance_to_arterial_m": 2504.9993082633173, "entry_exit_feasibility_score": 1, "entry_exit_feasibility_confidence": "medium", "land_availability_frac_built": 0.0, "land_availability_score": 0, "land_availability_confidence": "high", "habitation_building_count": 0, "habitation_population_sum": 2820.82177734375, "habitation_proximity_score": 0, "habitation_proximity_confidence": "high", "hydraulic_sensitivity_index": 0.76960963544467142, "hydraulic_sensitivity_confidence": "low", "composite_score": 0.2757357421945012, "severity_band": "low", "robust_hotspot": false }, "geometry": { "type": "LineString", "coordinates": [ [ 75.891249217549912, 26.777813227730935 ], [ 75.892113084333531, 26.777350789130896 ] ] } },
{ "type": "Feature", "properties": { "chainage_m": 31200, "segment_length_m": 100.0, "radius_m": 100000.0, "railway_crossing_score": 0, "railway_crossing_confidence": "high", "metro_interface_score": 0, "metro_interface_confidence": "high", "existing_elevated_structure_score": 0, "existing_elevated_structure_confidence": "high", "major_arterial_crossing_score": 0, "major_arterial_crossing_confidence": "high", "restricted_military_area_score": 0, "restricted_military_area_confidence": "low", "eht_line_crossing_score": 0, "eht_line_crossing_confidence": "low", "dam_check_structure_score": 0, "dam_check_structure_confidence": "medium", "curve_severity_score": 0, "curve_severity_confidence": "high", "irc86_min_radius_m": 150, "entry_exit_distance_to_arterial_m": 2580.4861097012686, "entry_exit_feasibility_score": 1, "entry_exit_feasibility_confidence": "medium", "land_availability_frac_built": 0.0, "land_availability_score": 0, "land_availability_confidence": "high", "habitation_building_count": 0, "habitation_population_sum": 886.4810791015625, "habitation_proximity_score": 0, "habitation_proximity_confidence": "high", "hydraulic_sensitivity_index": 0.76960963544467142, "hydraulic_sensitivity_confidence": "low", "composite_score": 0.2757357421945012, "severity_band": "low", "robust_hotspot": false }, "geometry": { "type": "LineString", "coordinates": [ [ 75.892113084333531, 26.777350789130896 ], [ 75.892976944011636, 26.776888345407148 ] ] } },
{ "type": "Feature", "properties": { "chainage_m": 31300, "segment_length_m": 100.0, "radius_m": 100000.0, "railway_crossing_score": 0, "railway_crossing_confidence": "high", "metro_interface_score": 0, "metro_interface_confidence": "high", "existing_elevated_structure_score": 0, "existing_elevated_structure_confidence": "high", "major_arterial_crossing_score": 0, "major_arterial_crossing_confidence": "high", "restricted_military_area_score": 0, "restricted_military_area_confidence": "low", "eht_line_crossing_score": 0, "eht_line_crossing_confidence": "low", "dam_check_structure_score": 0, "dam_check_structure_confidence": "medium", "curve_severity_score": 0, "curve_severity_confidence": "high", "irc86_min_radius_m": 150, "entry_exit_distance_to_arterial_m": 2657.5838495687817, "entry_exit_feasibility_score": 1, "entry_exit_feasibility_confidence": "medium", "land_availability_frac_built": 0.0, "land_availability_score": 0, "land_availability_confidence": "high", "habitation_building_count": 0, "habitation_population_sum": 886.4810791015625, "habitation_proximity_score": 0, "habitation_proximity_confidence": "high", "hydraulic_sensitivity_index": 0.76960963544467142, "hydraulic_sensitivity_confidence": "low", "composite_score": 0.2757357421945012, "severity_band": "low", "robust_hotspot": false }, "geometry": { "type": "LineString", "coordinates": [ [ 75.892976944011636, 26.776888345407148 ], [ 75.893840796584215, 26.776425896560028 ] ] } },
{ "type": "Feature", "properties": { "chainage_m": 31400, "segment_length_m": 100.0, "radius_m": 100000.0, "railway_crossing_score": 0, "railway_crossing_confidence": "high", "metro_interface_score": 0, "metro_interface_confidence": "high", "existing_elevated_structure_score": 0, "existing_elevated_structure_confidence": "high", "major_arterial_crossing_score": 0, "major_arterial_crossing_confidence": "high", "restricted_military_area_score": 0, "restricted_military_area_confidence": "low", "eht_line_crossing_score": 0, "eht_line_crossing_confidence": "low", "dam_check_structure_score": 0, "dam_check_structure_confidence": "medium", "curve_severity_score": 0, "curve_severity_confidence": "high", "irc86_min_radius_m": 150, "entry_exit_distance_to_arterial_m": 2736.0624771600214, "entry_exit_feasibility_score": 1, "entry_exit_feasibility_confidence": "medium", "land_availability_frac_built": 0.0, "land_availability_score": 0, "land_availability_confidence": "high", "habitation_building_count": 0, "habitation_population_sum": 886.4810791015625, "habitation_proximity_score": 0, "habitation_proximity_confidence": "high", "hydraulic_sensitivity_index": 0.76960963544467142, "hydraulic_sensitivity_confidence": "low", "composite_score": 0.2757357421945012, "severity_band": "low", "robust_hotspot": false }, "geometry": { "type": "LineString", "coordinates": [ [ 75.893840796584215, 26.776425896560028 ], [ 75.894704642051295, 26.775963442589852 ] ] } },
{ "type": "Feature", "properties": { "chainage_m": 31500, "segment_length_m": 100.0, "radius_m": 100000.0, "railway_crossing_score": 0, "railway_crossing_confidence": "high", "metro_interface_score": 0, "metro_interface_confidence": "high", "existing_elevated_structure_score": 0, "existing_elevated_structure_confidence": "high", "major_arterial_crossing_score": 0, "major_arterial_crossing_confidence": "high", "restricted_military_area_score": 0, "restricted_military_area_confidence": "low", "eht_line_crossing_score": 0, "eht_line_crossing_confidence": "low", "dam_check_structure_score": 0, "dam_check_structure_confidence": "medium", "curve_severity_score": 0, "curve_severity_confidence": "high", "irc86_min_radius_m": 150, "entry_exit_distance_to_arterial_m": 2815.0723533096148, "entry_exit_feasibility_score": 1, "entry_exit_feasibility_confidence": "medium", "land_availability_frac_built": 0.0, "land_availability_score": 0, "land_availability_confidence": "high", "habitation_building_count": 0, "habitation_population_sum": 886.4810791015625, "habitation_proximity_score": 0, "habitation_proximity_confidence": "high", "hydraulic_sensitivity_index": 0.76960963544467142, "hydraulic_sensitivity_confidence": "low", "composite_score": 0.2757357421945012, "severity_band": "low", "robust_hotspot": false }, "geometry": { "type": "LineString", "coordinates": [ [ 75.894704642051295, 26.775963442589852 ], [ 75.895568480412905, 26.775500983496919 ] ] } },
{ "type": "Feature", "properties": { "chainage_m": 31600, "segment_length_m": 100.0, "radius_m": 100000.0, "railway_crossing_score": 0, "railway_crossing_confidence": "high", "metro_interface_score": 0, "metro_interface_confidence": "high", "existing_elevated_structure_score": 0, "existing_elevated_structure_confidence": "high", "major_arterial_crossing_score": 0, "major_arterial_crossing_confidence": "high", "restricted_military_area_score": 0, "restricted_military_area_confidence": "low", "eht_line_crossing_score": 0, "eht_line_crossing_confidence": "low", "dam_check_structure_score": 0, "dam_check_structure_confidence": "medium", "curve_severity_score": 0, "curve_severity_confidence": "high", "irc86_min_radius_m": 150, "entry_exit_distance_to_arterial_m": 2892.1066053958484, "entry_exit_feasibility_score": 1, "entry_exit_feasibility_confidence": "medium", "land_availability_frac_built": 0.0, "land_availability_score": 0, "land_availability_confidence": "high", "habitation_building_count": 0, "habitation_population_sum": 1610.04052734375, "habitation_proximity_score": 0, "habitation_proximity_confidence": "high", "hydraulic_sensitivity_index": 0.76960963544467142, "hydraulic_sensitivity_confidence": "low", "composite_score": 0.2757357421945012, "severity_band": "low", "robust_hotspot": false }, "geometry": { "type": "LineString", "coordinates": [ [ 75.895568480412905, 26.775500983496919 ], [ 75.896432311669074, 26.775038519281573 ] ] } },
{ "type": "Feature", "properties": { "chainage_m": 31700, "segment_length_m": 100.0, "radius_m": 100000.0, "railway_crossing_score": 0, "railway_crossing_confidence": "high", "metro_interface_score": 0, "metro_interface_confidence": "high", "existing_elevated_structure_score": 0, "existing_elevated_structure_confidence": "high", "major_arterial_crossing_score": 0, "major_arterial_crossing_confidence": "high", "restricted_military_area_score": 0, "restricted_military_area_confidence": "low", "eht_line_crossing_score": 0, "eht_line_crossing_confidence": "low", "dam_check_structure_score": 0, "dam_check_structure_confidence": "medium", "curve_severity_score": 0, "curve_severity_confidence": "high", "irc86_min_radius_m": 150, "entry_exit_distance_to_arterial_m": 2968.841964633868, "entry_exit_feasibility_score": 1, "entry_exit_feasibility_confidence": "medium", "land_availability_frac_built": 0.0, "land_availability_score": 0, "land_availability_confidence": "high", "habitation_building_count": 0, "habitation_population_sum": 1610.04052734375, "habitation_proximity_score": 0, "habitation_proximity_confidence": "high", "hydraulic_sensitivity_index": 0.76960963544467142, "hydraulic_sensitivity_confidence": "low", "composite_score": 0.2757357421945012, "severity_band": "low", "robust_hotspot": false }, "geometry": { "type": "LineString", "coordinates": [ [ 75.896432311669074, 26.775038519281573 ], [ 75.897296135819786, 26.774576049944113 ] ] } },
{ "type": "Feature", "properties": { "chainage_m": 31800, "segment_length_m": 100.0, "radius_m": 100000.0, "railway_crossing_score": 0, "railway_crossing_confidence": "high", "metro_interface_score": 0, "metro_interface_confidence": "high", "existing_elevated_structure_score": 0, "existing_elevated_structure_confidence": "high", "major_arterial_crossing_score": 0, "major_arterial_crossing_confidence": "high", "restricted_military_area_score": 0, "restricted_military_area_confidence": "low", "eht_line_crossing_score": 0, "eht_line_crossing_confidence": "low", "dam_check_structure_score": 3, "dam_check_structure_confidence": "medium", "curve_severity_score": 0, "curve_severity_confidence": "high", "irc86_min_radius_m": 150, "entry_exit_distance_to_arterial_m": 3045.5773238718111, "entry_exit_feasibility_score": 1, "entry_exit_feasibility_confidence": "medium", "land_availability_frac_built": 0.0, "land_availability_score": 0, "land_availability_confidence": "high", "habitation_building_count": 0, "habitation_population_sum": 3665.39404296875, "habitation_proximity_score": 0, "habitation_proximity_confidence": "high", "hydraulic_sensitivity_index": 0.76960963544467142, "hydraulic_sensitivity_confidence": "low", "composite_score": 0.52573574219450114, "severity_band": "medium", "robust_hotspot": false }, "geometry": { "type": "LineString", "coordinates": [ [ 75.897296135819786, 26.774576049944113 ], [ 75.8981599528651, 26.774113575484879 ] ] } },
{ "type": "Feature", "properties": { "chainage_m": 31900, "segment_length_m": 100.0, "radius_m": 100000.0, "railway_crossing_score": 0, "railway_crossing_confidence": "high", "metro_interface_score": 0, "metro_interface_confidence": "high", "existing_elevated_structure_score": 0, "existing_elevated_structure_confidence": "high", "major_arterial_crossing_score": 0, "major_arterial_crossing_confidence": "high", "restricted_military_area_score": 0, "restricted_military_area_confidence": "low", "eht_line_crossing_score": 0, "eht_line_crossing_confidence": "low", "dam_check_structure_score": 0, "dam_check_structure_confidence": "medium", "curve_severity_score": 0, "curve_severity_confidence": "high", "irc86_min_radius_m": 150, "entry_exit_distance_to_arterial_m": 3122.3117523022133, "entry_exit_feasibility_score": 1, "entry_exit_feasibility_confidence": "medium", "land_availability_frac_built": 0.0, "land_availability_score": 0, "land_availability_confidence": "high", "habitation_building_count": 0, "habitation_population_sum": 3665.39404296875, "habitation_proximity_score": 0, "habitation_proximity_confidence": "high", "hydraulic_sensitivity_index": 0.76960963544467142, "hydraulic_sensitivity_confidence": "low", "composite_score": 0.2757357421945012, "severity_band": "low", "robust_hotspot": false }, "geometry": { "type": "LineString", "coordinates": [ [ 75.8981599528651, 26.774113575484879 ], [ 75.899023762805015, 26.77365109590416 ] ] } },
{ "type": "Feature", "properties": { "chainage_m": 32000, "segment_length_m": 100.0, "radius_m": 100000.0, "railway_crossing_score": 0, "railway_crossing_confidence": "high", "metro_interface_score": 0, "metro_interface_confidence": "high", "existing_elevated_structure_score": 0, "existing_elevated_structure_confidence": "high", "major_arterial_crossing_score": 0, "major_arterial_crossing_confidence": "high", "restricted_military_area_score": 0, "restricted_military_area_confidence": "low", "eht_line_crossing_score": 0, "eht_line_crossing_confidence": "low", "dam_check_structure_score": 0, "dam_check_structure_confidence": "medium", "curve_severity_score": 0, "curve_severity_confidence": "high", "irc86_min_radius_m": 150, "entry_exit_distance_to_arterial_m": 3199.0450662004664, "entry_exit_feasibility_score": 1, "entry_exit_feasibility_confidence": "medium", "land_availability_frac_built": 0.0, "land_availability_score": 0, "land_availability_confidence": "high", "habitation_building_count": 0, "habitation_population_sum": 1382.558837890625, "habitation_proximity_score": 0, "habitation_proximity_confidence": "high", "hydraulic_sensitivity_index": 0.76960963544467142, "hydraulic_sensitivity_confidence": "low", "composite_score": 0.2757357421945012, "severity_band": "low", "robust_hotspot": false }, "geometry": { "type": "LineString", "coordinates": [ [ 75.899023762805015, 26.77365109590416 ], [ 75.899887565639546, 26.773188611202286 ] ] } },
{ "type": "Feature", "properties": { "chainage_m": 32100, "segment_length_m": 100.0, "radius_m": 100000.0, "railway_crossing_score": 0, "railway_crossing_confidence": "high", "metro_interface_score": 0, "metro_interface_confidence": "high", "existing_elevated_structure_score": 0, "existing_elevated_structure_confidence": "high", "major_arterial_crossing_score": 0, "major_arterial_crossing_confidence": "high", "restricted_military_area_score": 0, "restricted_military_area_confidence": "low", "eht_line_crossing_score": 0, "eht_line_crossing_confidence": "low", "dam_check_structure_score": 3, "dam_check_structure_confidence": "medium", "curve_severity_score": 0, "curve_severity_confidence": "high", "irc86_min_radius_m": 150, "entry_exit_distance_to_arterial_m": 3275.7783800986435, "entry_exit_feasibility_score": 1, "entry_exit_feasibility_confidence": "medium", "land_availability_frac_built": 0.0, "land_availability_score": 0, "land_availability_confidence": "high", "habitation_building_count": 0, "habitation_population_sum": 658.9993896484375, "habitation_proximity_score": 0, "habitation_proximity_confidence": "high", "hydraulic_sensitivity_index": 0.76960963544467142, "hydraulic_sensitivity_confidence": "low", "composite_score": 0.52573574219450114, "severity_band": "medium", "robust_hotspot": false }, "geometry": { "type": "LineString", "coordinates": [ [ 75.899887565639546, 26.773188611202286 ], [ 75.900751361368734, 26.772726121379584 ] ] } },
{ "type": "Feature", "properties": { "chainage_m": 32200, "segment_length_m": 100.0, "radius_m": 1450.0694555582666, "railway_crossing_score": 0, "railway_crossing_confidence": "high", "metro_interface_score": 0, "metro_interface_confidence": "high", "existing_elevated_structure_score": 0, "existing_elevated_structure_confidence": "high", "major_arterial_crossing_score": 0, "major_arterial_crossing_confidence": "high", "restricted_military_area_score": 0, "restricted_military_area_confidence": "low", "eht_line_crossing_score": 0, "eht_line_crossing_confidence": "low", "dam_check_structure_score": 3, "dam_check_structure_confidence": "medium", "curve_severity_score": 0, "curve_severity_confidence": "high", "irc86_min_radius_m": 150, "entry_exit_distance_to_arterial_m": 3352.5116939968975, "entry_exit_feasibility_score": 1, "entry_exit_feasibility_confidence": "medium", "land_availability_frac_built": 0.0, "land_availability_score": 0, "land_availability_confidence": "high", "habitation_building_count": 0, "habitation_population_sum": 658.9993896484375, "habitation_proximity_score": 0, "habitation_proximity_confidence": "high", "hydraulic_sensitivity_index": 0.76960963544467142, "hydraulic_sensitivity_confidence": "low", "composite_score": 0.52573574219450114, "severity_band": "medium", "robust_hotspot": false }, "geometry": { "type": "LineString", "coordinates": [ [ 75.900751361368734, 26.772726121379584 ], [ 75.901544293483511, 26.772301565194159 ], [ 75.901620525499354, 26.77232989037994 ] ] } },
{ "type": "Feature", "properties": { "chainage_m": 32300, "segment_length_m": 100.0, "radius_m": 117.78838139890074, "railway_crossing_score": 0, "railway_crossing_confidence": "high", "metro_interface_score": 0, "metro_interface_confidence": "high", "existing_elevated_structure_score": 0, "existing_elevated_structure_confidence": "high", "major_arterial_crossing_score": 0, "major_arterial_crossing_confidence": "high", "restricted_military_area_score": 0, "restricted_military_area_confidence": "low", "eht_line_crossing_score": 0, "eht_line_crossing_confidence": "low", "dam_check_structure_score": 3, "dam_check_structure_confidence": "medium", "curve_severity_score": 3, "curve_severity_confidence": "high", "irc86_min_radius_m": 150, "entry_exit_distance_to_arterial_m": 3430.9296284894317, "entry_exit_feasibility_score": 1, "entry_exit_feasibility_confidence": "medium", "land_availability_frac_built": 0.0, "land_availability_score": 0, "land_availability_confidence": "high", "habitation_building_count": 0, "habitation_population_sum": 658.9993896484375, "habitation_proximity_score": 0, "habitation_proximity_confidence": "high", "hydraulic_sensitivity_index": 0.76960963544467142, "hydraulic_sensitivity_confidence": "low", "composite_score": 0.77573574219450114, "severity_band": "high", "robust_hotspot": false }, "geometry": { "type": "LineString", "coordinates": [ [ 75.901620525499354, 26.77232989037994 ], [ 75.90254984462338, 26.772675188807295 ] ] } },
{ "type": "Feature", "properties": { "chainage_m": 32400, "segment_length_m": 100.0, "radius_m": 100000.0, "railway_crossing_score": 0, "railway_crossing_confidence": "high", "metro_interface_score": 0, "metro_interface_confidence": "high", "existing_elevated_structure_score": 0, "existing_elevated_structure_confidence": "high", "major_arterial_crossing_score": 0, "major_arterial_crossing_confidence": "high", "restricted_military_area_score": 0, "restricted_military_area_confidence": "low", "eht_line_crossing_score": 0, "eht_line_crossing_confidence": "low", "dam_check_structure_score": 3, "dam_check_structure_confidence": "medium", "curve_severity_score": 0, "curve_severity_confidence": "high", "irc86_min_radius_m": 150, "entry_exit_distance_to_arterial_m": 3528.1995258334227, "entry_exit_feasibility_score": 1, "entry_exit_feasibility_confidence": "medium", "land_availability_frac_built": 0.0, "land_availability_score": 0, "land_availability_confidence": "high", "habitation_building_count": 0, "habitation_population_sum": 658.9993896484375, "habitation_proximity_score": 0, "habitation_proximity_confidence": "high", "hydraulic_sensitivity_index": 0.8824927411549629, "hydraulic_sensitivity_confidence": "low", "composite_score": 0.55395651862207407, "severity_band": "medium", "robust_hotspot": false }, "geometry": { "type": "LineString", "coordinates": [ [ 75.90254984462338, 26.772675188807295 ], [ 75.903479169212105, 26.773020480980875 ] ] } },
{ "type": "Feature", "properties": { "chainage_m": 32500, "segment_length_m": 100.0, "radius_m": 100000.0, "railway_crossing_score": 0, "railway_crossing_confidence": "high", "metro_interface_score": 0, "metro_interface_confidence": "high", "existing_elevated_structure_score": 0, "existing_elevated_structure_confidence": "high", "major_arterial_crossing_score": 0, "major_arterial_crossing_confidence": "high", "restricted_military_area_score": 0, "restricted_military_area_confidence": "low", "eht_line_crossing_score": 0, "eht_line_crossing_confidence": "low", "dam_check_structure_score": 0, "dam_check_structure_confidence": "medium", "curve_severity_score": 0, "curve_severity_confidence": "high", "irc86_min_radius_m": 150, "entry_exit_distance_to_arterial_m": 3625.4694231774524, "entry_exit_feasibility_score": 1, "entry_exit_feasibility_confidence": "medium", "land_availability_frac_built": 0.0, "land_availability_score": 0, "land_availability_confidence": "high", "habitation_building_count": 0, "habitation_population_sum": 658.9993896484375, "habitation_proximity_score": 0, "habitation_proximity_confidence": "high", "hydraulic_sensitivity_index": 0.8824927411549629, "hydraulic_sensitivity_confidence": "low", "composite_score": 0.30395651862207407, "severity_band": "low", "robust_hotspot": false }, "geometry": { "type": "LineString", "coordinates": [ [ 75.903479169212105, 26.773020480980875 ], [ 75.904408499265344, 26.773365766900426 ] ] } },
{ "type": "Feature", "properties": { "chainage_m": 32600, "segment_length_m": 100.0, "radius_m": 100000.0, "railway_crossing_score": 0, "railway_crossing_confidence": "high", "metro_interface_score": 0, "metro_interface_confidence": "high", "existing_elevated_structure_score": 0, "existing_elevated_structure_confidence": "high", "major_arterial_crossing_score": 0, "major_arterial_crossing_confidence": "high", "restricted_military_area_score": 0, "restricted_military_area_confidence": "low", "eht_line_crossing_score": 0, "eht_line_crossing_confidence": "low", "dam_check_structure_score": 3, "dam_check_structure_confidence": "medium", "curve_severity_score": 0, "curve_severity_confidence": "high", "irc86_min_radius_m": 150, "entry_exit_distance_to_arterial_m": 3722.7393205214444, "entry_exit_feasibility_score": 1, "entry_exit_feasibility_confidence": "medium", "land_availability_frac_built": 0.0, "land_availability_score": 0, "land_availability_confidence": "high", "habitation_building_count": 0, "habitation_population_sum": 2055.35302734375, "habitation_proximity_score": 0, "habitation_proximity_confidence": "high", "hydraulic_sensitivity_index": 0.8824927411549629, "hydraulic_sensitivity_confidence": "low", "composite_score": 0.55395651862207407, "severity_band": "medium", "robust_hotspot": false }, "geometry": { "type": "LineString", "coordinates": [ [ 75.904408499265344, 26.773365766900426 ], [ 75.905337834782969, 26.773711046565662 ] ] } },
{ "type": "Feature", "properties": { "chainage_m": 32700, "segment_length_m": 100.0, "radius_m": 100000.0, "railway_crossing_score": 0, "railway_crossing_confidence": "high", "metro_interface_score": 0, "metro_interface_confidence": "high", "existing_elevated_structure_score": 0, "existing_elevated_structure_confidence": "high", "major_arterial_crossing_score": 0, "major_arterial_crossing_confidence": "high", "restricted_military_area_score": 0, "restricted_military_area_confidence": "low", "eht_line_crossing_score": 0, "eht_line_crossing_confidence": "low", "dam_check_structure_score": 3, "dam_check_structure_confidence": "medium", "curve_severity_score": 0, "curve_severity_confidence": "high", "irc86_min_radius_m": 150, "entry_exit_distance_to_arterial_m": 3820.0092178654736, "entry_exit_feasibility_score": 1, "entry_exit_feasibility_confidence": "medium", "land_availability_frac_built": 0.0, "land_availability_score": 0, "land_availability_confidence": "high", "habitation_building_count": 0, "habitation_population_sum": 5306.9443359375, "habitation_proximity_score": 0, "habitation_proximity_confidence": "high", "hydraulic_sensitivity_index": 0.8824927411549629, "hydraulic_sensitivity_confidence": "low", "composite_score": 0.55395651862207407, "severity_band": "medium", "robust_hotspot": false }, "geometry": { "type": "LineString", "coordinates": [ [ 75.905337834782969, 26.773711046565662 ], [ 75.906267175764825, 26.774056319976317 ] ] } },
{ "type": "Feature", "properties": { "chainage_m": 32800, "segment_length_m": 100.0, "radius_m": 100000.0, "railway_crossing_score": 0, "railway_crossing_confidence": "high", "metro_interface_score": 0, "metro_interface_confidence": "high", "existing_elevated_structure_score": 0, "existing_elevated_structure_confidence": "high", "major_arterial_crossing_score": 0, "major_arterial_crossing_confidence": "high", "restricted_military_area_score": 0, "restricted_military_area_confidence": "low", "eht_line_crossing_score": 0, "eht_line_crossing_confidence": "low", "dam_check_structure_score": 3, "dam_check_structure_confidence": "medium", "curve_severity_score": 0, "curve_severity_confidence": "high", "irc86_min_radius_m": 150, "entry_exit_distance_to_arterial_m": 3917.2791152093878, "entry_exit_feasibility_score": 2, "entry_exit_feasibility_confidence": "medium", "land_availability_frac_built": 0.0, "land_availability_score": 0, "land_availability_confidence": "high", "habitation_building_count": 0, "habitation_population_sum": 5306.9443359375, "habitation_proximity_score": 0, "habitation_proximity_confidence": "high", "hydraulic_sensitivity_index": 0.89182349356561641, "hydraulic_sensitivity_confidence": "low", "composite_score": 0.63962254005807073, "severity_band": "medium", "robust_hotspot": false }, "geometry": { "type": "LineString", "coordinates": [ [ 75.906267175764825, 26.774056319976317 ], [ 75.907196522210782, 26.774401587132132 ] ] } },
{ "type": "Feature", "properties": { "chainage_m": 32900, "segment_length_m": 100.0, "radius_m": 308.62495927071211, "railway_crossing_score": 0, "railway_crossing_confidence": "high", "metro_interface_score": 0, "metro_interface_confidence": "high", "existing_elevated_structure_score": 0, "existing_elevated_structure_confidence": "high", "major_arterial_crossing_score": 0, "major_arterial_crossing_confidence": "high", "restricted_military_area_score": 0, "restricted_military_area_confidence": "low", "eht_line_crossing_score": 0, "eht_line_crossing_confidence": "low", "dam_check_structure_score": 0, "dam_check_structure_confidence": "medium", "curve_severity_score": 0, "curve_severity_confidence": "high", "irc86_min_radius_m": 150, "entry_exit_distance_to_arterial_m": 4014.5490125534943, "entry_exit_feasibility_score": 2, "entry_exit_feasibility_confidence": "medium", "land_availability_frac_built": 0.0, "land_availability_score": 0, "land_availability_confidence": "high", "habitation_building_count": 0, "habitation_population_sum": 5306.9443359375, "habitation_proximity_score": 0, "habitation_proximity_confidence": "high", "hydraulic_sensitivity_index": 0.89182349356561641, "hydraulic_sensitivity_confidence": "low", "composite_score": 0.38962254005807079, "severity_band": "low", "robust_hotspot": false }, "geometry": { "type": "LineString", "coordinates": [ [ 75.907196522210782, 26.774401587132132 ], [ 75.90773096945837, 26.774600139130452 ], [ 75.908131882572647, 26.774467207360001 ] ] } },
{ "type": "Feature", "properties": { "chainage_m": 33000, "segment_length_m": 100.0, "radius_m": 225.53210221298465, "railway_crossing_score": 0, "railway_crossing_confidence": "high", "metro_interface_score": 0, "metro_interface_confidence": "high", "existing_elevated_structure_score": 3, "existing_elevated_structure_confidence": "high", "major_arterial_crossing_score": 0, "major_arterial_crossing_confidence": "high", "restricted_military_area_score": 0, "restricted_military_area_confidence": "low", "eht_line_crossing_score": 0, "eht_line_crossing_confidence": "low", "dam_check_structure_score": 0, "dam_check_structure_confidence": "medium", "curve_severity_score": 0, "curve_severity_confidence": "high", "irc86_min_radius_m": 150, "entry_exit_distance_to_arterial_m": 4107.5283886803163, "entry_exit_feasibility_score": 2, "entry_exit_feasibility_confidence": "medium", "land_availability_frac_built": 0.0, "land_availability_score": 0, "land_availability_confidence": "high", "habitation_building_count": 0, "habitation_population_sum": 3251.59130859375, "habitation_proximity_score": 0, "habitation_proximity_confidence": "high", "hydraulic_sensitivity_index": 0.89182349356561641, "hydraulic_sensitivity_confidence": "low", "composite_score": 0.63962254005807073, "severity_band": "medium", "robust_hotspot": false }, "geometry": { "type": "LineString", "coordinates": [ [ 75.908131882572647, 26.774467207360001 ], [ 75.909075372307697, 26.774154366438516 ] ] } },
{ "type": "Feature", "properties": { "chainage_m": 33100, "segment_length_m": 100.0, "radius_m": 100000.0, "railway_crossing_score": 0, "railway_crossing_confidence": "high", "metro_interface_score": 0, "metro_interface_confidence": "high", "existing_elevated_structure_score": 3, "existing_elevated_structure_confidence": "high", "major_arterial_crossing_score": 0, "major_arterial_crossing_confidence": "high", "restricted_military_area_score": 0, "restricted_military_area_confidence": "low", "eht_line_crossing_score": 0, "eht_line_crossing_confidence": "low", "dam_check_structure_score": 0, "dam_check_structure_confidence": "medium", "curve_severity_score": 0, "curve_severity_confidence": "high", "irc86_min_radius_m": 150, "entry_exit_distance_to_arterial_m": 4194.7011380064314, "entry_exit_feasibility_score": 2, "entry_exit_feasibility_confidence": "medium", "land_availability_frac_built": 0.0, "land_availability_score": 0, "land_availability_confidence": "high", "habitation_building_count": 0, "habitation_population_sum": 3251.59130859375, "habitation_proximity_score": 0, "habitation_proximity_confidence": "high", "hydraulic_sensitivity_index": 0.89182349356561641, "hydraulic_sensitivity_confidence": "low", "composite_score": 0.63962254005807073, "severity_band": "medium", "robust_hotspot": false }, "geometry": { "type": "LineString", "coordinates": [ [ 75.909075372307697, 26.774154366438516 ], [ 75.910018856700191, 26.773841519351144 ] ] } },
{ "type": "Feature", "properties": { "chainage_m": 33200, "segment_length_m": 100.0, "radius_m": 100000.0, "railway_crossing_score": 0, "railway_crossing_confidence": "high", "metro_interface_score": 0, "metro_interface_confidence": "high", "existing_elevated_structure_score": 3, "existing_elevated_structure_confidence": "high", "major_arterial_crossing_score": 0, "major_arterial_crossing_confidence": "high", "restricted_military_area_score": 0, "restricted_military_area_confidence": "low", "eht_line_crossing_score": 0, "eht_line_crossing_confidence": "low", "dam_check_structure_score": 0, "dam_check_structure_confidence": "medium", "curve_severity_score": 0, "curve_severity_confidence": "high", "irc86_min_radius_m": 150, "entry_exit_distance_to_arterial_m": 4281.873887332431, "entry_exit_feasibility_score": 2, "entry_exit_feasibility_confidence": "medium", "land_availability_frac_built": 0.0, "land_availability_score": 0, "land_availability_confidence": "high", "habitation_building_count": 0, "habitation_population_sum": 3251.59130859375, "habitation_proximity_score": 0, "habitation_proximity_confidence": "high", "hydraulic_sensitivity_index": 0.89182349356561641, "hydraulic_sensitivity_confidence": "low", "composite_score": 0.63962254005807073, "severity_band": "medium", "robust_hotspot": false }, "geometry": { "type": "LineString", "coordinates": [ [ 75.910018856700191, 26.773841519351144 ], [ 75.910962335749971, 26.773528666098148 ] ] } },
{ "type": "Feature", "properties": { "chainage_m": 33300, "segment_length_m": 100.0, "radius_m": 100000.0, "railway_crossing_score": 0, "railway_crossing_confidence": "high", "metro_interface_score": 0, "metro_interface_confidence": "high", "existing_elevated_structure_score": 3, "existing_elevated_structure_confidence": "high", "major_arterial_crossing_score": 0, "major_arterial_crossing_confidence": "high", "restricted_military_area_score": 0, "restricted_military_area_confidence": "low", "eht_line_crossing_score": 0, "eht_line_crossing_confidence": "low", "dam_check_structure_score": 0, "dam_check_structure_confidence": "medium", "curve_severity_score": 0, "curve_severity_confidence": "high", "irc86_min_radius_m": 150, "entry_exit_distance_to_arterial_m": 4369.046636658546, "entry_exit_feasibility_score": 2, "entry_exit_feasibility_confidence": "medium", "land_availability_frac_built": 0.0, "land_availability_score": 0, "land_availability_confidence": "high", "habitation_building_count": 0, "habitation_population_sum": 887.5699462890625, "habitation_proximity_score": 0, "habitation_proximity_confidence": "high", "hydraulic_sensitivity_index": 0.89182349356561641, "hydraulic_sensitivity_confidence": "low", "composite_score": 0.63962254005807073, "severity_band": "medium", "robust_hotspot": false }, "geometry": { "type": "LineString", "coordinates": [ [ 75.910962335749971, 26.773528666098148 ], [ 75.911905809456869, 26.773215806679783 ] ] } },
{ "type": "Feature", "properties": { "chainage_m": 33400, "segment_length_m": 100.0, "radius_m": 100000.0, "railway_crossing_score": 0, "railway_crossing_confidence": "high", "metro_interface_score": 0, "metro_interface_confidence": "high", "existing_elevated_structure_score": 0, "existing_elevated_structure_confidence": "high", "major_arterial_crossing_score": 0, "major_arterial_crossing_confidence": "high", "restricted_military_area_score": 0, "restricted_military_area_confidence": "low", "eht_line_crossing_score": 3, "eht_line_crossing_confidence": "low", "dam_check_structure_score": 0, "dam_check_structure_confidence": "medium", "curve_severity_score": 0, "curve_severity_confidence": "high", "irc86_min_radius_m": 150, "entry_exit_distance_to_arterial_m": 4456.2193859844683, "entry_exit_feasibility_score": 2, "entry_exit_feasibility_confidence": "medium", "land_availability_frac_built": 0.0, "land_availability_score": 0, "land_availability_confidence": "high", "habitation_building_count": 0, "habitation_population_sum": 887.5699462890625, "habitation_proximity_score": 0, "habitation_proximity_confidence": "high", "hydraulic_sensitivity_index": 0.89182349356561641, "hydraulic_sensitivity_confidence": "low", "composite_score": 0.63962254005807073, "severity_band": "medium", "robust_hotspot": false }, "geometry": { "type": "LineString", "coordinates": [ [ 75.911905809456869, 26.773215806679783 ], [ 75.912849277820683, 26.772902941096309 ] ] } },
{ "type": "Feature", "properties": { "chainage_m": 33500, "segment_length_m": 100.0, "radius_m": 100000.0, "railway_crossing_score": 0, "railway_crossing_confidence": "high", "metro_interface_score": 0, "metro_interface_confidence": "high", "existing_elevated_structure_score": 0, "existing_elevated_structure_confidence": "high", "major_arterial_crossing_score": 0, "major_arterial_crossing_confidence": "high", "restricted_military_area_score": 0, "restricted_military_area_confidence": "low", "eht_line_crossing_score": 3, "eht_line_crossing_confidence": "low", "dam_check_structure_score": 0, "dam_check_structure_confidence": "medium", "curve_severity_score": 0, "curve_severity_confidence": "high", "irc86_min_radius_m": 150, "entry_exit_distance_to_arterial_m": 4543.3921513185951, "entry_exit_feasibility_score": 2, "entry_exit_feasibility_confidence": "medium", "land_availability_frac_built": 0.0, "land_availability_score": 0, "land_availability_confidence": "high", "habitation_building_count": 0, "habitation_population_sum": 887.5699462890625, "habitation_proximity_score": 0, "habitation_proximity_confidence": "high", "hydraulic_sensitivity_index": 0.89182349356561641, "hydraulic_sensitivity_confidence": "low", "composite_score": 0.63962254005807073, "severity_band": "medium", "robust_hotspot": false }, "geometry": { "type": "LineString", "coordinates": [ [ 75.912849277820683, 26.772902941096309 ], [ 75.913792740841231, 26.772590069347991 ] ] } },
{ "type": "Feature", "properties": { "chainage_m": 33600, "segment_length_m": 100.0, "radius_m": 100000.0, "railway_crossing_score": 0, "railway_crossing_confidence": "high", "metro_interface_score": 0, "metro_interface_confidence": "high", "existing_elevated_structure_score": 0, "existing_elevated_structure_confidence": "high", "major_arterial_crossing_score": 0, "major_arterial_crossing_confidence": "high", "restricted_military_area_score": 0, "restricted_military_area_confidence": "low", "eht_line_crossing_score": 3, "eht_line_crossing_confidence": "low", "dam_check_structure_score": 3, "dam_check_structure_confidence": "medium", "curve_severity_score": 0, "curve_severity_confidence": "high", "irc86_min_radius_m": 150, "entry_exit_distance_to_arterial_m": 4630.5649798711574, "entry_exit_feasibility_score": 2, "entry_exit_feasibility_confidence": "medium", "land_availability_frac_built": 0.0, "land_availability_score": 0, "land_availability_confidence": "high", "habitation_building_count": 0, "habitation_population_sum": 1532.254638671875, "habitation_proximity_score": 0, "habitation_proximity_confidence": "high", "hydraulic_sensitivity_index": 0.89182349356561641, "hydraulic_sensitivity_confidence": "low", "composite_score": 0.88962254005807073, "severity_band": "high", "robust_hotspot": true }, "geometry": { "type": "LineString", "coordinates": [ [ 75.913792740841231, 26.772590069347991 ], [ 75.914736198518341, 26.772277191435077 ] ] } },
{ "type": "Feature", "properties": { "chainage_m": 33700, "segment_length_m": 100.0, "radius_m": 100000.0, "railway_crossing_score": 0, "railway_crossing_confidence": "high", "metro_interface_score": 0, "metro_interface_confidence": "high", "existing_elevated_structure_score": 0, "existing_elevated_structure_confidence": "high", "major_arterial_crossing_score": 0, "major_arterial_crossing_confidence": "high", "restricted_military_area_score": 0, "restricted_military_area_confidence": "low", "eht_line_crossing_score": 3, "eht_line_crossing_confidence": "low", "dam_check_structure_score": 3, "dam_check_structure_confidence": "medium", "curve_severity_score": 0, "curve_severity_confidence": "high", "irc86_min_radius_m": 150, "entry_exit_distance_to_arterial_m": 4717.7378084238344, "entry_exit_feasibility_score": 2, "entry_exit_feasibility_confidence": "medium", "land_availability_frac_built": 0.0, "land_availability_score": 0, "land_availability_confidence": "high", "habitation_building_count": 0, "habitation_population_sum": 1532.254638671875, "habitation_proximity_score": 0, "habitation_proximity_confidence": "high", "hydraulic_sensitivity_index": 0.89182349356561641, "hydraulic_sensitivity_confidence": "low", "composite_score": 0.88962254005807073, "severity_band": "high", "robust_hotspot": true }, "geometry": { "type": "LineString", "coordinates": [ [ 75.914736198518341, 26.772277191435077 ], [ 75.915679650851843, 26.77196430735782 ] ] } },
{ "type": "Feature", "properties": { "chainage_m": 33800, "segment_length_m": 100.0, "radius_m": 100000.0, "railway_crossing_score": 0, "railway_crossing_confidence": "high", "metro_interface_score": 0, "metro_interface_confidence": "high", "existing_elevated_structure_score": 0, "existing_elevated_structure_confidence": "high", "major_arterial_crossing_score": 0, "major_arterial_crossing_confidence": "high", "restricted_military_area_score": 0, "restricted_military_area_confidence": "low", "eht_line_crossing_score": 3, "eht_line_crossing_confidence": "low", "dam_check_structure_score": 3, "dam_check_structure_confidence": "medium", "curve_severity_score": 0, "curve_severity_confidence": "high", "irc86_min_radius_m": 150, "entry_exit_distance_to_arterial_m": 4804.9106369763213, "entry_exit_feasibility_score": 2, "entry_exit_feasibility_confidence": "medium", "land_availability_frac_built": 0.0, "land_availability_score": 0, "land_availability_confidence": "high", "habitation_building_count": 0, "habitation_population_sum": 1532.254638671875, "habitation_proximity_score": 0, "habitation_proximity_confidence": "high", "hydraulic_sensitivity_index": 0.89182349356561641, "hydraulic_sensitivity_confidence": "low", "composite_score": 0.88962254005807073, "severity_band": "high", "robust_hotspot": true }, "geometry": { "type": "LineString", "coordinates": [ [ 75.915679650851843, 26.77196430735782 ], [ 75.916623097841551, 26.771651417116495 ] ] } },
{ "type": "Feature", "properties": { "chainage_m": 33900, "segment_length_m": 100.0, "radius_m": 100000.0, "railway_crossing_score": 0, "railway_crossing_confidence": "high", "metro_interface_score": 0, "metro_interface_confidence": "high", "existing_elevated_structure_score": 0, "existing_elevated_structure_confidence": "high", "major_arterial_crossing_score": 0, "major_arterial_crossing_confidence": "high", "restricted_military_area_score": 0, "restricted_military_area_confidence": "low", "eht_line_crossing_score": 0, "eht_line_crossing_confidence": "low", "dam_check_structure_score": 0, "dam_check_structure_confidence": "medium", "curve_severity_score": 0, "curve_severity_confidence": "high", "irc86_min_radius_m": 150, "entry_exit_distance_to_arterial_m": 4891.9517029459748, "entry_exit_feasibility_score": 2, "entry_exit_feasibility_confidence": "medium", "land_availability_frac_built": 0.0, "land_availability_score": 0, "land_availability_confidence": "high", "habitation_building_count": 0, "habitation_population_sum": 644.6846923828125, "habitation_proximity_score": 0, "habitation_proximity_confidence": "high", "hydraulic_sensitivity_index": 0.89182349356561641, "hydraulic_sensitivity_confidence": "low", "composite_score": 0.38962254005807079, "severity_band": "low", "robust_hotspot": false }, "geometry": { "type": "LineString", "coordinates": [ [ 75.916623097841551, 26.771651417116495 ], [ 75.917566539487282, 26.771338520711339 ] ] } },
{ "type": "Feature", "properties": { "chainage_m": 34000, "segment_length_m": 100.0, "radius_m": 100000.0, "railway_crossing_score": 0, "railway_crossing_confidence": "high", "metro_interface_score": 0, "metro_interface_confidence": "high", "existing_elevated_structure_score": 0, "existing_elevated_structure_confidence": "high", "major_arterial_crossing_score": 0, "major_arterial_crossing_confidence": "high", "restricted_military_area_score": 0, "restricted_military_area_confidence": "low", "eht_line_crossing_score": 0, "eht_line_crossing_confidence": "low", "dam_check_structure_score": 0, "dam_check_structure_confidence": "medium", "curve_severity_score": 0, "curve_severity_confidence": "high", "irc86_min_radius_m": 150, "entry_exit_distance_to_arterial_m": 4978.9475322697253, "entry_exit_feasibility_score": 2, "entry_exit_feasibility_confidence": "medium", "land_availability_frac_built": 0.0, "land_availability_score": 0, "land_availability_confidence": "high", "habitation_building_count": 0, "habitation_population_sum": 644.6846923828125, "habitation_proximity_score": 0, "habitation_proximity_confidence": "high", "hydraulic_sensitivity_index": 0.89182349356561641, "hydraulic_sensitivity_confidence": "low", "composite_score": 0.38962254005807079, "severity_band": "low", "robust_hotspot": false }, "geometry": { "type": "LineString", "coordinates": [ [ 75.917566539487282, 26.771338520711339 ], [ 75.918509975788851, 26.771025618142627 ] ] } },
{ "type": "Feature", "properties": { "chainage_m": 34100, "segment_length_m": 100.0, "radius_m": 100000.0, "railway_crossing_score": 0, "railway_crossing_confidence": "high", "metro_interface_score": 0, "metro_interface_confidence": "high", "existing_elevated_structure_score": 0, "existing_elevated_structure_confidence": "high", "major_arterial_crossing_score": 0, "major_arterial_crossing_confidence": "high", "restricted_military_area_score": 0, "restricted_military_area_confidence": "low", "eht_line_crossing_score": 0, "eht_line_crossing_confidence": "low", "dam_check_structure_score": 0, "dam_check_structure_confidence": "medium", "curve_severity_score": 0, "curve_severity_confidence": "high", "irc86_min_radius_m": 150, "entry_exit_distance_to_arterial_m": 5065.9433615935895, "entry_exit_feasibility_score": 2, "entry_exit_feasibility_confidence": "medium", "land_availability_frac_built": 0.0, "land_availability_score": 0, "land_availability_confidence": "high", "habitation_building_count": 0, "habitation_population_sum": 644.6846923828125, "habitation_proximity_score": 0, "habitation_proximity_confidence": "high", "hydraulic_sensitivity_index": 0.89182349356561641, "hydraulic_sensitivity_confidence": "low", "composite_score": 0.38962254005807079, "severity_band": "low", "robust_hotspot": false }, "geometry": { "type": "LineString", "coordinates": [ [ 75.918509975788851, 26.771025618142627 ], [ 75.919453406746101, 26.770712709410603 ] ] } },
{ "type": "Feature", "properties": { "chainage_m": 34200, "segment_length_m": 100.0, "radius_m": 100000.0, "railway_crossing_score": 0, "railway_crossing_confidence": "high", "metro_interface_score": 0, "metro_interface_confidence": "high", "existing_elevated_structure_score": 0, "existing_elevated_structure_confidence": "high", "major_arterial_crossing_score": 0, "major_arterial_crossing_confidence": "high", "restricted_military_area_score": 0, "restricted_military_area_confidence": "low", "eht_line_crossing_score": 0, "eht_line_crossing_confidence": "low", "dam_check_structure_score": 0, "dam_check_structure_confidence": "medium", "curve_severity_score": 0, "curve_severity_confidence": "high", "irc86_min_radius_m": 150, "entry_exit_distance_to_arterial_m": 5152.9391909172618, "entry_exit_feasibility_score": 2, "entry_exit_feasibility_confidence": "medium", "land_availability_frac_built": 0.0, "land_availability_score": 0, "land_availability_confidence": "high", "habitation_building_count": 0, "habitation_population_sum": 644.6846923828125, "habitation_proximity_score": 0, "habitation_proximity_confidence": "high", "hydraulic_sensitivity_index": 0.89182349356561641, "hydraulic_sensitivity_confidence": "low", "composite_score": 0.38962254005807079, "severity_band": "low", "robust_hotspot": false }, "geometry": { "type": "LineString", "coordinates": [ [ 75.919453406746101, 26.770712709410603 ], [ 75.920396832358833, 26.77039979451553 ] ] } },
{ "type": "Feature", "properties": { "chainage_m": 34300, "segment_length_m": 100.0, "radius_m": 100000.0, "railway_crossing_score": 0, "railway_crossing_confidence": "high", "metro_interface_score": 0, "metro_interface_confidence": "high", "existing_elevated_structure_score": 0, "existing_elevated_structure_confidence": "high", "major_arterial_crossing_score": 0, "major_arterial_crossing_confidence": "high", "restricted_military_area_score": 0, "restricted_military_area_confidence": "low", "eht_line_crossing_score": 0, "eht_line_crossing_confidence": "low", "dam_check_structure_score": 0, "dam_check_structure_confidence": "medium", "curve_severity_score": 0, "curve_severity_confidence": "high", "irc86_min_radius_m": 150, "entry_exit_distance_to_arterial_m": 5239.935020241126, "entry_exit_feasibility_score": 2, "entry_exit_feasibility_confidence": "medium", "land_availability_frac_built": 0.0, "land_availability_score": 0, "land_availability_confidence": "high", "habitation_building_count": 0, "habitation_population_sum": 644.6846923828125, "habitation_proximity_score": 0, "habitation_proximity_confidence": "high", "hydraulic_sensitivity_index": 0.89182349356561641, "hydraulic_sensitivity_confidence": "low", "composite_score": 0.38962254005807079, "severity_band": "low", "robust_hotspot": false }, "geometry": { "type": "LineString", "coordinates": [ [ 75.920396832358833, 26.77039979451553 ], [ 75.921340252626862, 26.770086873457672 ] ] } },
{ "type": "Feature", "properties": { "chainage_m": 34400, "segment_length_m": 100.0, "radius_m": 100000.0, "railway_crossing_score": 0, "railway_crossing_confidence": "high", "metro_interface_score": 0, "metro_interface_confidence": "high", "existing_elevated_structure_score": 0, "existing_elevated_structure_confidence": "high", "major_arterial_crossing_score": 0, "major_arterial_crossing_confidence": "high", "restricted_military_area_score": 0, "restricted_military_area_confidence": "low", "eht_line_crossing_score": 0, "eht_line_crossing_confidence": "low", "dam_check_structure_score": 0, "dam_check_structure_confidence": "medium", "curve_severity_score": 0, "curve_severity_confidence": "high", "irc86_min_radius_m": 150, "entry_exit_distance_to_arterial_m": 5326.9308495648775, "entry_exit_feasibility_score": 2, "entry_exit_feasibility_confidence": "medium", "land_availability_frac_built": 0.0, "land_availability_score": 0, "land_availability_confidence": "high", "habitation_building_count": 0, "habitation_population_sum": 644.6846923828125, "habitation_proximity_score": 0, "habitation_proximity_confidence": "high", "hydraulic_sensitivity_index": 0.89182349356561641, "hydraulic_sensitivity_confidence": "low", "composite_score": 0.38962254005807079, "severity_band": "low", "robust_hotspot": false }, "geometry": { "type": "LineString", "coordinates": [ [ 75.921340252626862, 26.770086873457672 ], [ 75.922283667550033, 26.769773946237269 ] ] } },
{ "type": "Feature", "properties": { "chainage_m": 34500, "segment_length_m": 100.0, "radius_m": 100000.0, "railway_crossing_score": 0, "railway_crossing_confidence": "high", "metro_interface_score": 0, "metro_interface_confidence": "high", "existing_elevated_structure_score": 0, "existing_elevated_structure_confidence": "high", "major_arterial_crossing_score": 0, "major_arterial_crossing_confidence": "high", "restricted_military_area_score": 0, "restricted_military_area_confidence": "low", "eht_line_crossing_score": 0, "eht_line_crossing_confidence": "low", "dam_check_structure_score": 0, "dam_check_structure_confidence": "medium", "curve_severity_score": 0, "curve_severity_confidence": "high", "irc86_min_radius_m": 150, "entry_exit_distance_to_arterial_m": 5413.9266788887417, "entry_exit_feasibility_score": 2, "entry_exit_feasibility_confidence": "medium", "land_availability_frac_built": 0.0, "land_availability_score": 0, "land_availability_confidence": "high", "habitation_building_count": 0, "habitation_population_sum": 1266.850830078125, "habitation_proximity_score": 0, "habitation_proximity_confidence": "high", "hydraulic_sensitivity_index": 0.89182349356561641, "hydraulic_sensitivity_confidence": "low", "composite_score": 0.38962254005807079, "severity_band": "low", "robust_hotspot": false }, "geometry": { "type": "LineString", "coordinates": [ [ 75.922283667550033, 26.769773946237269 ], [ 75.923227077128175, 26.769461012854602 ] ] } },
{ "type": "Feature", "properties": { "chainage_m": 34600, "segment_length_m": 100.0, "radius_m": 100000.0, "railway_crossing_score": 0, "railway_crossing_confidence": "high", "metro_interface_score": 0, "metro_interface_confidence": "high", "existing_elevated_structure_score": 0, "existing_elevated_structure_confidence": "high", "major_arterial_crossing_score": 0, "major_arterial_crossing_confidence": "high", "restricted_military_area_score": 0, "restricted_military_area_confidence": "low", "eht_line_crossing_score": 0, "eht_line_crossing_confidence": "low", "dam_check_structure_score": 0, "dam_check_structure_confidence": "medium", "curve_severity_score": 0, "curve_severity_confidence": "high", "irc86_min_radius_m": 150, "entry_exit_distance_to_arterial_m": 5500.922508212414, "entry_exit_feasibility_score": 2, "entry_exit_feasibility_confidence": "medium", "land_availability_frac_built": 0.0, "land_availability_score": 0, "land_availability_confidence": "high", "habitation_building_count": 0, "habitation_population_sum": 1266.850830078125, "habitation_proximity_score": 0, "habitation_proximity_confidence": "high", "hydraulic_sensitivity_index": 0.89182349356561641, "hydraulic_sensitivity_confidence": "low", "composite_score": 0.38962254005807079, "severity_band": "low", "robust_hotspot": false }, "geometry": { "type": "LineString", "coordinates": [ [ 75.923227077128175, 26.769461012854602 ], [ 75.92417048136106, 26.769148073309911 ] ] } },
{ "type": "Feature", "properties": { "chainage_m": 34700, "segment_length_m": 100.0, "radius_m": 100000.0, "railway_crossing_score": 0, "railway_crossing_confidence": "high", "metro_interface_score": 0, "metro_interface_confidence": "high", "existing_elevated_structure_score": 0, "existing_elevated_structure_confidence": "high", "major_arterial_crossing_score": 0, "major_arterial_crossing_confidence": "high", "restricted_military_area_score": 0, "restricted_military_area_confidence": "low", "eht_line_crossing_score": 0, "eht_line_crossing_confidence": "low", "dam_check_structure_score": 0, "dam_check_structure_confidence": "medium", "curve_severity_score": 0, "curve_severity_confidence": "high", "irc86_min_radius_m": 150, "entry_exit_distance_to_arterial_m": 5587.9183375362791, "entry_exit_feasibility_score": 2, "entry_exit_feasibility_confidence": "medium", "land_availability_frac_built": 0.0, "land_availability_score": 0, "land_availability_confidence": "high", "habitation_building_count": 0, "habitation_population_sum": 1266.850830078125, "habitation_proximity_score": 0, "habitation_proximity_confidence": "high", "hydraulic_sensitivity_index": 0.89182349356561641, "hydraulic_sensitivity_confidence": "low", "composite_score": 0.38962254005807079, "severity_band": "low", "robust_hotspot": false }, "geometry": { "type": "LineString", "coordinates": [ [ 75.92417048136106, 26.769148073309911 ], [ 75.925113880248546, 26.76883512760346 ] ] } },
{ "type": "Feature", "properties": { "chainage_m": 34800, "segment_length_m": 100.0, "radius_m": 100000.0, "railway_crossing_score": 0, "railway_crossing_confidence": "high", "metro_interface_score": 0, "metro_interface_confidence": "high", "existing_elevated_structure_score": 0, "existing_elevated_structure_confidence": "high", "major_arterial_crossing_score": 0, "major_arterial_crossing_confidence": "high", "restricted_military_area_score": 0, "restricted_military_area_confidence": "low", "eht_line_crossing_score": 0, "eht_line_crossing_confidence": "low", "dam_check_structure_score": 0, "dam_check_structure_confidence": "medium", "curve_severity_score": 0, "curve_severity_confidence": "high", "irc86_min_radius_m": 150, "entry_exit_distance_to_arterial_m": 5674.872190052919, "entry_exit_feasibility_score": 2, "entry_exit_feasibility_confidence": "medium", "land_availability_frac_built": 0.0, "land_availability_score": 0, "land_availability_confidence": "high", "habitation_building_count": 0, "habitation_population_sum": 622.16607666015625, "habitation_proximity_score": 0, "habitation_proximity_confidence": "high", "hydraulic_sensitivity_index": 0.89182349356561641, "hydraulic_sensitivity_confidence": "low", "composite_score": 0.38962254005807079, "severity_band": "low", "robust_hotspot": false }, "geometry": { "type": "LineString", "coordinates": [ [ 75.925113880248546, 26.76883512760346 ], [ 75.926057273790448, 26.768522175735502 ] ] } },
{ "type": "Feature", "properties": { "chainage_m": 34900, "segment_length_m": 100.0, "radius_m": 100000.0, "railway_crossing_score": 0, "railway_crossing_confidence": "high", "metro_interface_score": 0, "metro_interface_confidence": "high", "existing_elevated_structure_score": 0, "existing_elevated_structure_confidence": "high", "major_arterial_crossing_score": 0, "major_arterial_crossing_confidence": "high", "restricted_military_area_score": 0, "restricted_military_area_confidence": "low", "eht_line_crossing_score": 0, "eht_line_crossing_confidence": "low", "dam_check_structure_score": 0, "dam_check_structure_confidence": "medium", "curve_severity_score": 0, "curve_severity_confidence": "high", "irc86_min_radius_m": 150, "entry_exit_distance_to_arterial_m": 5761.840962161391, "entry_exit_feasibility_score": 2, "entry_exit_feasibility_confidence": "medium", "land_availability_frac_built": 0.0, "land_availability_score": 0, "land_availability_confidence": "high", "habitation_building_count": 0, "habitation_population_sum": 622.16607666015625, "habitation_proximity_score": 0, "habitation_proximity_confidence": "high", "hydraulic_sensitivity_index": 0.89182349356561641, "hydraulic_sensitivity_confidence": "low", "composite_score": 0.38962254005807079, "severity_band": "low", "robust_hotspot": false }, "geometry": { "type": "LineString", "coordinates": [ [ 75.926057273790448, 26.768522175735502 ], [ 75.927000661986582, 26.768209217706307 ] ] } },
{ "type": "Feature", "properties": { "chainage_m": 35000, "segment_length_m": 100.0, "radius_m": 100000.0, "railway_crossing_score": 0, "railway_crossing_confidence": "high", "metro_interface_score": 0, "metro_interface_confidence": "high", "existing_elevated_structure_score": 0, "existing_elevated_structure_confidence": "high", "major_arterial_crossing_score": 0, "major_arterial_crossing_confidence": "high", "restricted_military_area_score": 0, "restricted_military_area_confidence": "low", "eht_line_crossing_score": 0, "eht_line_crossing_confidence": "low", "dam_check_structure_score": 0, "dam_check_structure_confidence": "medium", "curve_severity_score": 0, "curve_severity_confidence": "high", "irc86_min_radius_m": 150, "entry_exit_distance_to_arterial_m": 5848.8291811908466, "entry_exit_feasibility_score": 2, "entry_exit_feasibility_confidence": "medium", "land_availability_frac_built": 0.0, "land_availability_score": 0, "land_availability_confidence": "high", "habitation_building_count": 0, "habitation_population_sum": 622.16607666015625, "habitation_proximity_score": 0, "habitation_proximity_confidence": "high", "hydraulic_sensitivity_index": 0.89182349356561641, "hydraulic_sensitivity_confidence": "low", "composite_score": 0.38962254005807079, "severity_band": "low", "robust_hotspot": false }, "geometry": { "type": "LineString", "coordinates": [ [ 75.927000661986582, 26.768209217706307 ], [ 75.927944044836778, 26.76789625351611 ] ] } },
{ "type": "Feature", "properties": { "chainage_m": 35100, "segment_length_m": 100.0, "radius_m": 100000.0, "railway_crossing_score": 0, "railway_crossing_confidence": "high", "metro_interface_score": 0, "metro_interface_confidence": "high", "existing_elevated_structure_score": 0, "existing_elevated_structure_confidence": "high", "major_arterial_crossing_score": 0, "major_arterial_crossing_confidence": "high", "restricted_military_area_score": 0, "restricted_military_area_confidence": "low", "eht_line_crossing_score": 0, "eht_line_crossing_confidence": "low", "dam_check_structure_score": 3, "dam_check_structure_confidence": "medium", "curve_severity_score": 0, "curve_severity_confidence": "high", "irc86_min_radius_m": 150, "entry_exit_distance_to_arterial_m": 5935.9598116053903, "entry_exit_feasibility_score": 2, "entry_exit_feasibility_confidence": "medium", "land_availability_frac_built": 0.016469760712754661, "land_availability_score": 0, "land_availability_confidence": "high", "habitation_building_count": 1, "habitation_population_sum": 622.16607666015625, "habitation_proximity_score": 1, "habitation_proximity_confidence": "high", "hydraulic_sensitivity_index": 0.89182349356561641, "hydraulic_sensitivity_confidence": "low", "composite_score": 0.72295587339140399, "severity_band": "high", "robust_hotspot": false }, "geometry": { "type": "LineString", "coordinates": [ [ 75.927944044836778, 26.76789625351611 ], [ 75.928887422340836, 26.767583283165195 ] ] } },
{ "type": "Feature", "properties": { "chainage_m": 35200, "segment_length_m": 100.0, "radius_m": 100000.0, "railway_crossing_score": 0, "railway_crossing_confidence": "high", "metro_interface_score": 0, "metro_interface_confidence": "high", "existing_elevated_structure_score": 0, "existing_elevated_structure_confidence": "high", "major_arterial_crossing_score": 0, "major_arterial_crossing_confidence": "high", "restricted_military_area_score": 0, "restricted_military_area_confidence": "low", "eht_line_crossing_score": 0, "eht_line_crossing_confidence": "low", "dam_check_structure_score": 3, "dam_check_structure_confidence": "medium", "curve_severity_score": 0, "curve_severity_confidence": "high", "irc86_min_radius_m": 150, "entry_exit_distance_to_arterial_m": 6023.3584542231893, "entry_exit_feasibility_score": 2, "entry_exit_feasibility_confidence": "medium", "land_availability_frac_built": 0.025467613159361569, "land_availability_score": 0, "land_availability_confidence": "high", "habitation_building_count": 1, "habitation_population_sum": 622.16607666015625, "habitation_proximity_score": 1, "habitation_proximity_confidence": "high", "hydraulic_sensitivity_index": 0.96164103667060974, "hydraulic_sensitivity_confidence": "low", "composite_score": 0.74041025916765246, "severity_band": "high", "robust_hotspot": false }, "geometry": { "type": "LineString", "coordinates": [ [ 75.928887422340836, 26.767583283165195 ], [ 75.929830794498599, 26.767270306653803 ] ] } },
{ "type": "Feature", "properties": { "chainage_m": 35300, "segment_length_m": 100.0, "radius_m": 100000.0, "railway_crossing_score": 0, "railway_crossing_confidence": "high", "metro_interface_score": 0, "metro_interface_confidence": "high", "existing_elevated_structure_score": 0, "existing_elevated_structure_confidence": "high", "major_arterial_crossing_score": 0, "major_arterial_crossing_confidence": "high", "restricted_military_area_score": 0, "restricted_military_area_confidence": "low", "eht_line_crossing_score": 0, "eht_line_crossing_confidence": "low", "dam_check_structure_score": 3, "dam_check_structure_confidence": "medium", "curve_severity_score": 0, "curve_severity_confidence": "high", "irc86_min_radius_m": 150, "entry_exit_distance_to_arterial_m": 6110.7604632885359, "entry_exit_feasibility_score": 2, "entry_exit_feasibility_confidence": "medium", "land_availability_frac_built": 0.0, "land_availability_score": 0, "land_availability_confidence": "high", "habitation_building_count": 1, "habitation_population_sum": 1075.8236083984375, "habitation_proximity_score": 1, "habitation_proximity_confidence": "high", "hydraulic_sensitivity_index": 0.96164103667060974, "hydraulic_sensitivity_confidence": "low", "composite_score": 0.74041025916765246, "severity_band": "high", "robust_hotspot": false }, "geometry": { "type": "LineString", "coordinates": [ [ 75.929830794498599, 26.767270306653803 ], [ 75.93077416130987, 26.766957323982194 ] ] } },
{ "type": "Feature", "properties": { "chainage_m": 35400, "segment_length_m": 100.0, "radius_m": 100000.0, "railway_crossing_score": 0, "railway_crossing_confidence": "high", "metro_interface_score": 0, "metro_interface_confidence": "high", "existing_elevated_structure_score": 0, "existing_elevated_structure_confidence": "high", "major_arterial_crossing_score": 0, "major_arterial_crossing_confidence": "high", "restricted_military_area_score": 0, "restricted_military_area_confidence": "low", "eht_line_crossing_score": 0, "eht_line_crossing_confidence": "low", "dam_check_structure_score": 0, "dam_check_structure_confidence": "medium", "curve_severity_score": 0, "curve_severity_confidence": "high", "irc86_min_radius_m": 150, "entry_exit_distance_to_arterial_m": 6198.1618002158648, "entry_exit_feasibility_score": 2, "entry_exit_feasibility_confidence": "medium", "land_availability_frac_built": 0.0, "land_availability_score": 0, "land_availability_confidence": "high", "habitation_building_count": 1, "habitation_population_sum": 2119.98828125, "habitation_proximity_score": 1, "habitation_proximity_confidence": "high", "hydraulic_sensitivity_index": 0.96164103667060974, "hydraulic_sensitivity_confidence": "low", "composite_score": 0.49041025916765246, "severity_band": "low", "robust_hotspot": false }, "geometry": { "type": "LineString", "coordinates": [ [ 75.93077416130987, 26.766957323982194 ], [ 75.931717522774491, 26.766644335150623 ] ] } },
{ "type": "Feature", "properties": { "chainage_m": 35500, "segment_length_m": 100.0, "radius_m": 100000.0, "railway_crossing_score": 0, "railway_crossing_confidence": "high", "metro_interface_score": 0, "metro_interface_confidence": "high", "existing_elevated_structure_score": 0, "existing_elevated_structure_confidence": "high", "major_arterial_crossing_score": 0, "major_arterial_crossing_confidence": "high", "restricted_military_area_score": 0, "restricted_military_area_confidence": "low", "eht_line_crossing_score": 0, "eht_line_crossing_confidence": "low", "dam_check_structure_score": 0, "dam_check_structure_confidence": "medium", "curve_severity_score": 0, "curve_severity_confidence": "high", "irc86_min_radius_m": 150, "entry_exit_distance_to_arterial_m": 6285.5631371433838, "entry_exit_feasibility_score": 2, "entry_exit_feasibility_confidence": "medium", "land_availability_frac_built": 0.0, "land_availability_score": 0, "land_availability_confidence": "high", "habitation_building_count": 0, "habitation_population_sum": 2119.98828125, "habitation_proximity_score": 0, "habitation_proximity_confidence": "high", "hydraulic_sensitivity_index": 0.96164103667060974, "hydraulic_sensitivity_confidence": "low", "composite_score": 0.40707692583431915, "severity_band": "low", "robust_hotspot": false }, "geometry": { "type": "LineString", "coordinates": [ [ 75.931717522774491, 26.766644335150623 ], [ 75.932660878892278, 26.766331340159351 ] ] } },
{ "type": "Feature", "properties": { "chainage_m": 35600, "segment_length_m": 100.0, "radius_m": 100000.0, "railway_crossing_score": 0, "railway_crossing_confidence": "high", "metro_interface_score": 0, "metro_interface_confidence": "high", "existing_elevated_structure_score": 0, "existing_elevated_structure_confidence": "high", "major_arterial_crossing_score": 0, "major_arterial_crossing_confidence": "high", "restricted_military_area_score": 0, "restricted_military_area_confidence": "low", "eht_line_crossing_score": 0, "eht_line_crossing_confidence": "low", "dam_check_structure_score": 0, "dam_check_structure_confidence": "medium", "curve_severity_score": 0, "curve_severity_confidence": "high", "irc86_min_radius_m": 150, "entry_exit_distance_to_arterial_m": 6372.964474070789, "entry_exit_feasibility_score": 2, "entry_exit_feasibility_confidence": "medium", "land_availability_frac_built": 0.0, "land_availability_score": 0, "land_availability_confidence": "high", "habitation_building_count": 0, "habitation_population_sum": 2119.98828125, "habitation_proximity_score": 0, "habitation_proximity_confidence": "high", "hydraulic_sensitivity_index": 1.0, "hydraulic_sensitivity_confidence": "low", "composite_score": 0.41666666666666669, "severity_band": "low", "robust_hotspot": false }, "geometry": { "type": "LineString", "coordinates": [ [ 75.932660878892278, 26.766331340159351 ], [ 75.933604229663047, 26.766018339008646 ] ] } },
{ "type": "Feature", "properties": { "chainage_m": 35700, "segment_length_m": 100.0, "radius_m": 470.68773982959004, "railway_crossing_score": 0, "railway_crossing_confidence": "high", "metro_interface_score": 0, "metro_interface_confidence": "high", "existing_elevated_structure_score": 3, "existing_elevated_structure_confidence": "high", "major_arterial_crossing_score": 0, "major_arterial_crossing_confidence": "high", "restricted_military_area_score": 0, "restricted_military_area_confidence": "low", "eht_line_crossing_score": 0, "eht_line_crossing_confidence": "low", "dam_check_structure_score": 0, "dam_check_structure_confidence": "medium", "curve_severity_score": 0, "curve_severity_confidence": "high", "irc86_min_radius_m": 150, "entry_exit_distance_to_arterial_m": 6460.365810998308, "entry_exit_feasibility_score": 2, "entry_exit_feasibility_confidence": "medium", "land_availability_frac_built": 0.0, "land_availability_score": 0, "land_availability_confidence": "high", "habitation_building_count": 0, "habitation_population_sum": 1044.164794921875, "habitation_proximity_score": 0, "habitation_proximity_confidence": "high", "hydraulic_sensitivity_index": 1.0, "hydraulic_sensitivity_confidence": "low", "composite_score": 0.66666666666666663, "severity_band": "high", "robust_hotspot": false }, "geometry": { "type": "LineString", "coordinates": [ [ 75.933604229663047, 26.766018339008646 ], [ 75.934138937964931, 26.765840920764802 ], [ 75.934429783281203, 26.765549759111298 ] ] } },
{ "type": "Feature", "properties": { "chainage_m": 35800, "segment_length_m": 100.0, "radius_m": 358.26210558077588, "railway_crossing_score": 0, "railway_crossing_confidence": "high", "metro_interface_score": 0, "metro_interface_confidence": "high", "existing_elevated_structure_score": 3, "existing_elevated_structure_confidence": "high", "major_arterial_crossing_score": 0, "major_arterial_crossing_confidence": "high", "restricted_military_area_score": 0, "restricted_military_area_confidence": "low", "eht_line_crossing_score": 0, "eht_line_crossing_confidence": "low", "dam_check_structure_score": 0, "dam_check_structure_confidence": "medium", "curve_severity_score": 0, "curve_severity_confidence": "high", "irc86_min_radius_m": 150, "entry_exit_distance_to_arterial_m": 6533.5605351483737, "entry_exit_feasibility_score": 3, "entry_exit_feasibility_confidence": "medium", "land_availability_frac_built": 0.0, "land_availability_score": 0, "land_availability_confidence": "high", "habitation_building_count": 0, "habitation_population_sum": 1044.164794921875, "habitation_proximity_score": 0, "habitation_proximity_confidence": "high", "hydraulic_sensitivity_index": 1.0, "hydraulic_sensitivity_confidence": "low", "composite_score": 0.75, "severity_band": "high", "robust_hotspot": false }, "geometry": { "type": "LineString", "coordinates": [ [ 75.934429783281203, 26.765549759111298 ], [ 75.935101197686237, 26.764877606614093 ] ] } },
{ "type": "Feature", "properties": { "chainage_m": 35900, "segment_length_m": 100.0, "radius_m": 100000.0, "railway_crossing_score": 0, "railway_crossing_confidence": "high", "metro_interface_score": 0, "metro_interface_confidence": "high", "existing_elevated_structure_score": 3, "existing_elevated_structure_confidence": "high", "major_arterial_crossing_score": 0, "major_arterial_crossing_confidence": "high", "restricted_military_area_score": 0, "restricted_military_area_confidence": "low", "eht_line_crossing_score": 0, "eht_line_crossing_confidence": "low", "dam_check_structure_score": 0, "dam_check_structure_confidence": "medium", "curve_severity_score": 0, "curve_severity_confidence": "high", "irc86_min_radius_m": 150, "entry_exit_distance_to_arterial_m": 6588.1657287313501, "entry_exit_feasibility_score": 3, "entry_exit_feasibility_confidence": "medium", "land_availability_frac_built": 0.0, "land_availability_score": 0, "land_availability_confidence": "high", "habitation_building_count": 0, "habitation_population_sum": 450.8524169921875, "habitation_proximity_score": 0, "habitation_proximity_confidence": "high", "hydraulic_sensitivity_index": 1.0, "hydraulic_sensitivity_confidence": "low", "composite_score": 0.75, "severity_band": "high", "robust_hotspot": false }, "geometry": { "type": "LineString", "coordinates": [ [ 75.935101197686237, 26.764877606614093 ], [ 75.935772604211806, 26.764205451078862 ] ] } },
{ "type": "Feature", "properties": { "chainage_m": 36000, "segment_length_m": 100.0, "radius_m": 100000.0, "railway_crossing_score": 0, "railway_crossing_confidence": "high", "metro_interface_score": 0, "metro_interface_confidence": "high", "existing_elevated_structure_score": 0, "existing_elevated_structure_confidence": "high", "major_arterial_crossing_score": 0, "major_arterial_crossing_confidence": "high", "restricted_military_area_score": 0, "restricted_military_area_confidence": "low", "eht_line_crossing_score": 0, "eht_line_crossing_confidence": "low", "dam_check_structure_score": 0, "dam_check_structure_confidence": "medium", "curve_severity_score": 0, "curve_severity_confidence": "high", "irc86_min_radius_m": 150, "entry_exit_distance_to_arterial_m": 6642.5690595552487, "entry_exit_feasibility_score": 3, "entry_exit_feasibility_confidence": "medium", "land_availability_frac_built": 0.0, "land_availability_score": 0, "land_availability_confidence": "high", "habitation_building_count": 0, "habitation_population_sum": 450.8524169921875, "habitation_proximity_score": 0, "habitation_proximity_confidence": "high", "hydraulic_sensitivity_index": 1.0, "hydraulic_sensitivity_confidence": "low", "composite_score": 0.5, "severity_band": "medium", "robust_hotspot": false }, "geometry": { "type": "LineString", "coordinates": [ [ 75.935772604211806, 26.764205451078862 ], [ 75.936444002858195, 26.763533292505873 ] ] } },
{ "type": "Feature", "properties": { "chainage_m": 36100, "segment_length_m": 100.0, "radius_m": 100000.0, "railway_crossing_score": 0, "railway_crossing_confidence": "high", "metro_interface_score": 0, "metro_interface_confidence": "high", "existing_elevated_structure_score": 0, "existing_elevated_structure_confidence": "high", "major_arterial_crossing_score": 0, "major_arterial_crossing_confidence": "high", "restricted_military_area_score": 0, "restricted_military_area_confidence": "low", "eht_line_crossing_score": 0, "eht_line_crossing_confidence": "low", "dam_check_structure_score": 0, "dam_check_structure_confidence": "medium", "curve_severity_score": 0, "curve_severity_confidence": "high", "irc86_min_radius_m": 150, "entry_exit_distance_to_arterial_m": 6696.2887465650592, "entry_exit_feasibility_score": 3, "entry_exit_feasibility_confidence": "medium", "land_availability_frac_built": 0.0, "land_availability_score": 0, "land_availability_confidence": "high", "habitation_building_count": 0, "habitation_population_sum": 450.8524169921875, "habitation_proximity_score": 0, "habitation_proximity_confidence": "high", "hydraulic_sensitivity_index": 1.0, "hydraulic_sensitivity_confidence": "low", "composite_score": 0.5, "severity_band": "medium", "robust_hotspot": false }, "geometry": { "type": "LineString", "coordinates": [ [ 75.936444002858195, 26.763533292505873 ], [ 75.937115393625746, 26.762861130895409 ] ] } },
{ "type": "Feature", "properties": { "chainage_m": 36200, "segment_length_m": 100.0, "radius_m": 100000.0, "railway_crossing_score": 0, "railway_crossing_confidence": "high", "metro_interface_score": 0, "metro_interface_confidence": "high", "existing_elevated_structure_score": 0, "existing_elevated_structure_confidence": "high", "major_arterial_crossing_score": 0, "major_arterial_crossing_confidence": "high", "restricted_military_area_score": 0, "restricted_military_area_confidence": "low", "eht_line_crossing_score": 0, "eht_line_crossing_confidence": "low", "dam_check_structure_score": 3, "dam_check_structure_confidence": "medium", "curve_severity_score": 0, "curve_severity_confidence": "high", "irc86_min_radius_m": 150, "entry_exit_distance_to_arterial_m": 6750.0084146842573, "entry_exit_feasibility_score": 3, "entry_exit_feasibility_confidence": "medium", "land_availability_frac_built": 0.0, "land_availability_score": 0, "land_availability_confidence": "high", "habitation_building_count": 0, "habitation_population_sum": 450.8524169921875, "habitation_proximity_score": 0, "habitation_proximity_confidence": "high", "hydraulic_sensitivity_index": 1.0, "hydraulic_sensitivity_confidence": "low", "composite_score": 0.75, "severity_band": "high", "robust_hotspot": false }, "geometry": { "type": "LineString", "coordinates": [ [ 75.937115393625746, 26.762861130895409 ], [ 75.937786776514727, 26.762188966247749 ] ] } },
{ "type": "Feature", "properties": { "chainage_m": 36300, "segment_length_m": 100.0, "radius_m": 100000.0, "railway_crossing_score": 0, "railway_crossing_confidence": "high", "metro_interface_score": 0, "metro_interface_confidence": "high", "existing_elevated_structure_score": 0, "existing_elevated_structure_confidence": "high", "major_arterial_crossing_score": 0, "major_arterial_crossing_confidence": "high", "restricted_military_area_score": 0, "restricted_military_area_confidence": "low", "eht_line_crossing_score": 0, "eht_line_crossing_confidence": "low", "dam_check_structure_score": 3, "dam_check_structure_confidence": "medium", "curve_severity_score": 0, "curve_severity_confidence": "high", "irc86_min_radius_m": 150, "entry_exit_distance_to_arterial_m": 6803.750868839752, "entry_exit_feasibility_score": 3, "entry_exit_feasibility_confidence": "medium", "land_availability_frac_built": 0.0, "land_availability_score": 0, "land_availability_confidence": "high", "habitation_building_count": 0, "habitation_population_sum": 450.8524169921875, "habitation_proximity_score": 0, "habitation_proximity_confidence": "high", "hydraulic_sensitivity_index": 1.0, "hydraulic_sensitivity_confidence": "low", "composite_score": 0.75, "severity_band": "high", "robust_hotspot": false }, "geometry": { "type": "LineString", "coordinates": [ [ 75.937786776514727, 26.762188966247749 ], [ 75.938458151525467, 26.761516798563186 ] ] } },
{ "type": "Feature", "properties": { "chainage_m": 36400, "segment_length_m": 100.0, "radius_m": 100000.0, "railway_crossing_score": 0, "railway_crossing_confidence": "high", "metro_interface_score": 0, "metro_interface_confidence": "high", "existing_elevated_structure_score": 0, "existing_elevated_structure_confidence": "high", "major_arterial_crossing_score": 0, "major_arterial_crossing_confidence": "high", "restricted_military_area_score": 0, "restricted_military_area_confidence": "low", "eht_line_crossing_score": 0, "eht_line_crossing_confidence": "low", "dam_check_structure_score": 0, "dam_check_structure_confidence": "medium", "curve_severity_score": 0, "curve_severity_confidence": "high", "irc86_min_radius_m": 150, "entry_exit_distance_to_arterial_m": 6858.2056197579295, "entry_exit_feasibility_score": 3, "entry_exit_feasibility_confidence": "medium", "land_availability_frac_built": 0.0, "land_availability_score": 0, "land_availability_confidence": "high", "habitation_building_count": 0, "habitation_population_sum": 450.8524169921875, "habitation_proximity_score": 0, "habitation_proximity_confidence": "high", "hydraulic_sensitivity_index": 1.0, "hydraulic_sensitivity_confidence": "low", "composite_score": 0.5, "severity_band": "medium", "robust_hotspot": false }, "geometry": { "type": "LineString", "coordinates": [ [ 75.938458151525467, 26.761516798563186 ], [ 75.939129518658262, 26.760844627841987 ] ] } },
{ "type": "Feature", "properties": { "chainage_m": 36500, "segment_length_m": 100.0, "radius_m": 100000.0, "railway_crossing_score": 0, "railway_crossing_confidence": "high", "metro_interface_score": 0, "metro_interface_confidence": "high", "existing_elevated_structure_score": 0, "existing_elevated_structure_confidence": "high", "major_arterial_crossing_score": 0, "major_arterial_crossing_confidence": "high", "restricted_military_area_score": 0, "restricted_military_area_confidence": "low", "eht_line_crossing_score": 0, "eht_line_crossing_confidence": "low", "dam_check_structure_score": 0, "dam_check_structure_confidence": "medium", "curve_severity_score": 0, "curve_severity_confidence": "high", "irc86_min_radius_m": 150, "entry_exit_distance_to_arterial_m": 6913.6779474112618, "entry_exit_feasibility_score": 3, "entry_exit_feasibility_confidence": "medium", "land_availability_frac_built": 0.0, "land_availability_score": 0, "land_availability_confidence": "high", "habitation_building_count": 0, "habitation_population_sum": 868.61529541015625, "habitation_proximity_score": 0, "habitation_proximity_confidence": "high", "hydraulic_sensitivity_index": 1.0, "hydraulic_sensitivity_confidence": "low", "composite_score": 0.5, "severity_band": "medium", "robust_hotspot": false }, "geometry": { "type": "LineString", "coordinates": [ [ 75.939129518658262, 26.760844627841987 ], [ 75.939800877913413, 26.760172454084433 ] ] } },
{ "type": "Feature", "properties": { "chainage_m": 36600, "segment_length_m": 100.0, "radius_m": 100000.0, "railway_crossing_score": 0, "railway_crossing_confidence": "high", "metro_interface_score": 0, "metro_interface_confidence": "high", "existing_elevated_structure_score": 0, "existing_elevated_structure_confidence": "high", "major_arterial_crossing_score": 0, "major_arterial_crossing_confidence": "high", "restricted_military_area_score": 0, "restricted_military_area_confidence": "low", "eht_line_crossing_score": 0, "eht_line_crossing_confidence": "low", "dam_check_structure_score": 0, "dam_check_structure_confidence": "medium", "curve_severity_score": 0, "curve_severity_confidence": "high", "irc86_min_radius_m": 150, "entry_exit_distance_to_arterial_m": 6970.143556495972, "entry_exit_feasibility_score": 3, "entry_exit_feasibility_confidence": "medium", "land_availability_frac_built": 0.0, "land_availability_score": 0, "land_availability_confidence": "high", "habitation_building_count": 0, "habitation_population_sum": 868.61529541015625, "habitation_proximity_score": 0, "habitation_proximity_confidence": "high", "hydraulic_sensitivity_index": 1.0, "hydraulic_sensitivity_confidence": "low", "composite_score": 0.5, "severity_band": "medium", "robust_hotspot": false }, "geometry": { "type": "LineString", "coordinates": [ [ 75.939800877913413, 26.760172454084433 ], [ 75.940472229291245, 26.759500277290794 ] ] } },
{ "type": "Feature", "properties": { "chainage_m": 36700, "segment_length_m": 100.0, "radius_m": 100000.0, "railway_crossing_score": 0, "railway_crossing_confidence": "high", "metro_interface_score": 0, "metro_interface_confidence": "high", "existing_elevated_structure_score": 0, "existing_elevated_structure_confidence": "high", "major_arterial_crossing_score": 0, "major_arterial_crossing_confidence": "high", "restricted_military_area_score": 0, "restricted_military_area_confidence": "low", "eht_line_crossing_score": 0, "eht_line_crossing_confidence": "low", "dam_check_structure_score": 0, "dam_check_structure_confidence": "medium", "curve_severity_score": 0, "curve_severity_confidence": "high", "irc86_min_radius_m": 150, "entry_exit_distance_to_arterial_m": 7027.5785044212644, "entry_exit_feasibility_score": 3, "entry_exit_feasibility_confidence": "medium", "land_availability_frac_built": 0.0, "land_availability_score": 0, "land_availability_confidence": "high", "habitation_building_count": 0, "habitation_population_sum": 868.61529541015625, "habitation_proximity_score": 0, "habitation_proximity_confidence": "high", "hydraulic_sensitivity_index": 1.0, "hydraulic_sensitivity_confidence": "low", "composite_score": 0.5, "severity_band": "medium", "robust_hotspot": false }, "geometry": { "type": "LineString", "coordinates": [ [ 75.940472229291245, 26.759500277290794 ], [ 75.941143572792058, 26.758828097461368 ] ] } },
{ "type": "Feature", "properties": { "chainage_m": 36800, "segment_length_m": 100.0, "radius_m": 100000.0, "railway_crossing_score": 0, "railway_crossing_confidence": "high", "metro_interface_score": 0, "metro_interface_confidence": "high", "existing_elevated_structure_score": 0, "existing_elevated_structure_confidence": "high", "major_arterial_crossing_score": 0, "major_arterial_crossing_confidence": "high", "restricted_military_area_score": 0, "restricted_military_area_confidence": "low", "eht_line_crossing_score": 0, "eht_line_crossing_confidence": "low", "dam_check_structure_score": 0, "dam_check_structure_confidence": "medium", "curve_severity_score": 0, "curve_severity_confidence": "high", "irc86_min_radius_m": 150, "entry_exit_distance_to_arterial_m": 7085.9592204193004, "entry_exit_feasibility_score": 3, "entry_exit_feasibility_confidence": "medium", "land_availability_frac_built": 0.0, "land_availability_score": 0, "land_availability_confidence": "high", "habitation_building_count": 0, "habitation_population_sum": 1610.198486328125, "habitation_proximity_score": 0, "habitation_proximity_confidence": "high", "hydraulic_sensitivity_index": 1.0, "hydraulic_sensitivity_confidence": "low", "composite_score": 0.5, "severity_band": "medium", "robust_hotspot": false }, "geometry": { "type": "LineString", "coordinates": [ [ 75.941143572792058, 26.758828097461368 ], [ 75.941814908416148, 26.758155914596419 ] ] } },
{ "type": "Feature", "properties": { "chainage_m": 36900, "segment_length_m": 100.0, "radius_m": 100000.0, "railway_crossing_score": 0, "railway_crossing_confidence": "high", "metro_interface_score": 0, "metro_interface_confidence": "high", "existing_elevated_structure_score": 0, "existing_elevated_structure_confidence": "high", "major_arterial_crossing_score": 0, "major_arterial_crossing_confidence": "high", "restricted_military_area_score": 0, "restricted_military_area_confidence": "low", "eht_line_crossing_score": 0, "eht_line_crossing_confidence": "low", "dam_check_structure_score": 0, "dam_check_structure_confidence": "medium", "curve_severity_score": 0, "curve_severity_confidence": "high", "irc86_min_radius_m": 150, "entry_exit_distance_to_arterial_m": 7145.2625221951157, "entry_exit_feasibility_score": 3, "entry_exit_feasibility_confidence": "medium", "land_availability_frac_built": 0.0, "land_availability_score": 0, "land_availability_confidence": "high", "habitation_building_count": 0, "habitation_population_sum": 782.2159423828125, "habitation_proximity_score": 0, "habitation_proximity_confidence": "high", "hydraulic_sensitivity_index": 1.0, "hydraulic_sensitivity_confidence": "low", "composite_score": 0.5, "severity_band": "medium", "robust_hotspot": false }, "geometry": { "type": "LineString", "coordinates": [ [ 75.941814908416148, 26.758155914596419 ], [ 75.94248623616383, 26.757483728696236 ] ] } },
{ "type": "Feature", "properties": { "chainage_m": 37000, "segment_length_m": 100.0, "radius_m": 100000.0, "railway_crossing_score": 0, "railway_crossing_confidence": "high", "metro_interface_score": 0, "metro_interface_confidence": "high", "existing_elevated_structure_score": 0, "existing_elevated_structure_confidence": "high", "major_arterial_crossing_score": 0, "major_arterial_crossing_confidence": "high", "restricted_military_area_score": 0, "restricted_military_area_confidence": "low", "eht_line_crossing_score": 0, "eht_line_crossing_confidence": "low", "dam_check_structure_score": 0, "dam_check_structure_confidence": "medium", "curve_severity_score": 0, "curve_severity_confidence": "high", "irc86_min_radius_m": 150, "entry_exit_distance_to_arterial_m": 7205.4656302509429, "entry_exit_feasibility_score": 3, "entry_exit_feasibility_confidence": "medium", "land_availability_frac_built": 0.0, "land_availability_score": 0, "land_availability_confidence": "high", "habitation_building_count": 0, "habitation_population_sum": 782.2159423828125, "habitation_proximity_score": 0, "habitation_proximity_confidence": "high", "hydraulic_sensitivity_index": 1.0, "hydraulic_sensitivity_confidence": "low", "composite_score": 0.5, "severity_band": "medium", "robust_hotspot": false }, "geometry": { "type": "LineString", "coordinates": [ [ 75.94248623616383, 26.757483728696236 ], [ 75.943157556035402, 26.756811539761088 ] ] } },
{ "type": "Feature", "properties": { "chainage_m": 37100, "segment_length_m": 100.0, "radius_m": 100000.0, "railway_crossing_score": 0, "railway_crossing_confidence": "high", "metro_interface_score": 0, "metro_interface_confidence": "high", "existing_elevated_structure_score": 0, "existing_elevated_structure_confidence": "high", "major_arterial_crossing_score": 0, "major_arterial_crossing_confidence": "high", "restricted_military_area_score": 0, "restricted_military_area_confidence": "low", "eht_line_crossing_score": 0, "eht_line_crossing_confidence": "low", "dam_check_structure_score": 0, "dam_check_structure_confidence": "medium", "curve_severity_score": 0, "curve_severity_confidence": "high", "irc86_min_radius_m": 150, "entry_exit_distance_to_arterial_m": 7266.5461800204021, "entry_exit_feasibility_score": 3, "entry_exit_feasibility_confidence": "medium", "land_availability_frac_built": 0.0, "land_availability_score": 0, "land_availability_confidence": "high", "habitation_building_count": 0, "habitation_population_sum": 364.45309448242188, "habitation_proximity_score": 0, "habitation_proximity_confidence": "high", "hydraulic_sensitivity_index": 1.0, "hydraulic_sensitivity_confidence": "low", "composite_score": 0.5, "severity_band": "medium", "robust_hotspot": false }, "geometry": { "type": "LineString", "coordinates": [ [ 75.943157556035402, 26.756811539761088 ], [ 75.94382886803119, 26.756139347791269 ] ] } },
{ "type": "Feature", "properties": { "chainage_m": 37200, "segment_length_m": 100.0, "radius_m": 100000.0, "railway_crossing_score": 0, "railway_crossing_confidence": "high", "metro_interface_score": 0, "metro_interface_confidence": "high", "existing_elevated_structure_score": 0, "existing_elevated_structure_confidence": "high", "major_arterial_crossing_score": 0, "major_arterial_crossing_confidence": "high", "restricted_military_area_score": 0, "restricted_military_area_confidence": "low", "eht_line_crossing_score": 0, "eht_line_crossing_confidence": "low", "dam_check_structure_score": 0, "dam_check_structure_confidence": "medium", "curve_severity_score": 0, "curve_severity_confidence": "high", "irc86_min_radius_m": 150, "entry_exit_distance_to_arterial_m": 7328.4822319502528, "entry_exit_feasibility_score": 3, "entry_exit_feasibility_confidence": "medium", "land_availability_frac_built": 0.0, "land_availability_score": 0, "land_availability_confidence": "high", "habitation_building_count": 0, "habitation_population_sum": 364.45309448242188, "habitation_proximity_score": 0, "habitation_proximity_confidence": "high", "hydraulic_sensitivity_index": 1.0, "hydraulic_sensitivity_confidence": "low", "composite_score": 0.5, "severity_band": "medium", "robust_hotspot": false }, "geometry": { "type": "LineString", "coordinates": [ [ 75.94382886803119, 26.756139347791269 ], [ 75.944500172151464, 26.755467152787052 ] ] } },
{ "type": "Feature", "properties": { "chainage_m": 37300, "segment_length_m": 100.0, "radius_m": 100000.0, "railway_crossing_score": 0, "railway_crossing_confidence": "high", "metro_interface_score": 0, "metro_interface_confidence": "high", "existing_elevated_structure_score": 0, "existing_elevated_structure_confidence": "high", "major_arterial_crossing_score": 0, "major_arterial_crossing_confidence": "high", "restricted_military_area_score": 0, "restricted_military_area_confidence": "low", "eht_line_crossing_score": 0, "eht_line_crossing_confidence": "low", "dam_check_structure_score": 0, "dam_check_structure_confidence": "medium", "curve_severity_score": 0, "curve_severity_confidence": "high", "irc86_min_radius_m": 150, "entry_exit_distance_to_arterial_m": 7391.2522796648118, "entry_exit_feasibility_score": 3, "entry_exit_feasibility_confidence": "medium", "land_availability_frac_built": 0.0, "land_availability_score": 0, "land_availability_confidence": "high", "habitation_building_count": 0, "habitation_population_sum": 364.45309448242188, "habitation_proximity_score": 0, "habitation_proximity_confidence": "high", "hydraulic_sensitivity_index": 1.0, "hydraulic_sensitivity_confidence": "low", "composite_score": 0.5, "severity_band": "medium", "robust_hotspot": false }, "geometry": { "type": "LineString", "coordinates": [ [ 75.944500172151464, 26.755467152787052 ], [ 75.945171468396566, 26.754794954748707 ] ] } },
{ "type": "Feature", "properties": { "chainage_m": 37400, "segment_length_m": 100.0, "radius_m": 100000.0, "railway_crossing_score": 0, "railway_crossing_confidence": "high", "metro_interface_score": 0, "metro_interface_confidence": "high", "existing_elevated_structure_score": 0, "existing_elevated_structure_confidence": "high", "major_arterial_crossing_score": 0, "major_arterial_crossing_confidence": "high", "restricted_military_area_score": 0, "restricted_military_area_confidence": "low", "eht_line_crossing_score": 0, "eht_line_crossing_confidence": "low", "dam_check_structure_score": 0, "dam_check_structure_confidence": "medium", "curve_severity_score": 0, "curve_severity_confidence": "high", "irc86_min_radius_m": 150, "entry_exit_distance_to_arterial_m": 7454.8352563481703, "entry_exit_feasibility_score": 3, "entry_exit_feasibility_confidence": "medium", "land_availability_frac_built": 0.0, "land_availability_score": 0, "land_availability_confidence": "high", "habitation_building_count": 0, "habitation_population_sum": 364.45309448242188, "habitation_proximity_score": 0, "habitation_proximity_confidence": "high", "hydraulic_sensitivity_index": 1.0, "hydraulic_sensitivity_confidence": "low", "composite_score": 0.5, "severity_band": "medium", "robust_hotspot": false }, "geometry": { "type": "LineString", "coordinates": [ [ 75.945171468396566, 26.754794954748707 ], [ 75.94584275676678, 26.754122753676519 ] ] } },
{ "type": "Feature", "properties": { "chainage_m": 37500, "segment_length_m": 100.0, "radius_m": 100000.0, "railway_crossing_score": 0, "railway_crossing_confidence": "high", "metro_interface_score": 0, "metro_interface_confidence": "high", "existing_elevated_structure_score": 0, "existing_elevated_structure_confidence": "high", "major_arterial_crossing_score": 0, "major_arterial_crossing_confidence": "high", "restricted_military_area_score": 0, "restricted_military_area_confidence": "low", "eht_line_crossing_score": 0, "eht_line_crossing_confidence": "low", "dam_check_structure_score": 0, "dam_check_structure_confidence": "medium", "curve_severity_score": 0, "curve_severity_confidence": "high", "irc86_min_radius_m": 150, "entry_exit_distance_to_arterial_m": 7519.21053947373, "entry_exit_feasibility_score": 3, "entry_exit_feasibility_confidence": "medium", "land_availability_frac_built": 0.0, "land_availability_score": 0, "land_availability_confidence": "high", "habitation_building_count": 0, "habitation_population_sum": 364.45309448242188, "habitation_proximity_score": 0, "habitation_proximity_confidence": "high", "hydraulic_sensitivity_index": 1.0, "hydraulic_sensitivity_confidence": "low", "composite_score": 0.5, "severity_band": "medium", "robust_hotspot": false }, "geometry": { "type": "LineString", "coordinates": [ [ 75.94584275676678, 26.754122753676519 ], [ 75.946514037262432, 26.753450549570776 ] ] } },
{ "type": "Feature", "properties": { "chainage_m": 37600, "segment_length_m": 100.0, "radius_m": 100000.0, "railway_crossing_score": 0, "railway_crossing_confidence": "high", "metro_interface_score": 0, "metro_interface_confidence": "high", "existing_elevated_structure_score": 0, "existing_elevated_structure_confidence": "high", "major_arterial_crossing_score": 0, "major_arterial_crossing_confidence": "high", "restricted_military_area_score": 0, "restricted_military_area_confidence": "low", "eht_line_crossing_score": 0, "eht_line_crossing_confidence": "low", "dam_check_structure_score": 0, "dam_check_structure_confidence": "medium", "curve_severity_score": 0, "curve_severity_confidence": "high", "irc86_min_radius_m": 150, "entry_exit_distance_to_arterial_m": 7584.3579540112851, "entry_exit_feasibility_score": 3, "entry_exit_feasibility_confidence": "medium", "land_availability_frac_built": 0.0, "land_availability_score": 0, "land_availability_confidence": "high", "habitation_building_count": 0, "habitation_population_sum": 364.45309448242188, "habitation_proximity_score": 0, "habitation_proximity_confidence": "high", "hydraulic_sensitivity_index": 1.0, "hydraulic_sensitivity_confidence": "low", "composite_score": 0.5, "severity_band": "medium", "robust_hotspot": false }, "geometry": { "type": "LineString", "coordinates": [ [ 75.946514037262432, 26.753450549570776 ], [ 75.947185309883793, 26.752778342431739 ] ] } },
{ "type": "Feature", "properties": { "chainage_m": 37700, "segment_length_m": 100.0, "radius_m": 100000.0, "railway_crossing_score": 0, "railway_crossing_confidence": "high", "metro_interface_score": 0, "metro_interface_confidence": "high", "existing_elevated_structure_score": 0, "existing_elevated_structure_confidence": "high", "major_arterial_crossing_score": 0, "major_arterial_crossing_confidence": "high", "restricted_military_area_score": 0, "restricted_military_area_confidence": "low", "eht_line_crossing_score": 0, "eht_line_crossing_confidence": "low", "dam_check_structure_score": 0, "dam_check_structure_confidence": "medium", "curve_severity_score": 0, "curve_severity_confidence": "high", "irc86_min_radius_m": 150, "entry_exit_distance_to_arterial_m": 7650.2577742332087, "entry_exit_feasibility_score": 3, "entry_exit_feasibility_confidence": "medium", "land_availability_frac_built": 0.0, "land_availability_score": 0, "land_availability_confidence": "high", "habitation_building_count": 0, "habitation_population_sum": 770.02740478515625, "habitation_proximity_score": 0, "habitation_proximity_confidence": "high", "hydraulic_sensitivity_index": 1.0, "hydraulic_sensitivity_confidence": "low", "composite_score": 0.5, "severity_band": "medium", "robust_hotspot": false }, "geometry": { "type": "LineString", "coordinates": [ [ 75.947185309883793, 26.752778342431739 ], [ 75.947856574631217, 26.752106132259712 ] ] } },
{ "type": "Feature", "properties": { "chainage_m": 37800, "segment_length_m": 100.0, "radius_m": 100000.0, "railway_crossing_score": 0, "railway_crossing_confidence": "high", "metro_interface_score": 0, "metro_interface_confidence": "high", "existing_elevated_structure_score": 0, "existing_elevated_structure_confidence": "high", "major_arterial_crossing_score": 0, "major_arterial_crossing_confidence": "high", "restricted_military_area_score": 0, "restricted_military_area_confidence": "low", "eht_line_crossing_score": 0, "eht_line_crossing_confidence": "low", "dam_check_structure_score": 0, "dam_check_structure_confidence": "medium", "curve_severity_score": 0, "curve_severity_confidence": "high", "irc86_min_radius_m": 150, "entry_exit_distance_to_arterial_m": 7709.2463906070579, "entry_exit_feasibility_score": 3, "entry_exit_feasibility_confidence": "medium", "land_availability_frac_built": 0.0, "land_availability_score": 0, "land_availability_confidence": "high", "habitation_building_count": 0, "habitation_population_sum": 770.02740478515625, "habitation_proximity_score": 0, "habitation_proximity_confidence": "high", "hydraulic_sensitivity_index": 1.0, "hydraulic_sensitivity_confidence": "low", "composite_score": 0.5, "severity_band": "medium", "robust_hotspot": false }, "geometry": { "type": "LineString", "coordinates": [ [ 75.947856574631217, 26.752106132259712 ], [ 75.948527831504961, 26.751433919054957 ] ] } },
{ "type": "Feature", "properties": { "chainage_m": 37900, "segment_length_m": 100.0, "radius_m": 100000.0, "railway_crossing_score": 0, "railway_crossing_confidence": "high", "metro_interface_score": 0, "metro_interface_confidence": "high", "existing_elevated_structure_score": 0, "existing_elevated_structure_confidence": "high", "major_arterial_crossing_score": 0, "major_arterial_crossing_confidence": "high", "restricted_military_area_score": 0, "restricted_military_area_confidence": "low", "eht_line_crossing_score": 0, "eht_line_crossing_confidence": "low", "dam_check_structure_score": 0, "dam_check_structure_confidence": "medium", "curve_severity_score": 0, "curve_severity_confidence": "high", "irc86_min_radius_m": 150, "entry_exit_distance_to_arterial_m": 7745.7961330555045, "entry_exit_feasibility_score": 3, "entry_exit_feasibility_confidence": "medium", "land_availability_frac_built": 0.0, "land_availability_score": 0, "land_availability_confidence": "high", "habitation_building_count": 0, "habitation_population_sum": 770.02740478515625, "habitation_proximity_score": 0, "habitation_proximity_confidence": "high", "hydraulic_sensitivity_index": 1.0, "hydraulic_sensitivity_confidence": "low", "composite_score": 0.5, "severity_band": "medium", "robust_hotspot": false }, "geometry": { "type": "LineString", "coordinates": [ [ 75.948527831504961, 26.751433919054957 ], [ 75.949199080505366, 26.750761702817748 ] ] } },
{ "type": "Feature", "properties": { "chainage_m": 38000, "segment_length_m": 100.0, "radius_m": 100000.0, "railway_crossing_score": 0, "railway_crossing_confidence": "high", "metro_interface_score": 0, "metro_interface_confidence": "high", "existing_elevated_structure_score": 0, "existing_elevated_structure_confidence": "high", "major_arterial_crossing_score": 0, "major_arterial_crossing_confidence": "high", "restricted_military_area_score": 0, "restricted_military_area_confidence": "low", "eht_line_crossing_score": 0, "eht_line_crossing_confidence": "low", "dam_check_structure_score": 0, "dam_check_structure_confidence": "medium", "curve_severity_score": 0, "curve_severity_confidence": "high", "irc86_min_radius_m": 150, "entry_exit_distance_to_arterial_m": 7783.4590998234708, "entry_exit_feasibility_score": 3, "entry_exit_feasibility_confidence": "medium", "land_availability_frac_built": 0.0, "land_availability_score": 0, "land_availability_confidence": "high", "habitation_building_count": 0, "habitation_population_sum": 1536.79931640625, "habitation_proximity_score": 0, "habitation_proximity_confidence": "high", "hydraulic_sensitivity_index": 1.0, "hydraulic_sensitivity_confidence": "low", "composite_score": 0.5, "severity_band": "medium", "robust_hotspot": false }, "geometry": { "type": "LineString", "coordinates": [ [ 75.949199080505366, 26.750761702817748 ], [ 75.949870321632716, 26.750089483548379 ] ] } },
{ "type": "Feature", "properties": { "chainage_m": 38100, "segment_length_m": 100.0, "radius_m": 89.564953469464143, "railway_crossing_score": 0, "railway_crossing_confidence": "high", "metro_interface_score": 0, "metro_interface_confidence": "high", "existing_elevated_structure_score": 0, "existing_elevated_structure_confidence": "high", "major_arterial_crossing_score": 0, "major_arterial_crossing_confidence": "high", "restricted_military_area_score": 0, "restricted_military_area_confidence": "low", "eht_line_crossing_score": 0, "eht_line_crossing_confidence": "low", "dam_check_structure_score": 0, "dam_check_structure_confidence": "medium", "curve_severity_score": 3, "curve_severity_confidence": "high", "irc86_min_radius_m": 150, "entry_exit_distance_to_arterial_m": 7802.235619902046, "entry_exit_feasibility_score": 3, "entry_exit_feasibility_confidence": "medium", "land_availability_frac_built": 0.0, "land_availability_score": 0, "land_availability_confidence": "high", "habitation_building_count": 0, "habitation_population_sum": 1536.79931640625, "habitation_proximity_score": 0, "habitation_proximity_confidence": "high", "hydraulic_sensitivity_index": 1.0, "hydraulic_sensitivity_confidence": "low", "composite_score": 0.75, "severity_band": "high", "robust_hotspot": false }, "geometry": { "type": "LineString", "coordinates": [ [ 75.949870321632716, 26.750089483548379 ], [ 75.950121406167668, 26.749838030324131 ], [ 75.949622678824952, 26.750182777788471 ] ] } },
{ "type": "Feature", "properties": { "chainage_m": 38200, "segment_length_m": 100.0, "radius_m": 246.13388434459193, "railway_crossing_score": 0, "railway_crossing_confidence": "high", "metro_interface_score": 0, "metro_interface_confidence": "high", "existing_elevated_structure_score": 0, "existing_elevated_structure_confidence": "high", "major_arterial_crossing_score": 0, "major_arterial_crossing_confidence": "high", "restricted_military_area_score": 0, "restricted_military_area_confidence": "low", "eht_line_crossing_score": 0, "eht_line_crossing_confidence": "low", "dam_check_structure_score": 0, "dam_check_structure_confidence": "medium", "curve_severity_score": 0, "curve_severity_confidence": "high", "irc86_min_radius_m": 150, "entry_exit_distance_to_arterial_m": 7747.427045016324, "entry_exit_feasibility_score": 3, "entry_exit_feasibility_confidence": "medium", "land_availability_frac_built": 0.0, "land_availability_score": 0, "land_availability_confidence": "high", "habitation_building_count": 0, "habitation_population_sum": 1536.79931640625, "habitation_proximity_score": 0, "habitation_proximity_confidence": "high", "hydraulic_sensitivity_index": 1.0, "hydraulic_sensitivity_confidence": "low", "composite_score": 0.5, "severity_band": "medium", "robust_hotspot": false }, "geometry": { "type": "LineString", "coordinates": [ [ 75.949622678824952, 26.750182777788471 ], [ 75.948825903131848, 26.7507335446229 ] ] } },
{ "type": "Feature", "properties": { "chainage_m": 38300, "segment_length_m": 100.0, "radius_m": 100000.0, "railway_crossing_score": 0, "railway_crossing_confidence": "high", "metro_interface_score": 0, "metro_interface_confidence": "high", "existing_elevated_structure_score": 0, "existing_elevated_structure_confidence": "high", "major_arterial_crossing_score": 0, "major_arterial_crossing_confidence": "high", "restricted_military_area_score": 0, "restricted_military_area_confidence": "low", "eht_line_crossing_score": 0, "eht_line_crossing_confidence": "low", "dam_check_structure_score": 0, "dam_check_structure_confidence": "medium", "curve_severity_score": 0, "curve_severity_confidence": "high", "irc86_min_radius_m": 150, "entry_exit_distance_to_arterial_m": 7693.5278622511123, "entry_exit_feasibility_score": 3, "entry_exit_feasibility_confidence": "medium", "land_availability_frac_built": 0.0, "land_availability_score": 0, "land_availability_confidence": "high", "habitation_building_count": 0, "habitation_population_sum": 770.02740478515625, "habitation_proximity_score": 0, "habitation_proximity_confidence": "high", "hydraulic_sensitivity_index": 1.0, "hydraulic_sensitivity_confidence": "low", "composite_score": 0.5, "severity_band": "medium", "robust_hotspot": false }, "geometry": { "type": "LineString", "coordinates": [ [ 75.948825903131848, 26.7507335446229 ], [ 75.948029119697068, 26.751284307139986 ] ] } },
{ "type": "Feature", "properties": { "chainage_m": 38400, "segment_length_m": 100.0, "radius_m": 100000.0, "railway_crossing_score": 0, "railway_crossing_confidence": "high", "metro_interface_score": 0, "metro_interface_confidence": "high", "existing_elevated_structure_score": 0, "existing_elevated_structure_confidence": "high", "major_arterial_crossing_score": 0, "major_arterial_crossing_confidence": "high", "restricted_military_area_score": 0, "restricted_military_area_confidence": "low", "eht_line_crossing_score": 0, "eht_line_crossing_confidence": "low", "dam_check_structure_score": 0, "dam_check_structure_confidence": "medium", "curve_severity_score": 0, "curve_severity_confidence": "high", "irc86_min_radius_m": 150, "entry_exit_distance_to_arterial_m": 7640.5573171475053, "entry_exit_feasibility_score": 3, "entry_exit_feasibility_confidence": "medium", "land_availability_frac_built": 0.0, "land_availability_score": 0, "land_availability_confidence": "high", "habitation_building_count": 0, "habitation_population_sum": 770.02740478515625, "habitation_proximity_score": 0, "habitation_proximity_confidence": "high", "hydraulic_sensitivity_index": 1.0, "hydraulic_sensitivity_confidence": "low", "composite_score": 0.5, "severity_band": "medium", "robust_hotspot": false }, "geometry": { "type": "LineString", "coordinates": [ [ 75.948029119697068, 26.751284307139986 ], [ 75.947232328520499, 26.751835065339385 ] ] } },
{ "type": "Feature", "properties": { "chainage_m": 38500, "segment_length_m": 100.0, "radius_m": 100000.0, "railway_crossing_score": 0, "railway_crossing_confidence": "high", "metro_interface_score": 0, "metro_interface_confidence": "high", "existing_elevated_structure_score": 0, "existing_elevated_structure_confidence": "high", "major_arterial_crossing_score": 0, "major_arterial_crossing_confidence": "high", "restricted_military_area_score": 0, "restricted_military_area_confidence": "low", "eht_line_crossing_score": 0, "eht_line_crossing_confidence": "low", "dam_check_structure_score": 0, "dam_check_structure_confidence": "medium", "curve_severity_score": 0, "curve_severity_confidence": "high", "irc86_min_radius_m": 150, "entry_exit_distance_to_arterial_m": 7575.5402321313741, "entry_exit_feasibility_score": 3, "entry_exit_feasibility_confidence": "medium", "land_availability_frac_built": 0.0, "land_availability_score": 0, "land_availability_confidence": "high", "habitation_building_count": 0, "habitation_population_sum": 364.45309448242188, "habitation_proximity_score": 0, "habitation_proximity_confidence": "high", "hydraulic_sensitivity_index": 1.0, "hydraulic_sensitivity_confidence": "low", "composite_score": 0.5, "severity_band": "medium", "robust_hotspot": false }, "geometry": { "type": "LineString", "coordinates": [ [ 75.947232328520499, 26.751835065339385 ], [ 75.946435529601985, 26.752385819220788 ] ] } },
{ "type": "Feature", "properties": { "chainage_m": 38600, "segment_length_m": 100.0, "radius_m": 100000.0, "railway_crossing_score": 0, "railway_crossing_confidence": "high", "metro_interface_score": 0, "metro_interface_confidence": "high", "existing_elevated_structure_score": 0, "existing_elevated_structure_confidence": "high", "major_arterial_crossing_score": 0, "major_arterial_crossing_confidence": "high", "restricted_military_area_score": 0, "restricted_military_area_confidence": "low", "eht_line_crossing_score": 0, "eht_line_crossing_confidence": "low", "dam_check_structure_score": 0, "dam_check_structure_confidence": "medium", "curve_severity_score": 0, "curve_severity_confidence": "high", "irc86_min_radius_m": 150, "entry_exit_distance_to_arterial_m": 7496.6015451306648, "entry_exit_feasibility_score": 3, "entry_exit_feasibility_confidence": "medium", "land_availability_frac_built": 0.0, "land_availability_score": 0, "land_availability_confidence": "high", "habitation_building_count": 0, "habitation_population_sum": 364.45309448242188, "habitation_proximity_score": 0, "habitation_proximity_confidence": "high", "hydraulic_sensitivity_index": 1.0, "hydraulic_sensitivity_confidence": "low", "composite_score": 0.5, "severity_band": "medium", "robust_hotspot": false }, "geometry": { "type": "LineString", "coordinates": [ [ 75.946435529601985, 26.752385819220788 ], [ 75.945638722941354, 26.752936568783873 ] ] } },
{ "type": "Feature", "properties": { "chainage_m": 38700, "segment_length_m": 100.0, "radius_m": 100000.0, "railway_crossing_score": 0, "railway_crossing_confidence": "high", "metro_interface_score": 0, "metro_interface_confidence": "high", "existing_elevated_structure_score": 0, "existing_elevated_structure_confidence": "high", "major_arterial_crossing_score": 0, "major_arterial_crossing_confidence": "high", "restricted_military_area_score": 0, "restricted_military_area_confidence": "low", "eht_line_crossing_score": 0, "eht_line_crossing_confidence": "low", "dam_check_structure_score": 0, "dam_check_structure_confidence": "medium", "curve_severity_score": 0, "curve_severity_confidence": "high", "irc86_min_radius_m": 150, "entry_exit_distance_to_arterial_m": 7418.1709096159002, "entry_exit_feasibility_score": 3, "entry_exit_feasibility_confidence": "medium", "land_availability_frac_built": 0.0, "land_availability_score": 0, "land_availability_confidence": "high", "habitation_building_count": 0, "habitation_population_sum": 364.45309448242188, "habitation_proximity_score": 0, "habitation_proximity_confidence": "high", "hydraulic_sensitivity_index": 1.0, "hydraulic_sensitivity_confidence": "low", "composite_score": 0.5, "severity_band": "medium", "robust_hotspot": false }, "geometry": { "type": "LineString", "coordinates": [ [ 75.945638722941354, 26.752936568783873 ], [ 75.944841908538478, 26.753487314028309 ] ] } },
{ "type": "Feature", "properties": { "chainage_m": 38800, "segment_length_m": 100.0, "radius_m": 100000.0, "railway_crossing_score": 0, "railway_crossing_confidence": "high", "metro_interface_score": 0, "metro_interface_confidence": "high", "existing_elevated_structure_score": 0, "existing_elevated_structure_confidence": "high", "major_arterial_crossing_score": 0, "major_arterial_crossing_confidence": "high", "restricted_military_area_score": 0, "restricted_military_area_confidence": "low", "eht_line_crossing_score": 0, "eht_line_crossing_confidence": "low", "dam_check_structure_score": 0, "dam_check_structure_confidence": "medium", "curve_severity_score": 0, "curve_severity_confidence": "high", "irc86_min_radius_m": 150, "entry_exit_distance_to_arterial_m": 7340.2646111762206, "entry_exit_feasibility_score": 3, "entry_exit_feasibility_confidence": "medium", "land_availability_frac_built": 0.0, "land_availability_score": 0, "land_availability_confidence": "high", "habitation_building_count": 0, "habitation_population_sum": 364.45309448242188, "habitation_proximity_score": 0, "habitation_proximity_confidence": "high", "hydraulic_sensitivity_index": 1.0, "hydraulic_sensitivity_confidence": "low", "composite_score": 0.5, "severity_band": "medium", "robust_hotspot": false }, "geometry": { "type": "LineString", "coordinates": [ [ 75.944841908538478, 26.753487314028309 ], [ 75.944045086393203, 26.754038054953789 ] ] } },
{ "type": "Feature", "properties": { "chainage_m": 38900, "segment_length_m": 100.0, "radius_m": 100000.0, "railway_crossing_score": 0, "railway_crossing_confidence": "high", "metro_interface_score": 0, "metro_interface_confidence": "high", "existing_elevated_structure_score": 0, "existing_elevated_structure_confidence": "high", "major_arterial_crossing_score": 0, "major_arterial_crossing_confidence": "high", "restricted_military_area_score": 0, "restricted_military_area_confidence": "low", "eht_line_crossing_score": 0, "eht_line_crossing_confidence": "low", "dam_check_structure_score": 0, "dam_check_structure_confidence": "medium", "curve_severity_score": 0, "curve_severity_confidence": "high", "irc86_min_radius_m": 150, "entry_exit_distance_to_arterial_m": 7262.8995229109687, "entry_exit_feasibility_score": 3, "entry_exit_feasibility_confidence": "medium", "land_availability_frac_built": 0.0, "land_availability_score": 0, "land_availability_confidence": "high", "habitation_building_count": 0, "habitation_population_sum": 364.45309448242188, "habitation_proximity_score": 0, "habitation_proximity_confidence": "high", "hydraulic_sensitivity_index": 1.0, "hydraulic_sensitivity_confidence": "low", "composite_score": 0.5, "severity_band": "medium", "robust_hotspot": false }, "geometry": { "type": "LineString", "coordinates": [ [ 75.944045086393203, 26.754038054953789 ], [ 75.94324825650537, 26.754588791559975 ] ] } },
{ "type": "Feature", "properties": { "chainage_m": 39000, "segment_length_m": 100.0, "radius_m": 100000.0, "railway_crossing_score": 0, "railway_crossing_confidence": "high", "metro_interface_score": 0, "metro_interface_confidence": "high", "existing_elevated_structure_score": 0, "existing_elevated_structure_confidence": "high", "major_arterial_crossing_score": 0, "major_arterial_crossing_confidence": "high", "restricted_military_area_score": 0, "restricted_military_area_confidence": "low", "eht_line_crossing_score": 0, "eht_line_crossing_confidence": "low", "dam_check_structure_score": 0, "dam_check_structure_confidence": "medium", "curve_severity_score": 0, "curve_severity_confidence": "high", "irc86_min_radius_m": 150, "entry_exit_distance_to_arterial_m": 7186.0931247594335, "entry_exit_feasibility_score": 3, "entry_exit_feasibility_confidence": "medium", "land_availability_frac_built": 0.0, "land_availability_score": 0, "land_availability_confidence": "high", "habitation_building_count": 0, "habitation_population_sum": 364.45309448242188, "habitation_proximity_score": 0, "habitation_proximity_confidence": "high", "hydraulic_sensitivity_index": 1.0, "hydraulic_sensitivity_confidence": "low", "composite_score": 0.5, "severity_band": "medium", "robust_hotspot": false }, "geometry": { "type": "LineString", "coordinates": [ [ 75.94324825650537, 26.754588791559975 ], [ 75.942451418874867, 26.755139523846552 ] ] } },
{ "type": "Feature", "properties": { "chainage_m": 39100, "segment_length_m": 100.0, "radius_m": 100000.0, "railway_crossing_score": 0, "railway_crossing_confidence": "high", "metro_interface_score": 0, "metro_interface_confidence": "high", "existing_elevated_structure_score": 0, "existing_elevated_structure_confidence": "high", "major_arterial_crossing_score": 0, "major_arterial_crossing_confidence": "high", "restricted_military_area_score": 0, "restricted_military_area_confidence": "low", "eht_line_crossing_score": 0, "eht_line_crossing_confidence": "low", "dam_check_structure_score": 0, "dam_check_structure_confidence": "medium", "curve_severity_score": 0, "curve_severity_confidence": "high", "irc86_min_radius_m": 150, "entry_exit_distance_to_arterial_m": 7109.8635229890915, "entry_exit_feasibility_score": 3, "entry_exit_feasibility_confidence": "medium", "land_availability_frac_built": 0.0, "land_availability_score": 0, "land_availability_confidence": "high", "habitation_building_count": 0, "habitation_population_sum": 364.45309448242188, "habitation_proximity_score": 0, "habitation_proximity_confidence": "high", "hydraulic_sensitivity_index": 1.0, "hydraulic_sensitivity_confidence": "low", "composite_score": 0.5, "severity_band": "medium", "robust_hotspot": false }, "geometry": { "type": "LineString", "coordinates": [ [ 75.942451418874867, 26.755139523846552 ], [ 75.941654573501509, 26.755690251813199 ] ] } },
{ "type": "Feature", "properties": { "chainage_m": 39200, "segment_length_m": 100.0, "radius_m": 100000.0, "railway_crossing_score": 0, "railway_crossing_confidence": "high", "metro_interface_score": 0, "metro_interface_confidence": "high", "existing_elevated_structure_score": 0, "existing_elevated_structure_confidence": "high", "major_arterial_crossing_score": 0, "major_arterial_crossing_confidence": "high", "restricted_military_area_score": 0, "restricted_military_area_confidence": "low", "eht_line_crossing_score": 0, "eht_line_crossing_confidence": "low", "dam_check_structure_score": 0, "dam_check_structure_confidence": "medium", "curve_severity_score": 0, "curve_severity_confidence": "high", "irc86_min_radius_m": 150, "entry_exit_distance_to_arterial_m": 7034.2294697674788, "entry_exit_feasibility_score": 3, "entry_exit_feasibility_confidence": "medium", "land_availability_frac_built": 0.0, "land_availability_score": 0, "land_availability_confidence": "high", "habitation_building_count": 0, "habitation_population_sum": 741.5831298828125, "habitation_proximity_score": 0, "habitation_proximity_confidence": "high", "hydraulic_sensitivity_index": 1.0, "hydraulic_sensitivity_confidence": "low", "composite_score": 0.5, "severity_band": "medium", "robust_hotspot": false }, "geometry": { "type": "LineString", "coordinates": [ [ 75.941654573501509, 26.755690251813199 ], [ 75.940857720385182, 26.756240975459594 ] ] } },
{ "type": "Feature", "properties": { "chainage_m": 39300, "segment_length_m": 100.0, "radius_m": 100000.0, "railway_crossing_score": 0, "railway_crossing_confidence": "high", "metro_interface_score": 0, "metro_interface_confidence": "high", "existing_elevated_structure_score": 0, "existing_elevated_structure_confidence": "high", "major_arterial_crossing_score": 0, "major_arterial_crossing_confidence": "high", "restricted_military_area_score": 0, "restricted_military_area_confidence": "low", "eht_line_crossing_score": 0, "eht_line_crossing_confidence": "low", "dam_check_structure_score": 0, "dam_check_structure_confidence": "medium", "curve_severity_score": 0, "curve_severity_confidence": "high", "irc86_min_radius_m": 150, "entry_exit_distance_to_arterial_m": 6959.2103827345009, "entry_exit_feasibility_score": 3, "entry_exit_feasibility_confidence": "medium", "land_availability_frac_built": 0.0, "land_availability_score": 0, "land_availability_confidence": "high", "habitation_building_count": 0, "habitation_population_sum": 741.5831298828125, "habitation_proximity_score": 0, "habitation_proximity_confidence": "high", "hydraulic_sensitivity_index": 1.0, "hydraulic_sensitivity_confidence": "low", "composite_score": 0.5, "severity_band": "medium", "robust_hotspot": false }, "geometry": { "type": "LineString", "coordinates": [ [ 75.940857720385182, 26.756240975459594 ], [ 75.940060859525701, 26.756791694785406 ] ] } },
{ "type": "Feature", "properties": { "chainage_m": 39400, "segment_length_m": 100.0, "radius_m": 100000.0, "railway_crossing_score": 0, "railway_crossing_confidence": "high", "metro_interface_score": 0, "metro_interface_confidence": "high", "existing_elevated_structure_score": 0, "existing_elevated_structure_confidence": "high", "major_arterial_crossing_score": 0, "major_arterial_crossing_confidence": "high", "restricted_military_area_score": 0, "restricted_military_area_confidence": "low", "eht_line_crossing_score": 0, "eht_line_crossing_confidence": "low", "dam_check_structure_score": 0, "dam_check_structure_confidence": "medium", "curve_severity_score": 0, "curve_severity_confidence": "high", "irc86_min_radius_m": 150, "entry_exit_distance_to_arterial_m": 6884.8263644752933, "entry_exit_feasibility_score": 3, "entry_exit_feasibility_confidence": "medium", "land_availability_frac_built": 0.0, "land_availability_score": 0, "land_availability_confidence": "high", "habitation_building_count": 0, "habitation_population_sum": 1610.198486328125, "habitation_proximity_score": 0, "habitation_proximity_confidence": "high", "hydraulic_sensitivity_index": 1.0, "hydraulic_sensitivity_confidence": "low", "composite_score": 0.5, "severity_band": "medium", "robust_hotspot": false }, "geometry": { "type": "LineString", "coordinates": [ [ 75.940060859525701, 26.756791694785406 ], [ 75.939263990922925, 26.757342409790333 ] ] } },
{ "type": "Feature", "properties": { "chainage_m": 39500, "segment_length_m": 100.0, "radius_m": 100000.0, "railway_crossing_score": 0, "railway_crossing_confidence": "high", "metro_interface_score": 0, "metro_interface_confidence": "high", "existing_elevated_structure_score": 0, "existing_elevated_structure_confidence": "high", "major_arterial_crossing_score": 0, "major_arterial_crossing_confidence": "high", "restricted_military_area_score": 0, "restricted_military_area_confidence": "low", "eht_line_crossing_score": 0, "eht_line_crossing_confidence": "low", "dam_check_structure_score": 0, "dam_check_structure_confidence": "medium", "curve_severity_score": 0, "curve_severity_confidence": "high", "irc86_min_radius_m": 150, "entry_exit_distance_to_arterial_m": 6811.0982217839528, "entry_exit_feasibility_score": 3, "entry_exit_feasibility_confidence": "medium", "land_availability_frac_built": 0.0, "land_availability_score": 0, "land_availability_confidence": "high", "habitation_building_count": 0, "habitation_population_sum": 827.982421875, "habitation_proximity_score": 0, "habitation_proximity_confidence": "high", "hydraulic_sensitivity_index": 1.0, "hydraulic_sensitivity_confidence": "low", "composite_score": 0.5, "severity_band": "medium", "robust_hotspot": false }, "geometry": { "type": "LineString", "coordinates": [ [ 75.939263990922925, 26.757342409790333 ], [ 75.938467114576724, 26.757893120474026 ] ] } },
{ "type": "Feature", "properties": { "chainage_m": 39600, "segment_length_m": 100.0, "radius_m": 100000.0, "railway_crossing_score": 0, "railway_crossing_confidence": "high", "metro_interface_score": 0, "metro_interface_confidence": "high", "existing_elevated_structure_score": 0, "existing_elevated_structure_confidence": "high", "major_arterial_crossing_score": 0, "major_arterial_crossing_confidence": "high", "restricted_military_area_score": 0, "restricted_military_area_confidence": "low", "eht_line_crossing_score": 0, "eht_line_crossing_confidence": "low", "dam_check_structure_score": 0, "dam_check_structure_confidence": "medium", "curve_severity_score": 0, "curve_severity_confidence": "high", "irc86_min_radius_m": 150, "entry_exit_distance_to_arterial_m": 6738.047484591104, "entry_exit_feasibility_score": 3, "entry_exit_feasibility_confidence": "medium", "land_availability_frac_built": 0.0, "land_availability_score": 0, "land_availability_confidence": "high", "habitation_building_count": 0, "habitation_population_sum": 827.982421875, "habitation_proximity_score": 0, "habitation_proximity_confidence": "high", "hydraulic_sensitivity_index": 1.0, "hydraulic_sensitivity_confidence": "low", "composite_score": 0.5, "severity_band": "medium", "robust_hotspot": false }, "geometry": { "type": "LineString", "coordinates": [ [ 75.938467114576724, 26.757893120474026 ], [ 75.937670230486944, 26.758443826836185 ] ] } },
{ "type": "Feature", "properties": { "chainage_m": 39700, "segment_length_m": 100.0, "radius_m": 100000.0, "railway_crossing_score": 0, "railway_crossing_confidence": "high", "metro_interface_score": 0, "metro_interface_confidence": "high", "existing_elevated_structure_score": 0, "existing_elevated_structure_confidence": "high", "major_arterial_crossing_score": 0, "major_arterial_crossing_confidence": "high", "restricted_military_area_score": 0, "restricted_military_area_confidence": "low", "eht_line_crossing_score": 0, "eht_line_crossing_confidence": "low", "dam_check_structure_score": 0, "dam_check_structure_confidence": "medium", "curve_severity_score": 0, "curve_severity_confidence": "high", "irc86_min_radius_m": 150, "entry_exit_distance_to_arterial_m": 6665.6964244120009, "entry_exit_feasibility_score": 3, "entry_exit_feasibility_confidence": "medium", "land_availability_frac_built": 0.0, "land_availability_score": 0, "land_availability_confidence": "high", "habitation_building_count": 0, "habitation_population_sum": 827.982421875, "habitation_proximity_score": 0, "habitation_proximity_confidence": "high", "hydraulic_sensitivity_index": 1.0, "hydraulic_sensitivity_confidence": "low", "composite_score": 0.5, "severity_band": "medium", "robust_hotspot": false }, "geometry": { "type": "LineString", "coordinates": [ [ 75.937670230486944, 26.758443826836185 ], [ 75.936873338653427, 26.758994528876471 ] ] } },
{ "type": "Feature", "properties": { "chainage_m": 39800, "segment_length_m": 100.0, "radius_m": 100000.0, "railway_crossing_score": 0, "railway_crossing_confidence": "high", "metro_interface_score": 0, "metro_interface_confidence": "high", "existing_elevated_structure_score": 0, "existing_elevated_structure_confidence": "high", "major_arterial_crossing_score": 0, "major_arterial_crossing_confidence": "high", "restricted_military_area_score": 0, "restricted_military_area_confidence": "low", "eht_line_crossing_score": 0, "eht_line_crossing_confidence": "low", "dam_check_structure_score": 0, "dam_check_structure_confidence": "medium", "curve_severity_score": 0, "curve_severity_confidence": "high", "irc86_min_radius_m": 150, "entry_exit_distance_to_arterial_m": 6594.0680721565313, "entry_exit_feasibility_score": 3, "entry_exit_feasibility_confidence": "medium", "land_availability_frac_built": 0.0, "land_availability_score": 0, "land_availability_confidence": "high", "habitation_building_count": 0, "habitation_population_sum": 450.8524169921875, "habitation_proximity_score": 0, "habitation_proximity_confidence": "high", "hydraulic_sensitivity_index": 1.0, "hydraulic_sensitivity_confidence": "low", "composite_score": 0.5, "severity_band": "medium", "robust_hotspot": false }, "geometry": { "type": "LineString", "coordinates": [ [ 75.936873338653427, 26.758994528876471 ], [ 75.936076439076032, 26.759545226594586 ] ] } },
{ "type": "Feature", "properties": { "chainage_m": 39900, "segment_length_m": 100.0, "radius_m": 100000.0, "railway_crossing_score": 0, "railway_crossing_confidence": "high", "metro_interface_score": 0, "metro_interface_confidence": "high", "existing_elevated_structure_score": 0, "existing_elevated_structure_confidence": "high", "major_arterial_crossing_score": 0, "major_arterial_crossing_confidence": "high", "restricted_military_area_score": 0, "restricted_military_area_confidence": "low", "eht_line_crossing_score": 0, "eht_line_crossing_confidence": "low", "dam_check_structure_score": 0, "dam_check_structure_confidence": "medium", "curve_severity_score": 0, "curve_severity_confidence": "high", "irc86_min_radius_m": 150, "entry_exit_distance_to_arterial_m": 6523.186235119203, "entry_exit_feasibility_score": 3, "entry_exit_feasibility_confidence": "medium", "land_availability_frac_built": 0.0, "land_availability_score": 0, "land_availability_confidence": "high", "habitation_building_count": 0, "habitation_population_sum": 450.8524169921875, "habitation_proximity_score": 0, "habitation_proximity_confidence": "high", "hydraulic_sensitivity_index": 1.0, "hydraulic_sensitivity_confidence": "low", "composite_score": 0.5, "severity_band": "medium", "robust_hotspot": false }, "geometry": { "type": "LineString", "coordinates": [ [ 75.936076439076032, 26.759545226594586 ], [ 75.935279531754617, 26.760095919990178 ] ] } },
{ "type": "Feature", "properties": { "chainage_m": 40000, "segment_length_m": 100.0, "radius_m": 100000.0, "railway_crossing_score": 0, "railway_crossing_confidence": "high", "metro_interface_score": 0, "metro_interface_confidence": "high", "existing_elevated_structure_score": 0, "existing_elevated_structure_confidence": "high", "major_arterial_crossing_score": 0, "major_arterial_crossing_confidence": "high", "restricted_military_area_score": 0, "restricted_military_area_confidence": "low", "eht_line_crossing_score": 0, "eht_line_crossing_confidence": "low", "dam_check_structure_score": 0, "dam_check_structure_confidence": "medium", "curve_severity_score": 0, "curve_severity_confidence": "high", "irc86_min_radius_m": 150, "entry_exit_distance_to_arterial_m": 6453.0755129523031, "entry_exit_feasibility_score": 2, "entry_exit_feasibility_confidence": "medium", "land_availability_frac_built": 0.0, "land_availability_score": 0, "land_availability_confidence": "high", "habitation_building_count": 0, "habitation_population_sum": 450.8524169921875, "habitation_proximity_score": 0, "habitation_proximity_confidence": "high", "hydraulic_sensitivity_index": 1.0, "hydraulic_sensitivity_confidence": "low", "composite_score": 0.41666666666666669, "severity_band": "low", "robust_hotspot": false }, "geometry": { "type": "LineString", "coordinates": [ [ 75.935279531754617, 26.760095919990178 ], [ 75.934482616689024, 26.760646609062945 ] ] } },
{ "type": "Feature", "properties": { "chainage_m": 40100, "segment_length_m": 100.0, "radius_m": 100000.0, "railway_crossing_score": 0, "railway_crossing_confidence": "high", "metro_interface_score": 0, "metro_interface_confidence": "high", "existing_elevated_structure_score": 0, "existing_elevated_structure_confidence": "high", "major_arterial_crossing_score": 0, "major_arterial_crossing_confidence": "high", "restricted_military_area_score": 0, "restricted_military_area_confidence": "low", "eht_line_crossing_score": 0, "eht_line_crossing_confidence": "low", "dam_check_structure_score": 0, "dam_check_structure_confidence": "medium", "curve_severity_score": 0, "curve_severity_confidence": "high", "irc86_min_radius_m": 150, "entry_exit_distance_to_arterial_m": 6383.7613123987585, "entry_exit_feasibility_score": 2, "entry_exit_feasibility_confidence": "medium", "land_availability_frac_built": 0.0, "land_availability_score": 0, "land_availability_confidence": "high", "habitation_building_count": 0, "habitation_population_sum": 450.8524169921875, "habitation_proximity_score": 0, "habitation_proximity_confidence": "high", "hydraulic_sensitivity_index": 1.0, "hydraulic_sensitivity_confidence": "low", "composite_score": 0.41666666666666669, "severity_band": "low", "robust_hotspot": false }, "geometry": { "type": "LineString", "coordinates": [ [ 75.934482616689024, 26.760646609062945 ], [ 75.933685693879127, 26.761197293812554 ] ] } },
{ "type": "Feature", "properties": { "chainage_m": 40200, "segment_length_m": 100.0, "radius_m": 100000.0, "railway_crossing_score": 0, "railway_crossing_confidence": "high", "metro_interface_score": 0, "metro_interface_confidence": "high", "existing_elevated_structure_score": 0, "existing_elevated_structure_confidence": "high", "major_arterial_crossing_score": 0, "major_arterial_crossing_confidence": "high", "restricted_military_area_score": 0, "restricted_military_area_confidence": "low", "eht_line_crossing_score": 0, "eht_line_crossing_confidence": "low", "dam_check_structure_score": 0, "dam_check_structure_confidence": "medium", "curve_severity_score": 0, "curve_severity_confidence": "high", "irc86_min_radius_m": 150, "entry_exit_distance_to_arterial_m": 6315.2551182175794, "entry_exit_feasibility_score": 2, "entry_exit_feasibility_confidence": "medium", "land_availability_frac_built": 0.0, "land_availability_score": 0, "land_availability_confidence": "high", "habitation_building_count": 0, "habitation_population_sum": 904.50994873046875, "habitation_proximity_score": 0, "habitation_proximity_confidence": "high", "hydraulic_sensitivity_index": 1.0, "hydraulic_sensitivity_confidence": "low", "composite_score": 0.41666666666666669, "severity_band": "low", "robust_hotspot": false }, "geometry": { "type": "LineString", "coordinates": [ [ 75.933685693879127, 26.761197293812554 ], [ 75.932888763324726, 26.761747974238688 ] ] } },
{ "type": "Feature", "properties": { "chainage_m": 40300, "segment_length_m": 100.0, "radius_m": 100000.0, "railway_crossing_score": 0, "railway_crossing_confidence": "high", "metro_interface_score": 0, "metro_interface_confidence": "high", "existing_elevated_structure_score": 0, "existing_elevated_structure_confidence": "high", "major_arterial_crossing_score": 0, "major_arterial_crossing_confidence": "high", "restricted_military_area_score": 0, "restricted_military_area_confidence": "low", "eht_line_crossing_score": 0, "eht_line_crossing_confidence": "low", "dam_check_structure_score": 0, "dam_check_structure_confidence": "medium", "curve_severity_score": 0, "curve_severity_confidence": "high", "irc86_min_radius_m": 150, "entry_exit_distance_to_arterial_m": 6247.0258642896169, "entry_exit_feasibility_score": 2, "entry_exit_feasibility_confidence": "medium", "land_availability_frac_built": 0.0, "land_availability_score": 0, "land_availability_confidence": "high", "habitation_building_count": 0, "habitation_population_sum": 904.50994873046875, "habitation_proximity_score": 0, "habitation_proximity_confidence": "high", "hydraulic_sensitivity_index": 1.0, "hydraulic_sensitivity_confidence": "low", "composite_score": 0.41666666666666669, "severity_band": "low", "robust_hotspot": false }, "geometry": { "type": "LineString", "coordinates": [ [ 75.932888763324726, 26.761747974238688 ], [ 75.932091825025722, 26.762298650341027 ] ] } },
{ "type": "Feature", "properties": { "chainage_m": 40400, "segment_length_m": 100.0, "radius_m": 100000.0, "railway_crossing_score": 0, "railway_crossing_confidence": "high", "metro_interface_score": 0, "metro_interface_confidence": "high", "existing_elevated_structure_score": 0, "existing_elevated_structure_confidence": "high", "major_arterial_crossing_score": 0, "major_arterial_crossing_confidence": "high", "restricted_military_area_score": 0, "restricted_military_area_confidence": "low", "eht_line_crossing_score": 0, "eht_line_crossing_confidence": "low", "dam_check_structure_score": 0, "dam_check_structure_confidence": "medium", "curve_severity_score": 0, "curve_severity_confidence": "high", "irc86_min_radius_m": 150, "entry_exit_distance_to_arterial_m": 6178.7966103616545, "entry_exit_feasibility_score": 2, "entry_exit_feasibility_confidence": "medium", "land_availability_frac_built": 0.0, "land_availability_score": 0, "land_availability_confidence": "high", "habitation_building_count": 0, "habitation_population_sum": 904.50994873046875, "habitation_proximity_score": 0, "habitation_proximity_confidence": "high", "hydraulic_sensitivity_index": 1.0, "hydraulic_sensitivity_confidence": "low", "composite_score": 0.41666666666666669, "severity_band": "low", "robust_hotspot": false }, "geometry": { "type": "LineString", "coordinates": [ [ 75.932091825025722, 26.762298650341027 ], [ 75.931294878981959, 26.762849322119244 ] ] } },
{ "type": "Feature", "properties": { "chainage_m": 40500, "segment_length_m": 100.0, "radius_m": 100000.0, "railway_crossing_score": 0, "railway_crossing_confidence": "high", "metro_interface_score": 0, "metro_interface_confidence": "high", "existing_elevated_structure_score": 0, "existing_elevated_structure_confidence": "high", "major_arterial_crossing_score": 0, "major_arterial_crossing_confidence": "high", "restricted_military_area_score": 0, "restricted_military_area_confidence": "low", "eht_line_crossing_score": 0, "eht_line_crossing_confidence": "low", "dam_check_structure_score": 0, "dam_check_structure_confidence": "medium", "curve_severity_score": 0, "curve_severity_confidence": "high", "irc86_min_radius_m": 150, "entry_exit_distance_to_arterial_m": 6110.5673464016872, "entry_exit_feasibility_score": 2, "entry_exit_feasibility_confidence": "medium", "land_availability_frac_built": 0.0, "land_availability_score": 0, "land_availability_confidence": "high", "habitation_building_count": 0, "habitation_population_sum": 904.50994873046875, "habitation_proximity_score": 0, "habitation_proximity_confidence": "high", "hydraulic_sensitivity_index": 1.0, "hydraulic_sensitivity_confidence": "low", "composite_score": 0.41666666666666669, "severity_band": "low", "robust_hotspot": false }, "geometry": { "type": "LineString", "coordinates": [ [ 75.931294878981959, 26.762849322119244 ], [ 75.930497925193279, 26.763399989573017 ] ] } },
{ "type": "Feature", "properties": { "chainage_m": 40600, "segment_length_m": 100.0, "radius_m": 100000.0, "railway_crossing_score": 0, "railway_crossing_confidence": "high", "metro_interface_score": 0, "metro_interface_confidence": "high", "existing_elevated_structure_score": 0, "existing_elevated_structure_confidence": "high", "major_arterial_crossing_score": 0, "major_arterial_crossing_confidence": "high", "restricted_military_area_score": 0, "restricted_military_area_confidence": "low", "eht_line_crossing_score": 0, "eht_line_crossing_confidence": "low", "dam_check_structure_score": 0, "dam_check_structure_confidence": "medium", "curve_severity_score": 0, "curve_severity_confidence": "high", "irc86_min_radius_m": 150, "entry_exit_distance_to_arterial_m": 6041.8296354579934, "entry_exit_feasibility_score": 2, "entry_exit_feasibility_confidence": "medium", "land_availability_frac_built": 0.0, "land_availability_score": 0, "land_availability_confidence": "high", "habitation_building_count": 0, "habitation_population_sum": 453.65753173828125, "habitation_proximity_score": 0, "habitation_proximity_confidence": "high", "hydraulic_sensitivity_index": 1.0, "hydraulic_sensitivity_confidence": "low", "composite_score": 0.41666666666666669, "severity_band": "low", "robust_hotspot": false }, "geometry": { "type": "LineString", "coordinates": [ [ 75.930497925193279, 26.763399989573017 ], [ 75.929700963659542, 26.763950652702025 ] ] } },
{ "type": "Feature", "properties": { "chainage_m": 40700, "segment_length_m": 100.0, "radius_m": 100000.0, "railway_crossing_score": 0, "railway_crossing_confidence": "high", "metro_interface_score": 0, "metro_interface_confidence": "high", "existing_elevated_structure_score": 0, "existing_elevated_structure_confidence": "high", "major_arterial_crossing_score": 0, "major_arterial_crossing_confidence": "high", "restricted_military_area_score": 0, "restricted_military_area_confidence": "low", "eht_line_crossing_score": 0, "eht_line_crossing_confidence": "low", "dam_check_structure_score": 0, "dam_check_structure_confidence": "medium", "curve_severity_score": 0, "curve_severity_confidence": "high", "irc86_min_radius_m": 150, "entry_exit_distance_to_arterial_m": 5972.833434539396, "entry_exit_feasibility_score": 2, "entry_exit_feasibility_confidence": "medium", "land_availability_frac_built": 0.0, "land_availability_score": 0, "land_availability_confidence": "high", "habitation_building_count": 0, "habitation_population_sum": 453.65753173828125, "habitation_proximity_score": 0, "habitation_proximity_confidence": "high", "hydraulic_sensitivity_index": 1.0, "hydraulic_sensitivity_confidence": "low", "composite_score": 0.41666666666666669, "severity_band": "low", "robust_hotspot": false }, "geometry": { "type": "LineString", "coordinates": [ [ 75.929700963659542, 26.763950652702025 ], [ 75.92890399438059, 26.764501311505949 ] ] } },
{ "type": "Feature", "properties": { "chainage_m": 40800, "segment_length_m": 100.0, "radius_m": 100000.0, "railway_crossing_score": 0, "railway_crossing_confidence": "high", "metro_interface_score": 0, "metro_interface_confidence": "high", "existing_elevated_structure_score": 0, "existing_elevated_structure_confidence": "high", "major_arterial_crossing_score": 0, "major_arterial_crossing_confidence": "high", "restricted_military_area_score": 0, "restricted_military_area_confidence": "low", "eht_line_crossing_score": 0, "eht_line_crossing_confidence": "low", "dam_check_structure_score": 0, "dam_check_structure_confidence": "medium", "curve_severity_score": 0, "curve_severity_confidence": "high", "irc86_min_radius_m": 150, "entry_exit_distance_to_arterial_m": 5903.8378400625406, "entry_exit_feasibility_score": 2, "entry_exit_feasibility_confidence": "medium", "land_availability_frac_built": 0.0, "land_availability_score": 0, "land_availability_confidence": "high", "habitation_building_count": 0, "habitation_population_sum": 453.65753173828125, "habitation_proximity_score": 0, "habitation_proximity_confidence": "high", "hydraulic_sensitivity_index": 1.0, "hydraulic_sensitivity_confidence": "low", "composite_score": 0.41666666666666669, "severity_band": "low", "robust_hotspot": false }, "geometry": { "type": "LineString", "coordinates": [ [ 75.92890399438059, 26.764501311505949 ], [ 75.928107017356268, 26.765051965984473 ] ] } },
{ "type": "Feature", "properties": { "chainage_m": 40900, "segment_length_m": 100.0, "radius_m": 100000.0, "railway_crossing_score": 0, "railway_crossing_confidence": "high", "metro_interface_score": 0, "metro_interface_confidence": "high", "existing_elevated_structure_score": 0, "existing_elevated_structure_confidence": "high", "major_arterial_crossing_score": 0, "major_arterial_crossing_confidence": "high", "restricted_military_area_score": 0, "restricted_military_area_confidence": "low", "eht_line_crossing_score": 0, "eht_line_crossing_confidence": "low", "dam_check_structure_score": 0, "dam_check_structure_confidence": "medium", "curve_severity_score": 0, "curve_severity_confidence": "high", "irc86_min_radius_m": 150, "entry_exit_distance_to_arterial_m": 5834.8422455857999, "entry_exit_feasibility_score": 2, "entry_exit_feasibility_confidence": "medium", "land_availability_frac_built": 0.0, "land_availability_score": 0, "land_availability_confidence": "high", "habitation_building_count": 0, "habitation_population_sum": 1075.8236083984375, "habitation_proximity_score": 0, "habitation_proximity_confidence": "high", "hydraulic_sensitivity_index": 1.0, "hydraulic_sensitivity_confidence": "low", "composite_score": 0.41666666666666669, "severity_band": "low", "robust_hotspot": false }, "geometry": { "type": "LineString", "coordinates": [ [ 75.928107017356268, 26.765051965984473 ], [ 75.927310032586462, 26.765602616137254 ] ] } },
{ "type": "Feature", "properties": { "chainage_m": 41000, "segment_length_m": 100.0, "radius_m": 100000.0, "railway_crossing_score": 0, "railway_crossing_confidence": "high", "metro_interface_score": 0, "metro_interface_confidence": "high", "existing_elevated_structure_score": 0, "existing_elevated_structure_confidence": "high", "major_arterial_crossing_score": 0, "major_arterial_crossing_confidence": "high", "restricted_military_area_score": 0, "restricted_military_area_confidence": "low", "eht_line_crossing_score": 0, "eht_line_crossing_confidence": "low", "dam_check_structure_score": 0, "dam_check_structure_confidence": "medium", "curve_severity_score": 0, "curve_severity_confidence": "high", "irc86_min_radius_m": 150, "entry_exit_distance_to_arterial_m": 5765.8466511089446, "entry_exit_feasibility_score": 2, "entry_exit_feasibility_confidence": "medium", "land_availability_frac_built": 0.0, "land_availability_score": 0, "land_availability_confidence": "high", "habitation_building_count": 0, "habitation_population_sum": 1075.8236083984375, "habitation_proximity_score": 0, "habitation_proximity_confidence": "high", "hydraulic_sensitivity_index": 1.0, "hydraulic_sensitivity_confidence": "low", "composite_score": 0.41666666666666669, "severity_band": "low", "robust_hotspot": false }, "geometry": { "type": "LineString", "coordinates": [ [ 75.927310032586462, 26.765602616137254 ], [ 75.926513040070986, 26.766153261963986 ] ] } },
{ "type": "Feature", "properties": { "chainage_m": 41100, "segment_length_m": 100.0, "radius_m": 100000.0, "railway_crossing_score": 0, "railway_crossing_confidence": "high", "metro_interface_score": 0, "metro_interface_confidence": "high", "existing_elevated_structure_score": 3, "existing_elevated_structure_confidence": "high", "major_arterial_crossing_score": 0, "major_arterial_crossing_confidence": "high", "restricted_military_area_score": 0, "restricted_military_area_confidence": "low", "eht_line_crossing_score": 0, "eht_line_crossing_confidence": "low", "dam_check_structure_score": 0, "dam_check_structure_confidence": "medium", "curve_severity_score": 0, "curve_severity_confidence": "high", "irc86_min_radius_m": 150, "entry_exit_distance_to_arterial_m": 5696.8510566320901, "entry_exit_feasibility_score": 2, "entry_exit_feasibility_confidence": "medium", "land_availability_frac_built": 0.0, "land_availability_score": 0, "land_availability_confidence": "high", "habitation_building_count": 0, "habitation_population_sum": 1075.8236083984375, "habitation_proximity_score": 0, "habitation_proximity_confidence": "high", "hydraulic_sensitivity_index": 1.0, "hydraulic_sensitivity_confidence": "low", "composite_score": 0.66666666666666663, "severity_band": "high", "robust_hotspot": false }, "geometry": { "type": "LineString", "coordinates": [ [ 75.926513040070986, 26.766153261963986 ], [ 75.925716039809714, 26.766703903464339 ] ] } },
{ "type": "Feature", "properties": { "chainage_m": 41200, "segment_length_m": 41.350323107624718, "radius_m": 100000.0, "railway_crossing_score": 0, "railway_crossing_confidence": "high", "metro_interface_score": 0, "metro_interface_confidence": "high", "existing_elevated_structure_score": 3, "existing_elevated_structure_confidence": "high", "major_arterial_crossing_score": 0, "major_arterial_crossing_confidence": "high", "restricted_military_area_score": 0, "restricted_military_area_confidence": "low", "eht_line_crossing_score": 0, "eht_line_crossing_confidence": "low", "dam_check_structure_score": 0, "dam_check_structure_confidence": "medium", "curve_severity_score": 0, "curve_severity_confidence": "high", "irc86_min_radius_m": 150, "entry_exit_distance_to_arterial_m": 5668.3211553858755, "entry_exit_feasibility_score": 2, "entry_exit_feasibility_confidence": "medium", "land_availability_frac_built": 0.0, "land_availability_score": 0, "land_availability_confidence": "high", "habitation_building_count": 0, "habitation_population_sum": 1075.8236083984375, "habitation_proximity_score": 0, "habitation_proximity_confidence": "high", "hydraulic_sensitivity_index": 1.0, "hydraulic_sensitivity_confidence": "low", "composite_score": 0.66666666666666663, "severity_band": "high", "robust_hotspot": false }, "geometry": { "type": "LineString", "coordinates": [ [ 75.925716039809714, 26.766703903464339 ], [ 75.925386475362799, 26.76693159423947 ] ] } }
]
}
